idcountry,anzsco_4digit,anzsco_title,runup_from_2019,runup_from_2020
ACT,1111,Chief Executives and Managing Directors,0.09929816993258322,0.46306254281522197
ACT,1112,General Managers,0.3096895879137418,0.5142461016699489
ACT,1211,Aquaculture Farmers,0,0
ACT,1212,Crop Farmers,0.260282743533778,0.28768144745158564
ACT,1213,Livestock Farmers,0.24512224064165702,0.16508030219918565
ACT,1214,Mixed Crop and Livestock Farmers,0.19189120011781619,0.0487911641699319
ACT,1311,Advertising and Sales Managers,0.045152031973136,0.40213388659497085
ACT,1321,Corporate Services Managers,0.27954711760615103,0.5053950050886513
ACT,1322,Finance Managers,0.10114998042673395,0.3854143611929546
ACT,1323,Human Resource Managers,0.5603123605693843,0.8660426178985223
ACT,1324,Policy and Planning Managers,0.8435492119718466,0.7767055122001318
ACT,1325,Research and Development Managers,0.8765867867504771,0.6282597922012483
ACT,1331,Construction Managers,0.362520966129229,0.47514794796562576
ACT,1332,Engineering Managers,0.8150369571853746,0.6688542470073131
ACT,1333,"Importers, Exporters and Wholesalers",0.23638891841519122,0.4595318030625122
ACT,1334,Manufacturers,0,-0.22314355131420976
ACT,1335,Production Managers,0.6304089299240214,0.517355995550242
ACT,1336,"Supply, Distribution and Procurement Managers",0.49986663632347117,0.4917254778560536
ACT,1341,Child Care Centre Managers,0.06713943947183232,0.17327179235160783
ACT,1342,Health and Welfare Services Managers,0.14934519253649325,0.2369671707512735
ACT,1343,School Principals,0.3978614976195053,0.5985317385360985
ACT,1344,Other Education Managers,0.842182871808355,1.1394341562652919
ACT,1351,ICT Managers,0.34202540330763176,0.26209805230126015
ACT,1399,Other Specialist Managers,0.2736958088085686,0.5213540171272442
ACT,1411,Cafe and Restaurant Managers,-0.07384730339725287,0.2974621141491198
ACT,1412,Caravan Park and Camping Ground Managers,0,0
ACT,1413,Hotel and Motel Managers,0.4418327522790393,0.9135473829147152
ACT,1414,Licensed Club Managers,-0.09352540675029863,0.11411338110482949
ACT,1419,Other Accommodation and Hospitality Managers,0.3946541394092855,-0.02150599014233301
ACT,1421,Retail Managers,0.15287985093831225,0.5590621835058238
ACT,1491,"Amusement, Fitness and Sports Centre Managers",0.477726004051654,0.4547360259960873
ACT,1492,Call or Contact Centre and Customer Service Managers,0.5554388045114012,0.34995698599664893
ACT,1493,Conference and Event Organisers,0.4811107972768718,1.0098398398504846
ACT,1494,Transport Services Managers,0.09909048597765091,0.36842401824601345
ACT,1499,"Other Hospitality, Retail and Service Managers",0.25919010943204146,0.5811612941221451
ACT,2111,"Actors, Dancers and Other Entertainers",0.353085434315092,0.4309588759565255
ACT,2112,Music Professionals,-0.37605129103945667,0.19105475621352122
ACT,2113,Photographers,0.13534116625177284,0.1950611434282643
ACT,2114,Visual Arts and Crafts Professionals,0,0
ACT,2121,"Artistic Directors, and Media Producers and Presenters",0.0674399916134108,-0.14165279352001153
ACT,2122,"Authors, and Book and Script Editors",0.5443013401964454,0.21494698819168478
ACT,2123,"Film, Television, Radio and Stage Directors",0.49247612146149655,0.189010679172948
ACT,2124,Journalists and Other Writers,0.22920923431219187,0.1472266797099171
ACT,2211,Accountants,-0.08864278665006609,0.17826047733192585
ACT,2212,"Auditors, Company Secretaries and Corporate Treasurers",0.12279944186190495,0.7700477794176357
ACT,2221,Financial Brokers,0.3724041428548608,0.1890670044395264
ACT,2222,Financial Dealers,0.25995650222334676,0.46759568671328683
ACT,2223,Financial Investment Advisers and Managers,0.25654183171605727,0.35389814587910307
ACT,2231,Human Resource Professionals,0.35059152425053863,0.5901008843737268
ACT,2232,ICT Trainers,-0.5198760489665927,0.0229892962373075
ACT,2233,Training and Development Professionals,0.4429860277075943,0.44460282677941043
ACT,2241,"Actuaries, Mathematicians and Statisticians",0.048201972551380035,0.2580600355903375
ACT,2242,"Archivists, Curators and Records Managers",0.5539357286833122,0.8729401344988312
ACT,2243,Economists,0.7298792226155599,1.0381805822700765
ACT,2244,Intelligence and Policy Analysts,0.27306540967982507,0.3066055271974122
ACT,2245,Land Economists and Valuers,0.17384678302143053,0.3486021013403442
ACT,2246,Librarians,0.35667529458811265,0.5108254874023761
ACT,2247,Management and Organisation Analysts,0.32443160972180873,0.4775924884347398
ACT,2249,Other Information and Organisation Professionals,0.5154660263360578,0.4868107148996894
ACT,2251,Advertising and Marketing Professionals,0.36572478873508807,0.6295743403104499
ACT,2252,ICT Sales Professionals,0.6562423228725696,0.2363884773123055
ACT,2253,Public Relations Professionals,0.39250832186374396,0.6870613776200836
ACT,2254,Technical Sales Representatives,-0.3048606409735526,0.2023223558138707
ACT,2311,Air Transport Professionals,0.1466030973976452,0.1868773966797561
ACT,2312,Marine Transport Professionals,-0.07755702827889976,0.342944003326644
ACT,2321,Architects and Landscape Architects,-0.19192633224638556,-0.3206784038689312
ACT,2322,Surveyors and Spatial Scientists,0.4317821904515313,0.46844641631687955
ACT,2323,"Fashion, Industrial and Jewellery Designers",0.6205764264347793,0.4054650274629932
ACT,2324,"Graphic and Web Designers, and Illustrators",0.21029539342917092,0.12236247949089663
ACT,2325,Interior Designers,-2.220446049250313e-16,0.40741262601015693
ACT,2326,Urban and Regional Planners,0.011976430576262631,0.3364725223355054
ACT,2331,Chemical and Materials Engineers,0.07232003367182437,-0.15082471764286542
ACT,2332,Civil Engineering Professionals,-0.06548249272146478,0.4361547047086938
ACT,2333,Electrical Engineers,-0.07382021759950796,-0.03174873989724403
ACT,2334,Electronics Engineers,-0.1761865385863588,-0.15283917822352833
ACT,2335,"Industrial, Mechanical and Production Engineers",0.08099200054219402,0.19415620554966262
ACT,2336,Mining Engineers,0.6099966849372184,0.5283188917200996
ACT,2339,Other Engineering Professionals,0.12866219993593475,0.4568784456456414
ACT,2341,Agricultural and Forestry Scientists,1.0549381729679257,1.1075814074925894
ACT,2342,"Chemists, and Food and Wine Scientists",1.1039312375197095,1.3072719474201324
ACT,2343,Environmental Scientists,0.33463883559130836,0.42866777259964417
ACT,2344,Geologists and Geophysicists,0.09531017980432488,-0.029852669031990908
ACT,2345,Life Scientists,0.6836082503267353,0.4329969385950858
ACT,2346,Medical Laboratory Scientists,0.5166909483267421,0.7379979700473593
ACT,2347,Veterinarians,1.6897621865704964,1.3026443989470575
ACT,2349,Other Natural and Physical Science Professionals,-0.5413408629124411,-0.4468501834259583
ACT,2411,Early Childhood (Pre-primary School) Teachers,0.44615931043370294,0.27257294071878
ACT,2412,Primary School Teachers,0.43606578781857075,0.38244436403312343
ACT,2413,Middle School Teachers (Aus) / Intermediate School Teachers (NZ),0,-0.12675054733700172
ACT,2414,Secondary School Teachers,0.6315262320672475,0.8388592447323713
ACT,2415,Special Education Teachers,0.3610149265640925,0.4054662444708969
ACT,2421,University Lecturers and Tutors,0.4846192153523652,1.091525072861676
ACT,2422,Vocational Education Teachers (Aus) / Polytechnic Teachers (NZ),0.38711761253835214,0.4432065756923782
ACT,2491,Education Advisers and Reviewers,0.22631385543060334,0.30900475025760027
ACT,2492,Private Tutors and Teachers,-0.110665674270504,0.1365751847203569
ACT,2493,Teachers of English to Speakers of Other Languages,0.02739870391780766,0.02739870391780766
ACT,2511,Nutrition Professionals,0.6174348461839885,0.01129978124984754
ACT,2512,Medical Imaging Professionals,0.028462258372578653,0.7348200153669668
ACT,2513,Occupational and Environmental Health Professionals,0.30580961448555577,0.4930211766597874
ACT,2514,Optometrists and Orthoptists,0.5837128915304203,0.9128947692998524
ACT,2515,Pharmacists,-0.03971926547051163,0.23046362079396765
ACT,2519,Other Health Diagnostic and Promotion Professionals,0.3340065400389592,0.3513991538942831
ACT,2521,Chiropractors and Osteopaths,0.07755792380182258,0.09381827809511367
ACT,2522,Complementary Health Therapists,-0.47000386001490413,-0.030304150872521696
ACT,2523,Dental Practitioners,0.0834810607099774,0.032560970282720536
ACT,2524,Occupational Therapists,-0.14258982038490275,0.016417538564167167
ACT,2525,Physiotherapists,0.21834744847471566,0.2413369191307022
ACT,2526,Podiatrists,-0.011975709119120825,0.34981433548638186
ACT,2527,Audiologists and Speech Pathologists/Therapists,0.48007031956818347,0.17813005288006334
ACT,2531,General Practitioners and Resident Medical Officers,0.4703997344196664,0.525788516617836
ACT,2532,Anaesthetists,0.07232003367182437,-0.38193623860627196
ACT,2533,Specialist Physicians,0.678758370644075,0.3733767210928933
ACT,2534,Psychiatrists,0.36876451039158,-0.11466256486216908
ACT,2535,Surgeons,0.2942394110784008,0.12516388805276107
ACT,2539,Other Medical Practitioners,-0.1780750964209925,-0.08134554808743832
ACT,2541,Midwives,0.7992540035934566,0.6156894135297728
ACT,2542,Nurse Educators and Researchers,0.5648925545879349,0.6757554015504321
ACT,2543,Nurse Managers,0.3342888678082092,0.5460470115595437
ACT,2544,Registered Nurses,0.5573803656284557,0.6357456532458547
ACT,2611,ICT Business and Systems Analysts,0.1698839416744855,0.22871345481378214
ACT,2612,Multimedia Specialists and Web Developers,-0.3511245632954658,-0.21944677077769636
ACT,2613,Software and Applications Programmers,0.1368557367253116,0.08432914448242457
ACT,2621,"Database and Systems Administrators, and ICT Security Specialists",0.2291440262904958,0.08246164107076304
ACT,2631,Computer Network Professionals,0.2450218455632509,0.3853855057255604
ACT,2632,ICT Support and Test Engineers,0.16634842032509578,0.11921436195566226
ACT,2633,Telecommunications Engineering Professionals,0.44382564499006083,0.689568965970929
ACT,2711,Barristers,-0.23440081566703497,0.09909234132423966
ACT,2713,Solicitors,0.3031781174062824,0.6376407103208206
ACT,2721,Counsellors,0.25053307445272344,0.22451247347815428
ACT,2722,Ministers of Religion,-0.1726134902813623,-1.3043481096319809e-6
ACT,2723,Psychologists,-0.11286477018906194,-0.0964901940880103
ACT,2724,Social Professionals,0.18187812074834664,0.022422475896489047
ACT,2725,Social Workers,0.4103821123772189,0.3144000393969213
ACT,2726,"Welfare, Recreation and Community Arts Workers",0.34105483321326213,0.2935610135981279
ACT,3111,Agricultural Technicians,0.05826953076591407,-0.018691954815004297
ACT,3112,Medical Technicians,0.1561606503208699,0.4714504730448137
ACT,3113,Primary Products Inspectors,-0.044450695376103494,-0.12783402605542274
ACT,3114,Science Technicians,0.27155243149755637,0.3636675140896599
ACT,3121,"Architectural, Building and Surveying Technicians",0.2797912712959527,0.5638523982654524
ACT,3122,Civil Engineering Draftspersons and Technicians,-0.18632953843245414,0.7944996145792672
ACT,3123,Electrical Engineering Draftspersons and Technicians,0.28240554166686516,0.6773989798418184
ACT,3124,Electronic Engineering Draftspersons and Technicians,0.24419706689502674,0.49703202766108967
ACT,3125,Mechanical Engineering Draftspersons and Technicians,-0.19671072902875752,0.17366426616541686
ACT,3126,Safety Inspectors,0.6931467393835071,0.5559456555774023
ACT,3129,Other Building and Engineering Technicians,-0.3047764756143181,0.1708926122765564
ACT,3131,ICT Support Technicians,0.3273334406969992,0.3265932445108346
ACT,3132,Telecommunications Technical Specialists,0.040821994520255034,-0.03922071315328157
ACT,3211,Automotive Electricians,0.4578334162061778,0.5245244681241528
ACT,3212,Motor Mechanics,0.2631059606274557,0.5416126931425
ACT,3221,"Metal Casting, Forging and Finishing Trades Workers",0.15415139411271747,0.0741094556702461
ACT,3222,Sheetmetal Trades Workers,0.5151641121799484,0.7328878119472981
ACT,3223,Structural Steel and Welding Trades Workers,-0.051959802221848594,-0.03278988733911792
ACT,3231,Aircraft Maintenance Engineers,1.2992836135011763,1.0916434794918668
ACT,3232,Metal Fitters and Machinists,-0.08112567834080897,0.2593951928185363
ACT,3233,Precision Metal Trades Workers,0.3846746745734879,0.1941562485345436
ACT,3234,Toolmakers and Engineering Patternmakers,-0.2876810010234009,-0.023530248240905827
ACT,3241,Panelbeaters,0.7731900918534302,0.3875273169237552
ACT,3242,Vehicle Body Builders and Trimmers,-0.08004193844247137,-0.08004193844247137
ACT,3243,Vehicle Painters,0.19105619786115147,6.521738422637924e-7
ACT,3311,Bricklayers and Stonemasons,-0.08004263075045626,0.17237201802030833
ACT,3312,Carpenters and Joiners,0.44620785196655444,0.5482735442262254
ACT,3321,Floor Finishers,0.25671995729424923,-0.12405302602854062
ACT,3322,Painting Trades Workers,0.5892162862218282,0.6511831898757927
ACT,3331,Glaziers,0.3231292230477354,0.37605173880061715
ACT,3332,Plasterers,0.03774032798284688,0.23556669631296223
ACT,3333,Roof Tilers,0.8362480901346677,0.4054657509653301
ACT,3334,Wall and Floor Tilers,0.541916312876833,0.3802753344548149
ACT,3341,Plumbers,0.09574921384955548,0.29031939271970897
ACT,3411,Electricians,-0.06269861702999346,0.16807065307740343
ACT,3421,Airconditioning and Refrigeration Mechanics,0.06453871370514097,0.2180889071288492
ACT,3422,Electrical Distribution Trades Workers,0.37538683353267466,0.22123682037186088
ACT,3423,Electronics Trades Workers,-0.5263667263015535,0.015174828139716379
ACT,3424,Telecommunications Trades Workers,-0.0067798234994624895,-0.16285926960416264
ACT,3511,Bakers and Pastrycooks,0.6078626455637945,0.6116721356674002
ACT,3512,Butchers and Smallgoods Makers,0.46012395813108975,0.3536399499792562
ACT,3513,Chefs,0.08865932049363812,0.22995889913727163
ACT,3514,Cooks,0.3808105621448479,0.5361034865508838
ACT,3611,Animal Attendants and Trainers,0.6564459071674571,0.5217891007613604
ACT,3612,Shearers,0,0
ACT,3613,Veterinary Nurses,0.851049890668117,0.9622760830538919
ACT,3621,Florists,0.3566760459798411,0.07410856556032186
ACT,3622,Gardeners,0.1366729816959853,0.05962719840553188
ACT,3623,Greenkeepers,0.3282967191057937,0.09381898276840883
ACT,3624,Nurserypersons,-0.04317174311621563,-0.12429730987847099
ACT,3911,Hairdressers,0.5103888515485306,0.3200934068505763
ACT,3921,"Binders, Finishers and Screen Printers",0.08004193844247137,0
ACT,3922,Graphic Pre-press Trades Workers,0.2876819162017688,0.11583218559103747
ACT,3923,Printers,0.14458161342641823,0.2876832262981566
ACT,3931,Canvas and Leather Goods Makers,0.22314355131420976,0.22314355131420976
ACT,3932,Clothing Trades Workers,0,0
ACT,3933,Upholsterers,-0.05264323452466371,-0.05264323452466371
ACT,3941,Cabinetmakers,0.1445811189209918,0.09806110328609918
ACT,3942,Wood Machinists and Other Wood Trades Workers,0.27625485781996695,0.09015181918038612
ACT,3991,Boat Builders and Shipwrights,0,0
ACT,3992,"Chemical, Gas, Petroleum and Power Generation Plant Operators",-7.317079415980476e-7,-0.07061901399959347
ACT,3993,"Gallery, Library and Museum Technicians",0.17934068878363413,0.21570742025618678
ACT,3994,Jewellers,0.07550737068994678,0.4238140649581626
ACT,3995,Performing Arts Technicians,0.6931471805599452,0.4131871917691534
ACT,3996,Signwriters,0.1431016128717384,0.22314355131420976
ACT,3999,Other Miscellaneous Technicians and Trades Workers,0.8883068113810526,0.8143004487395573
ACT,4111,Ambulance Officers and Paramedics,0.06385147878385977,0.052921863579039385
ACT,4112,"Dental Hygienists, Technicians and Therapists",0.5745414586199373,0.6784410680445447
ACT,4113,Diversional Therapists,-0.3364724815191772,0.10536084899126286
ACT,4114,Enrolled and Mothercraft Nurses,0.4473758480817902,0.718337327347693
ACT,4115,Indigenous Health Workers,0.3983489898838985,0.3566748214897953
ACT,4116,Massage Therapists,0.3156383194726041,0.18081930284919845
ACT,4117,Welfare Support Workers,0.22692290630993384,0.1847937459393436
ACT,4211,Child Carers,0.16907633462926075,0.43975858584240957
ACT,4221,Education Aides,0.21658614324925374,0.6304901200032829
ACT,4231,Aged and Disabled Carers,0.368756766803676,0.38151492114127095
ACT,4232,Dental Assistants,0.1805305520340661,0.199106937894578
ACT,4233,Nursing Support and Personal Care Workers,0.6183869749429753,0.6043616400445382
ACT,4234,Special Care Workers,-0.04348665803989599,-0.04348601974195565
ACT,4311,Bar Attendants and Baristas,0.32670658463975766,0.6387185014618435
ACT,4312,Cafe Workers,0.0029807768588048233,0.1576291924614095
ACT,4313,Gaming Workers,0.37776229004957407,0.4281936439590727
ACT,4314,Hotel Service Managers,-0.09237346718982775,0.21511097961702563
ACT,4315,Waiters,0.6326158671371696,1.0810518794526383
ACT,4412,Fire and Emergency Workers,0.6121795718424208,0.34130413183078495
ACT,4413,Police,0.10536057121341119,0.016806448824745246
ACT,4421,Prison Officers,0.25593416042770545,0.1381516108828551
ACT,4422,Security Officers and Guards,0.20857135376215208,0.2444702842121984
ACT,4511,Beauty Therapists,0.24283155215798757,0.46817038414552936
ACT,4512,Driving Instructors,-0.09180668892870064,0.3677245878176065
ACT,4513,Funeral Workers,0.352821702065579,0.055569272004477366
ACT,4514,"Gallery, Museum and Tour Guides",0.5596156905328429,0.41198050723494684
ACT,4515,Personal Care Consultants,-0.17869236977100147,-0.10318386539109156
ACT,4516,Tourism and Travel Advisers,0.30616697938437065,1.0219567520524098
ACT,4517,Travel Attendants,0.3483075766216498,0.47235960264969057
ACT,4521,Fitness Instructors,-0.023347442737151614,-0.01303809898502628
ACT,4522,Outdoor Adventure Guides,0,-0.08004193844247137
ACT,4523,"Sports Coaches, Instructors and Officials",0.6701576215620668,0.7708394135424781
ACT,4524,Sportspersons,-0.2738900217239657,-0.1868785595070862
ACT,5111,"Contract, Program and Project Administrators",0.2659281671393172,0.5473476711170235
ACT,5121,Office Managers,0.22426337785586936,0.48795902401708835
ACT,5122,Practice Managers,0.29417558515943965,0.26212159247019295
ACT,5211,Personal Assistants,-0.7508681122729848,-0.380164606540943
ACT,5212,Secretaries,0.8471746098476807,1.1895313289369165
ACT,5311,General Clerks,0.3001284797399375,0.4444374049143729
ACT,5321,Keyboard Operators,-0.13108546804098076,0.1433513686382233
ACT,5411,Call or Contact Centre Workers,-0.15026185227240818,0.11997650113184566
ACT,5412,Information Officers,0.5679387182098341,0.7944894040941777
ACT,5421,Receptionists,0.42904796773904863,0.7316996642519444
ACT,5511,Accounting Clerks,-0.3607482581978756,0.20437048158912718
ACT,5512,Bookkeepers,0.095715876700873,0.5034158014815064
ACT,5513,Payroll Clerks,-0.12101774692991496,0.4188475744661422
ACT,5521,Bank Workers,0.34857775944512515,0.6564313391940173
ACT,5522,Credit and Loans Officers,0.4200915235677276,0.8685911753640223
ACT,5523,"Insurance, Money Market and Statistical Clerks",-0.01129944417117712,0.4519859029642286
ACT,5611,Betting Clerks,0,0
ACT,5612,Couriers and Postal Deliverers,0.6207793655083418,0.8534016230412456
ACT,5613,Filing and Registry Clerks,-0.05547908520613687,0.3405072317776736
ACT,5614,Mail Sorters,0.060625320346912426,0.019801250824919403
ACT,5615,Survey Interviewers,-0.06637527131943943,0.20613106799684455
ACT,5616,Switchboard Operators,-0.2967318195195903,-0.05311035195967351
ACT,5619,Other Clerical and Office Support Workers,0.5753633710944757,0.428039334745551
ACT,5911,Purchasing and Supply Logistics Clerks,0.022147065818890255,0.165498499297553
ACT,5912,Transport and Despatch Clerks,0.8029282019480806,0.8071564951483612
ACT,5991,Conveyancers and Legal Executives,0.681451307300573,0.7466543682209612
ACT,5992,Court and Legal Clerks,0.23967278769164757,0.7298795324182512
ACT,5993,Debt Collectors,-0.13268644955492892,-0.09038375866539972
ACT,5994,Human Resource Clerks,0.6793539954139202,0.9267620317414503
ACT,5995,Inspectors and Regulatory Officers,0.5085568082591867,0.5076129478598306
ACT,5996,"Insurance Investigators, Loss Adjusters and Risk Surveyors",0.6455193153483683,0.5067688147757181
ACT,5997,Library Assistants,0.24686039043147712,0.7576866808643566
ACT,5999,Other Miscellaneous Clerical and Administrative Workers,0.29711604510968126,0.625093884105153
ACT,6111,"Auctioneers, and Stock and Station Agents",0,0
ACT,6112,Insurance Agents,0.33024180507710166,0.3002608859086404
ACT,6113,Sales Representatives,0.21048895955722946,0.38862769279792353
ACT,6121,Real Estate Sales Agents,0.17531815088539027,0.15008901983096168
ACT,6211,Sales Assistants (General),0.40277896692943127,0.6524701996650837
ACT,6212,ICT Sales Assistants,0.4367182669966948,0.46081630638075244
ACT,6213,Motor Vehicle and Vehicle Parts Salespersons,0.2727904326713344,0.3228664298608366
ACT,6214,Pharmacy Sales Assistants,0.5858182387984405,0.8415671442989052
ACT,6215,Retail Supervisors,0.7259370437055159,0.9387176017986335
ACT,6216,Service Station Attendants,0.42199547973120155,-0.4324206303396495
ACT,6217,Street Vendors and Related Salespersons,0.019417904861503632,0.21357475963944283
ACT,6219,Other Sales Assistants and Salespersons,0.00851009427457683,0.49401858313325475
ACT,6311,Checkout Operators and Office Cashiers,0.44183260942188607,0.7519879922712834
ACT,6391,Models and Sales Demonstrators,0.5946460530896265,0.513106846913955
ACT,6392,Retail and Wool Buyers,0.22314355131420976,0.22314355131420976
ACT,6393,Telemarketers,0.714966665957157,0.7448188804437965
ACT,6394,Ticket Salespersons,0.11778361898969258,0.3409275453040663
ACT,6395,Visual Merchandisers,0.009949932833366537,0.6261368278128734
ACT,6399,Other Sales Support Workers,-1.700836419023015,0.3315759482490874
ACT,7111,"Clay, Concrete, Glass and Stone Processing Machine Operators",0,-0.08004193844247137
ACT,7112,Industrial Spraypainters,0.26826418051840517,0.16400325832370144
ACT,7113,Paper and Wood Processing Machine Operators,-0.07410874138478699,-0.07410731281233801
ACT,7114,Photographic Developers and Printers,0,0
ACT,7115,Plastics and Rubber Production Machine Operators,0.05264323452466371,-0.050011433708135766
ACT,7116,Sewing Machinists,0.06453793780367886,0.06453727113678986
ACT,7117,Textile and Footwear Production Machine Operators,-0.13353148191029676,-0.02353028146317271
ACT,7119,Other Machine Operators,0.29065381316734773,0.17463593236415775
ACT,7121,"Crane, Hoist and Lift Operators",0.0310902777252251,0.35086033520914484
ACT,7122,"Drillers, Miners and Shot Firers",-0.07480214197268276,0.49159387348851324
ACT,7123,Engineering Production Workers,0.20067024091659336,0.36101310838310074
ACT,7129,Other Stationary Plant Operators,0.42956303715553634,0.46683332512934206
ACT,7211,"Agricultural, Forestry and Horticultural Plant Operators",0.3513984131538166,0.6102606571184597
ACT,7212,Earthmoving Plant Operators,0.046600425997175066,0.17058629743894027
ACT,7213,Forklift Drivers,-0.23074801375749177,0.15372678752636526
ACT,7219,Other Mobile Plant Operators,0,0.19415649063154694
ACT,7311,Automobile Drivers,0.33451309816331476,0.14763611244243469
ACT,7312,Bus and Coach Drivers,0.47142340230226687,0.6180261049632517
ACT,7313,Train and Tram Drivers,0.06453922947159813,0.04255920680992861
ACT,7321,Delivery Drivers,0.4769907409784966,0.48670895100713985
ACT,7331,Truck Drivers,0.1523900242067886,0.3750476372213227
ACT,7411,Storepersons,0.3649946730960907,0.7491690643245064
ACT,8111,Car Detailers,0.20810582320341164,0.5415972824327443
ACT,8112,Commercial Cleaners,0.6211736660094829,0.507101246924357
ACT,8113,Domestic Cleaners,0.44839036843776436,0.5596161660867228
ACT,8114,Housekeepers,0.7774249367736563,1.1049715944252343
ACT,8115,Laundry Workers,0.5016933236889399,0.7023634635956899
ACT,8116,Other Cleaners,0.5164435592587632,0.5164431367237007
ACT,8211,Building and Plumbing Labourers,0.4718572140644044,0.5610637714714266
ACT,8212,Concreters,0.18751635229800412,-0.07002835580599931
ACT,8213,Fencers,0.627549845612493,0.4666190090447204
ACT,8214,Insulation and Home Improvement Installers,0.5296139130910964,0.13570916427256785
ACT,8215,Paving and Surfacing Labourers,-0.26826475582574444,-0.4635736694368197
ACT,8216,Railway Track Workers,0,-0.08004193844247137
ACT,8217,Structural Steel Construction Workers,-0.1633249997621533,-0.14953160628277318
ACT,8219,Other Construction and Mining Labourers,6.250005860075625e-7,0.08701052471673304
ACT,8311,Food and Drink Factory Workers,0.035091523013401404,0.017391579372386945
ACT,8312,"Meat Boners and Slicers, and Slaughterers",0,0
ACT,8313,"Meat, Poultry and Seafood Process Workers",-0.07410731281233801,-0.1431016128717384
ACT,8321,Packers,0.23767154868767104,0.6931479497907146
ACT,8322,Product Assemblers,0.6131044728864087,0.7651203816776163
ACT,8391,Metal Engineering Process Workers,-0.15414925125480938,0
ACT,8392,Plastics and Rubber Factory Workers,0,0
ACT,8393,Product Quality Controllers,0.31315796773995963,0.5417847062923502
ACT,8394,Timber and Wood Process Workers,0.26028461853319196,0.15763141371574052
ACT,8399,Other Factory Process Workers,0.03409421521806921,0.1439607062219248
ACT,8411,Aquaculture Workers,0,0
ACT,8412,Crop Farm Workers,0.05000997029278775,-0.09309097591206164
ACT,8413,Forestry and Logging Workers,0.5108251237658656,0.2231430513140848
ACT,8414,Garden and Nursery Labourers,0.45736705276359113,0.8291589503011374
ACT,8415,Livestock Farm Workers,0.4480249399182883,0.40546635810894566
ACT,8416,Mixed Crop and Livestock Farm Workers,0.14058216404531165,-0.16579241877718365
ACT,8419,"Other Farm, Forestry and Garden Workers",0.4379000471768545,0.15296964019199355
ACT,8511,Fast Food Cooks,0.5232482595052097,0.14595565336404626
ACT,8512,Food Trades Assistants,-0.3617915281220271,-1.0638267648225932
ACT,8513,Kitchenhands,0.6484596245459353,1.1017155108649637
ACT,8911,Freight and Furniture Handlers,0.09149195267552179,0.2327519446209152
ACT,8912,Shelf Fillers,1.120591195386885,0.6645740898060699
ACT,8991,Caretakers,0.48356681204712415,0.8559710117783864
ACT,8992,Deck and Fishing Hands,0.15414925125480938,0.15414925125480938
ACT,8993,Handypersons,0.5629185562188437,0.5297892541976279
ACT,8994,Motor Vehicle Parts and Accessories Fitters,0.2990847962927161,0.46864422712102394
ACT,8995,Printing Assistants and Table Workers,-0.21985911373153155,0.06782295872024935
ACT,8996,Recycling and Rubbish Collectors,0.30830176781769864,0.1782483956670915
ACT,8997,Vending Machine Attendants,0.10535951565732633,0.02531757721485496
ACT,8999,Other Miscellaneous Labourers,-0.025611173840885293,0.2244569504972418
NSW,1111,Chief Executives and Managing Directors,0.17105866520041157,0.3015358260085197
NSW,1112,General Managers,0.3487316354228911,0.4982866702901374
NSW,1211,Aquaculture Farmers,1.2500007812166203e-6,0.08701183153518763
NSW,1212,Crop Farmers,0.25489224962879,0.4502011980280063
NSW,1213,Livestock Farmers,0.4397624433577443,0.5209193070826332
NSW,1214,Mixed Crop and Livestock Farmers,0.7875755866867591,0.8563706581912847
NSW,1311,Advertising and Sales Managers,-0.1982799768567327,0.34528358204332665
NSW,1321,Corporate Services Managers,0.22838233218013482,0.5717978075444252
NSW,1322,Finance Managers,0.03807385226935889,0.4819838118868036
NSW,1323,Human Resource Managers,0.304403282060826,0.6362286553260965
NSW,1324,Policy and Planning Managers,0.42338148010180543,0.7292668905248822
NSW,1325,Research and Development Managers,0.2563963102649911,0.6388039320084218
NSW,1331,Construction Managers,0.07263640181452136,0.5815014879552551
NSW,1332,Engineering Managers,0.7145330401758612,1.0104645326880228
NSW,1333,"Importers, Exporters and Wholesalers",0.012945327039545429,0.5303066275577408
NSW,1334,Manufacturers,1.0422821565141787,1.1052567648304878
NSW,1335,Production Managers,0.4609433496424282,0.6740230305505772
NSW,1336,"Supply, Distribution and Procurement Managers",0.4031222800067038,0.7102326137979826
NSW,1341,Child Care Centre Managers,0.6004176786629625,0.43012676793619864
NSW,1342,Health and Welfare Services Managers,0.48694820067108857,0.28800649419075697
NSW,1343,School Principals,1.1872391851206077,0.40244738140716674
NSW,1344,Other Education Managers,0.3546407951985855,0.4152653708920271
NSW,1351,ICT Managers,0.4192294668044694,0.6174913603344843
NSW,1399,Other Specialist Managers,0.4724993810147664,0.6595490843891154
NSW,1411,Cafe and Restaurant Managers,0.5087280928393891,0.8424452638004105
NSW,1412,Caravan Park and Camping Ground Managers,-0.257829407239462,0.06959258319155981
NSW,1413,Hotel and Motel Managers,0.5671100862955214,0.8351687491130226
NSW,1414,Licensed Club Managers,0.5723909903197733,0.8283590515177637
NSW,1419,Other Accommodation and Hospitality Managers,0.6913942967062621,0.6302547173801143
NSW,1421,Retail Managers,0.25503085552028537,0.7828664625446402
NSW,1491,"Amusement, Fitness and Sports Centre Managers",0.5623006222177747,0.8351675703303822
NSW,1492,Call or Contact Centre and Customer Service Managers,0.3326533776388265,0.652303071941672
NSW,1493,Conference and Event Organisers,0.21440183103378008,1.132067763674744
NSW,1494,Transport Services Managers,0.2909286164728675,0.6704582585899761
NSW,1499,"Other Hospitality, Retail and Service Managers",0.048508081922102875,0.38939215243823533
NSW,2111,"Actors, Dancers and Other Entertainers",0.4155669286093193,0.6252874338513625
NSW,2112,Music Professionals,0.24889598109385846,0.4666194384992495
NSW,2113,Photographers,0.23280539445148918,0.5702489229652112
NSW,2114,Visual Arts and Crafts Professionals,-1.5830055695743963,-0.04256110898419596
NSW,2121,"Artistic Directors, and Media Producers and Presenters",0.42411607133255913,0.9494430769536562
NSW,2122,"Authors, and Book and Script Editors",0.685909621345492,0.8221919271495897
NSW,2123,"Film, Television, Radio and Stage Directors",0.49261019858053157,0.7631910074530128
NSW,2124,Journalists and Other Writers,0.44734481220905664,0.7703585575628251
NSW,2211,Accountants,-0.018398520001047025,0.43986813360985977
NSW,2212,"Auditors, Company Secretaries and Corporate Treasurers",0.2802697814140416,0.6033558197343423
NSW,2221,Financial Brokers,0.2851157024664408,0.4125070484370479
NSW,2222,Financial Dealers,0.5053484456060513,0.9923016541739633
NSW,2223,Financial Investment Advisers and Managers,-0.08975312031025506,0.284028083158125
NSW,2231,Human Resource Professionals,0.07062324309735679,0.6636091231179897
NSW,2232,ICT Trainers,-0.24971062677585598,0.655406804500174
NSW,2233,Training and Development Professionals,0.29471642810440724,0.6401348151320994
NSW,2241,"Actuaries, Mathematicians and Statisticians",0.08416430546047504,0.5014438969824022
NSW,2242,"Archivists, Curators and Records Managers",0.19009666569072126,0.36254966365499497
NSW,2243,Economists,0.40235329415258914,0.5060877291777048
NSW,2244,Intelligence and Policy Analysts,0.35587074396676766,0.5387688345888364
NSW,2245,Land Economists and Valuers,0.6086031080602377,0.5897600469254245
NSW,2246,Librarians,0.22372875761998978,0.5071920926088946
NSW,2247,Management and Organisation Analysts,0.07454575261381624,0.5732064238818815
NSW,2249,Other Information and Organisation Professionals,0.47188235905954823,0.6261026756621604
NSW,2251,Advertising and Marketing Professionals,0.310825393143892,0.7500060050360826
NSW,2252,ICT Sales Professionals,0.17129141491685607,0.3965602325646649
NSW,2253,Public Relations Professionals,0.253380564765906,0.758940979295148
NSW,2254,Technical Sales Representatives,-0.2986192673375534,0.2939970806850507
NSW,2311,Air Transport Professionals,0.33248026384342255,0.707535946583473
NSW,2312,Marine Transport Professionals,0.3836361725962498,1.0178271299301154
NSW,2321,Architects and Landscape Architects,-0.03943090976428554,0.3929623822121737
NSW,2322,Surveyors and Spatial Scientists,0.24737141216039227,0.6583521069703426
NSW,2323,"Fashion, Industrial and Jewellery Designers",0.6760527500725289,0.8709604885044717
NSW,2324,"Graphic and Web Designers, and Illustrators",0.2196829590192939,0.6508334630173991
NSW,2325,Interior Designers,0.10195903503754611,0.94009038907878
NSW,2326,Urban and Regional Planners,0.3311461857671132,0.6451675074594263
NSW,2331,Chemical and Materials Engineers,0.4005366993724886,0.7293684454521785
NSW,2332,Civil Engineering Professionals,0.22510949796431579,0.7001091866974649
NSW,2333,Electrical Engineers,0.07450481351276839,0.6721195750269295
NSW,2334,Electronics Engineers,0.44373755164364104,0.7131079231224833
NSW,2335,"Industrial, Mechanical and Production Engineers",0.2668462235827578,0.6582157597968754
NSW,2336,Mining Engineers,0.26844915743798126,0.6374342034312468
NSW,2339,Other Engineering Professionals,0.26992235205780357,0.575903354869495
NSW,2341,Agricultural and Forestry Scientists,0.8447989774580529,0.8020578621077108
NSW,2342,"Chemists, and Food and Wine Scientists",1.3751603404134571,1.480779889876643
NSW,2343,Environmental Scientists,0.15544854697936383,0.5458011356644743
NSW,2344,Geologists and Geophysicists,0.4493077191626891,0.9847092729009623
NSW,2345,Life Scientists,0.951247027868408,0.8540045042676829
NSW,2346,Medical Laboratory Scientists,0.6321795372617469,0.49986842089861394
NSW,2347,Veterinarians,1.6212914780764498,1.6856492892557862
NSW,2349,Other Natural and Physical Science Professionals,-0.8476989516438733,-0.6747199419406895
NSW,2411,Early Childhood (Pre-primary School) Teachers,0.582405583628204,0.5694830683686414
NSW,2412,Primary School Teachers,0.9304635595800161,0.6510015715342847
NSW,2413,Middle School Teachers (Aus) / Intermediate School Teachers (NZ),-0.22778416342887847,-0.04546193996803505
NSW,2414,Secondary School Teachers,0.48494864909065694,0.37199755330972284
NSW,2415,Special Education Teachers,0.18954180047770608,-0.18949000020737827
NSW,2421,University Lecturers and Tutors,0.5400793270372835,1.127432727203602
NSW,2422,Vocational Education Teachers (Aus) / Polytechnic Teachers (NZ),0.7629857197713119,0.7110581075542219
NSW,2491,Education Advisers and Reviewers,0.5457843126036526,0.3361936932530769
NSW,2492,Private Tutors and Teachers,0.2733449087914792,0.5395123429034201
NSW,2493,Teachers of English to Speakers of Other Languages,-0.21451784100314164,0.28156560003554176
NSW,2511,Nutrition Professionals,0.45575501963365994,0.19603914882385975
NSW,2512,Medical Imaging Professionals,0.05360460511258314,0.4074103609180888
NSW,2513,Occupational and Environmental Health Professionals,0.21734763569554527,0.6241681472422016
NSW,2514,Optometrists and Orthoptists,0.824137964756178,1.34858879058757
NSW,2515,Pharmacists,0.03383813804236535,0.21415547355446396
NSW,2519,Other Health Diagnostic and Promotion Professionals,-0.3040105802576747,0.039036900333227376
NSW,2521,Chiropractors and Osteopaths,0.6613984157131005,0.3072265394924849
NSW,2522,Complementary Health Therapists,0.24492298360738607,0.24263198604175518
NSW,2523,Dental Practitioners,0.4772296743374751,0.47454724786512426
NSW,2524,Occupational Therapists,0.4424986058605107,0.347958670746392
NSW,2525,Physiotherapists,0.26276556769276826,0.22365371151629798
NSW,2526,Podiatrists,0.7157764748735858,0.5446678030569019
NSW,2527,Audiologists and Speech Pathologists/Therapists,0.8876368018921763,0.42432025140211316
NSW,2531,General Practitioners and Resident Medical Officers,0.6566343964377275,0.5419910817656355
NSW,2532,Anaesthetists,0.22868292828283887,-0.32695633444700123
NSW,2533,Specialist Physicians,0.1805026625647077,0.15436745072029545
NSW,2534,Psychiatrists,-0.03979304750164525,-0.5981075953927224
NSW,2535,Surgeons,0.09413866299004492,0.222167357871631
NSW,2539,Other Medical Practitioners,0.3994948913996761,0.27118549869622033
NSW,2541,Midwives,0.6223693522745961,0.4068765427170895
NSW,2542,Nurse Educators and Researchers,0.5845933666782952,0.16177863055003616
NSW,2543,Nurse Managers,0.3725447336101748,0.4843021123651834
NSW,2544,Registered Nurses,0.5615408248064364,0.4271594685762503
NSW,2611,ICT Business and Systems Analysts,0.20768488588825917,0.5513251363744276
NSW,2612,Multimedia Specialists and Web Developers,-0.059188849854534986,0.36793013872923286
NSW,2613,Software and Applications Programmers,0.2240080672508098,0.5021639087508492
NSW,2621,"Database and Systems Administrators, and ICT Security Specialists",0.23551663124169142,0.5888947169354282
NSW,2631,Computer Network Professionals,0.08879750577575685,0.3745405124559431
NSW,2632,ICT Support and Test Engineers,0.419036880871162,0.8438684437555573
NSW,2633,Telecommunications Engineering Professionals,0.3512337956101863,0.5092679365533375
NSW,2711,Barristers,0.420850065115582,0.5939121352064305
NSW,2713,Solicitors,-0.060320937979830624,0.34587339751298796
NSW,2721,Counsellors,0.41975734709042545,0.36689712632175375
NSW,2722,Ministers of Religion,0.33924907668011217,0.824452695989107
NSW,2723,Psychologists,0.4089992032590555,0.07897694567019897
NSW,2724,Social Professionals,0.445944084804867,0.6954785838060609
NSW,2725,Social Workers,0.5749970835132858,0.3540515063476928
NSW,2726,"Welfare, Recreation and Community Arts Workers",0.6555675246276067,0.5886613848946016
NSW,3111,Agricultural Technicians,0.5667519306538318,0.5880862606701687
NSW,3112,Medical Technicians,0.6386749940046199,0.586067893854259
NSW,3113,Primary Products Inspectors,0.24316673596130634,0.2264532512629387
NSW,3114,Science Technicians,0.22380629517955652,0.5955908815597786
NSW,3121,"Architectural, Building and Surveying Technicians",0.04978761492032824,0.48181838289430257
NSW,3122,Civil Engineering Draftspersons and Technicians,0.3179012964314518,0.7374381876270832
NSW,3123,Electrical Engineering Draftspersons and Technicians,0.22501092678067858,0.6182018755416183
NSW,3124,Electronic Engineering Draftspersons and Technicians,0.4287362198400171,0.7127077683819785
NSW,3125,Mechanical Engineering Draftspersons and Technicians,0.192452301793975,0.6490414852352209
NSW,3126,Safety Inspectors,0.4110450270859518,0.5996211004051286
NSW,3129,Other Building and Engineering Technicians,0.19671028254878742,0.4751774558615365
NSW,3131,ICT Support Technicians,0.10406935793171623,0.556910146600039
NSW,3132,Telecommunications Technical Specialists,0.34174939898520895,0.4553745904680462
NSW,3211,Automotive Electricians,0.1937859844687324,0.5799418477889571
NSW,3212,Motor Mechanics,0.3454209554518064,0.6764426580643832
NSW,3221,"Metal Casting, Forging and Finishing Trades Workers",0.282862978323543,0.254424757237359
NSW,3222,Sheetmetal Trades Workers,0.33720082682003216,0.48384012120231557
NSW,3223,Structural Steel and Welding Trades Workers,0.4388100804589987,0.5498445418649736
NSW,3231,Aircraft Maintenance Engineers,0.507514445106966,0.7600101523848166
NSW,3232,Metal Fitters and Machinists,0.21427906854543366,0.6520455048416496
NSW,3233,Precision Metal Trades Workers,0.21276732951056454,0.6118015631072975
NSW,3234,Toolmakers and Engineering Patternmakers,0.2585737517301281,0.26680453842928675
NSW,3241,Panelbeaters,0.35276159749792413,0.582930529878682
NSW,3242,Vehicle Body Builders and Trimmers,0.21511129058467993,0.21111930899641984
NSW,3243,Vehicle Painters,0.7937904444497978,0.8544151765603305
NSW,3311,Bricklayers and Stonemasons,0.631559972388049,0.6108401817924287
NSW,3312,Carpenters and Joiners,0.5632063993580969,0.7183069804686708
NSW,3321,Floor Finishers,0.3180225223039197,0.07889369542899205
NSW,3322,Painting Trades Workers,0.6718463312095784,0.5956123057335097
NSW,3331,Glaziers,0.5587224002139064,0.5808402676180817
NSW,3332,Plasterers,0.5715400484651587,0.425052219405448
NSW,3333,Roof Tilers,0.2840141853054652,0.1685584196282579
NSW,3334,Wall and Floor Tilers,0.6615863963104118,0.7113479456951146
NSW,3341,Plumbers,0.5346296012140765,0.5717270224141862
NSW,3411,Electricians,0.2466387931412788,0.7137976565748945
NSW,3421,Airconditioning and Refrigeration Mechanics,0.022122390707877138,0.42046224803324606
NSW,3422,Electrical Distribution Trades Workers,0.7647303887878802,0.6965062767087535
NSW,3423,Electronics Trades Workers,0.16968501174739714,0.4885954721633903
NSW,3424,Telecommunications Trades Workers,0.12040886649829297,0.3411451423206051
NSW,3511,Bakers and Pastrycooks,1.0461074593953734,0.9320841294676159
NSW,3512,Butchers and Smallgoods Makers,0.8823171719923018,0.5459940651869459
NSW,3513,Chefs,0.642851108588828,0.8993977261039108
NSW,3514,Cooks,0.809866174272095,0.9675628047912985
NSW,3611,Animal Attendants and Trainers,0.5970127440875705,0.6188772900315844
NSW,3612,Shearers,-0.2429471786108895,-0.24294659037542227
NSW,3613,Veterinary Nurses,1.1878802142574378,1.0166643913000168
NSW,3621,Florists,0.5925600072607606,0.46052498786681406
NSW,3622,Gardeners,0.5541845740347124,0.5665875935213291
NSW,3623,Greenkeepers,0.72714895916612,0.7339388530470754
NSW,3624,Nurserypersons,0.5593383264283469,0.530628277699241
NSW,3911,Hairdressers,0.4160073668898594,0.3130532370567396
NSW,3921,"Binders, Finishers and Screen Printers",0.4320244803590294,0.7094080266564746
NSW,3922,Graphic Pre-press Trades Workers,-0.04295132449967687,0.5834075028291377
NSW,3923,Printers,0.28417938926899833,0.5285250589481008
NSW,3931,Canvas and Leather Goods Makers,0.2036000248510379,0.5020943808705026
NSW,3932,Clothing Trades Workers,0.48158871883520593,0.8414974205725931
NSW,3933,Upholsterers,0.5885221337954558,0.2682640714363087
NSW,3941,Cabinetmakers,0.4016574451881363,0.5967859201823824
NSW,3942,Wood Machinists and Other Wood Trades Workers,-0.08083949757577269,0.32641933305076787
NSW,3991,Boat Builders and Shipwrights,0.6093092559421596,0.5095590496874538
NSW,3992,"Chemical, Gas, Petroleum and Power Generation Plant Operators",0.020865106477612638,0.026907541415496006
NSW,3993,"Gallery, Library and Museum Technicians",0.1249891006499042,0.438646397904217
NSW,3994,Jewellers,0.3488563453228384,0.43332184916357486
NSW,3995,Performing Arts Technicians,0.7969727304167376,1.041300282930286
NSW,3996,Signwriters,0.08338180340546608,0.13197436651466954
NSW,3999,Other Miscellaneous Technicians and Trades Workers,0.6754985242098632,0.7735560012087612
NSW,4111,Ambulance Officers and Paramedics,0.10145143125453648,0.4432767009420542
NSW,4112,"Dental Hygienists, Technicians and Therapists",0.7766411556575936,0.5932278027678652
NSW,4113,Diversional Therapists,0.8064987431485577,0.7075774394917262
NSW,4114,Enrolled and Mothercraft Nurses,0.9096035500588489,0.48765719811006214
NSW,4115,Indigenous Health Workers,0.6916490005549374,0.31145060239986755
NSW,4116,Massage Therapists,0.7195592869752199,0.6990889271488916
NSW,4117,Welfare Support Workers,0.5268004068147043,0.5737806117131319
NSW,4211,Child Carers,0.4476240938944285,0.8194197182575849
NSW,4221,Education Aides,0.4420304255930434,0.6034788514200287
NSW,4231,Aged and Disabled Carers,0.7433081499502467,0.6269347959632636
NSW,4232,Dental Assistants,0.5188825511591126,0.47869448569463646
NSW,4233,Nursing Support and Personal Care Workers,0.9943528362760565,0.6408273220890219
NSW,4234,Special Care Workers,0.9409831361312151,0.5401585694012376
NSW,4311,Bar Attendants and Baristas,0.8577719216767008,1.0510594806288456
NSW,4312,Cafe Workers,0.8598350114867088,1.1802193706503576
NSW,4313,Gaming Workers,0.684433518415346,0.7563661470703078
NSW,4314,Hotel Service Managers,0.6937665426074968,1.0002109101021612
NSW,4315,Waiters,1.0983313870967342,1.3430581589013402
NSW,4412,Fire and Emergency Workers,0.5662805746981134,0.5410691542922017
NSW,4413,Police,0.055262773982941216,-0.28768191116149733
NSW,4421,Prison Officers,0.23956285931884969,0.22182407893751277
NSW,4422,Security Officers and Guards,0.5356803215163879,0.5641423971543054
NSW,4511,Beauty Therapists,0.4230121696055358,0.48461521400021734
NSW,4512,Driving Instructors,0.514267907967624,0.32979356223600664
NSW,4513,Funeral Workers,0.7666265765013973,1.0263551269782927
NSW,4514,"Gallery, Museum and Tour Guides",0.45666775708565943,1.1552647335215216
NSW,4515,Personal Care Consultants,-0.3930425186651217,-0.5857276936803641
NSW,4516,Tourism and Travel Advisers,-0.5798806765961801,0.7750566980315936
NSW,4517,Travel Attendants,0.47712104777447406,1.2474581802531293
NSW,4521,Fitness Instructors,0.09737416422793732,0.2967102756989659
NSW,4522,Outdoor Adventure Guides,0.8960883204751071,0.8007785497619796
NSW,4523,"Sports Coaches, Instructors and Officials",0.671318215044642,0.8047669935489621
NSW,4524,Sportspersons,0.39668030770695095,0.6231091221378713
NSW,5111,"Contract, Program and Project Administrators",0.15040841547547856,0.7091925983750986
NSW,5121,Office Managers,0.1976665984005468,0.6912792788304571
NSW,5122,Practice Managers,0.5902562833721703,0.6195641510457257
NSW,5211,Personal Assistants,-0.7930550650046051,-0.0658337574116521
NSW,5212,Secretaries,0.10910413110268458,0.80829532472801
NSW,5311,General Clerks,0.40204517353773905,0.7214252871623001
NSW,5321,Keyboard Operators,-0.03091577393261513,0.5819048341868398
NSW,5411,Call or Contact Centre Workers,0.18349090437093452,0.703600760750847
NSW,5412,Information Officers,0.6757838621206185,0.9940350970357237
NSW,5421,Receptionists,0.36485271960034016,0.7806776848584533
NSW,5511,Accounting Clerks,-0.030695230797934236,0.6718670975164702
NSW,5512,Bookkeepers,0.06954382314281471,0.5970831633042604
NSW,5513,Payroll Clerks,0.02421222388350497,0.4410034536842229
NSW,5521,Bank Workers,0.5229255590710373,0.7871432239517704
NSW,5522,Credit and Loans Officers,0.20745959504471134,0.6649994918837887
NSW,5523,"Insurance, Money Market and Statistical Clerks",0.27964492259186136,0.6126748273373721
NSW,5611,Betting Clerks,0.05505982772215734,0.28768260816668834
NSW,5612,Couriers and Postal Deliverers,0.5304947113982426,0.9196352308292655
NSW,5613,Filing and Registry Clerks,-0.08333704014618615,0.5362148521997794
NSW,5614,Mail Sorters,0.1084395062446355,0.6581919392342841
NSW,5615,Survey Interviewers,0.2142192645367773,0.5809574634763282
NSW,5616,Switchboard Operators,0.14639847166321185,0.3505791477885196
NSW,5619,Other Clerical and Office Support Workers,0.2997266298750194,0.38118761323436967
NSW,5911,Purchasing and Supply Logistics Clerks,0.4621697991969578,0.7747999024716092
NSW,5912,Transport and Despatch Clerks,0.31190609039420014,0.7680328636390943
NSW,5991,Conveyancers and Legal Executives,0.12358274118271861,0.5347688644189912
NSW,5992,Court and Legal Clerks,0.31534236697565676,0.628491065206858
NSW,5993,Debt Collectors,-0.46859812965947256,0.3038419286556291
NSW,5994,Human Resource Clerks,0.3055748596446026,1.0950119335656257
NSW,5995,Inspectors and Regulatory Officers,0.12208366469389986,0.0898509592952097
NSW,5996,"Insurance Investigators, Loss Adjusters and Risk Surveyors",-0.26861012896245295,0.2306599042450923
NSW,5997,Library Assistants,0.2780200457820179,0.46342325344386603
NSW,5999,Other Miscellaneous Clerical and Administrative Workers,0.47155925439639823,0.9307240585578294
NSW,6111,"Auctioneers, and Stock and Station Agents",0.15906501410230794,0.2121753942754403
NSW,6112,Insurance Agents,0.005792404787740679,0.40081487985240827
NSW,6113,Sales Representatives,0.06591446507631016,0.5289446259101931
NSW,6121,Real Estate Sales Agents,0.15894159663085006,0.2597986820255862
NSW,6211,Sales Assistants (General),0.5694054731431484,0.8634135997348986
NSW,6212,ICT Sales Assistants,-0.34181978932850665,0.09853245943690991
NSW,6213,Motor Vehicle and Vehicle Parts Salespersons,0.3943669582314273,0.6352250186947774
NSW,6214,Pharmacy Sales Assistants,1.1437125312168095,1.281121520418853
NSW,6215,Retail Supervisors,0.5230604175589657,0.7980309457979429
NSW,6216,Service Station Attendants,-0.15076378797936707,-0.8349652341318805
NSW,6217,Street Vendors and Related Salespersons,0.7602867020123052,0.738307519931203
NSW,6219,Other Sales Assistants and Salespersons,0.20705950163148534,0.4423356187428271
NSW,6311,Checkout Operators and Office Cashiers,1.4759792619866436,1.2432129291243283
NSW,6391,Models and Sales Demonstrators,0.6244886879865508,0.8448511508575267
NSW,6392,Retail and Wool Buyers,0.15337650467832198,0.5824107822023326
NSW,6393,Telemarketers,-0.04517214310671225,0.3521647776335519
NSW,6394,Ticket Salespersons,0.5160750585306157,1.4074592388768763
NSW,6395,Visual Merchandisers,0.43294778560102065,0.9350396930541978
NSW,6399,Other Sales Support Workers,0.18719114132906078,0.9083418874502698
NSW,7111,"Clay, Concrete, Glass and Stone Processing Machine Operators",0.016000656246494493,-0.015747724527764073
NSW,7112,Industrial Spraypainters,0.3918426090218565,0.6196093751897562
NSW,7113,Paper and Wood Processing Machine Operators,0.1246425675800622,0.5278977520148029
NSW,7114,Photographic Developers and Printers,0.40546534620354413,0.2719338642932474
NSW,7115,Plastics and Rubber Production Machine Operators,0.3360675736264094,0.5641810607289512
NSW,7116,Sewing Machinists,0.5350579664161668,0.5364065708103718
NSW,7117,Textile and Footwear Production Machine Operators,0.5088431849806587,0.5492526161428858
NSW,7119,Other Machine Operators,0.6557715065734637,0.7513882488805121
NSW,7121,"Crane, Hoist and Lift Operators",0.37312376372539013,0.7975898318306851
NSW,7122,"Drillers, Miners and Shot Firers",0.5109096630920833,0.9365345880808529
NSW,7123,Engineering Production Workers,0.19818374565390018,0.39481484766075203
NSW,7129,Other Stationary Plant Operators,0.43231841435661966,0.5458673222584522
NSW,7211,"Agricultural, Forestry and Horticultural Plant Operators",0.6773491268784504,0.44608810969631074
NSW,7212,Earthmoving Plant Operators,0.45043488867731885,0.5274141852060836
NSW,7213,Forklift Drivers,0.29041005689682997,0.550909396442715
NSW,7219,Other Mobile Plant Operators,0.4744696881451418,0.7630298078949824
NSW,7311,Automobile Drivers,0.5315765678710296,0.5478371707100265
NSW,7312,Bus and Coach Drivers,1.0247728603739379,1.3926768023921352
NSW,7313,Train and Tram Drivers,1.247272632575346,1.0318240197066357
NSW,7321,Delivery Drivers,1.1559544672136912,1.0443214880550933
NSW,7331,Truck Drivers,0.6298582299948494,0.795026179853604
NSW,7411,Storepersons,0.7218075314853385,0.8473315757229454
NSW,8111,Car Detailers,0.5697180539626929,0.7795211883549644
NSW,8112,Commercial Cleaners,1.049610201548271,0.8671383679487858
NSW,8113,Domestic Cleaners,1.7508884437631989,0.7910373986543449
NSW,8114,Housekeepers,1.259398049497281,1.137061285486225
NSW,8115,Laundry Workers,0.9508937666598838,0.6723275320286688
NSW,8116,Other Cleaners,0.5211616202431824,0.29715267725462047
NSW,8211,Building and Plumbing Labourers,0.7130326996855549,1.0092073956464933
NSW,8212,Concreters,0.38756691149103384,0.5912427240754381
NSW,8213,Fencers,0.855521557711374,0.5365424523075346
NSW,8214,Insulation and Home Improvement Installers,0.3981524520875661,0.44858326261101045
NSW,8215,Paving and Surfacing Labourers,-0.08701113634787672,0.6159876504978643
NSW,8216,Railway Track Workers,-0.20983974522214677,0.15195052465809078
NSW,8217,Structural Steel Construction Workers,0.44842007537215567,0.640037355245997
NSW,8219,Other Construction and Mining Labourers,0.6492529082509497,0.9348920689314506
NSW,8311,Food and Drink Factory Workers,0.7801584972878679,0.6994803177240541
NSW,8312,"Meat Boners and Slicers, and Slaughterers",-0.05175510460658472,0.10715841270323834
NSW,8313,"Meat, Poultry and Seafood Process Workers",0.4708773776458761,0.27610452655491
NSW,8321,Packers,0.9690533353007478,0.8889926211973807
NSW,8322,Product Assemblers,0.53437591133188,0.8986786543381684
NSW,8391,Metal Engineering Process Workers,0.019047721458290923,0.13083890101965612
NSW,8392,Plastics and Rubber Factory Workers,0,-0.08004193844247137
NSW,8393,Product Quality Controllers,0.34435922807761177,0.69668516500571
NSW,8394,Timber and Wood Process Workers,0.14892339207863614,0.0319514638105578
NSW,8399,Other Factory Process Workers,0.9477263016038933,0.8855190920732445
NSW,8411,Aquaculture Workers,-0.4265189428380021,0.11247827218065429
NSW,8412,Crop Farm Workers,1.1012335484290579,0.7834958538750874
NSW,8413,Forestry and Logging Workers,0.42168485274084877,0.8084580699752364
NSW,8414,Garden and Nursery Labourers,0.9536157738282967,0.7923810824271547
NSW,8415,Livestock Farm Workers,0.8958918735266908,0.7383128494452884
NSW,8416,Mixed Crop and Livestock Farm Workers,1.1630864340215998,0.8094025809468275
NSW,8419,"Other Farm, Forestry and Garden Workers",0.4994940088382225,0.4362367554841251
NSW,8511,Fast Food Cooks,0.5358665362951904,0.7501212558685113
NSW,8512,Food Trades Assistants,0.8741745465629474,1.1305699703435446
NSW,8513,Kitchenhands,1.3444443950814788,1.4550916833040421
NSW,8911,Freight and Furniture Handlers,0.5894572773271256,0.7030595910401103
NSW,8912,Shelf Fillers,2.1762744826885374,0.7841662100122635
NSW,8991,Caretakers,0.19852276128637136,0.5067671099949091
NSW,8992,Deck and Fishing Hands,0.46122864872831304,0.9162907827216158
NSW,8993,Handypersons,0.6587139901272963,0.8467590371614193
NSW,8994,Motor Vehicle Parts and Accessories Fitters,0.5329056654132542,0.5862409711195262
NSW,8995,Printing Assistants and Table Workers,0.2593826119313163,0.7213180718123557
NSW,8996,Recycling and Rubbish Collectors,0.7576853266975534,0.7965250496885365
NSW,8997,Vending Machine Attendants,0.34830711093496924,0.8183109901808402
NSW,8999,Other Miscellaneous Labourers,0.5708316402570972,0.7552724448819941
NT,1111,Chief Executives and Managing Directors,0.31753523762168445,0.6313697286978077
NT,1112,General Managers,0.3418486045837914,0.579244093022464
NT,1211,Aquaculture Farmers,-0.28768269745158564,-0.08004270767353636
NT,1212,Crop Farmers,-0.3398689152116919,-0.1541519043180537
NT,1213,Livestock Farmers,0.5318808600929233,0.4307832334001573
NT,1214,Mixed Crop and Livestock Farmers,0.27443569307073024,0.0943110190317723
NT,1311,Advertising and Sales Managers,0.16189516186593744,0.5724754219229253
NT,1321,Corporate Services Managers,0.45857506508355184,0.524326494279169
NT,1322,Finance Managers,0.5389964578755411,0.3471960528143736
NT,1323,Human Resource Managers,0.3427267630998623,0.4647416842631955
NT,1324,Policy and Planning Managers,0.5957730637298417,0.6046488617751105
NT,1325,Research and Development Managers,0.35086107611412376,0.5419157865611819
NT,1331,Construction Managers,0.6206111997859001,0.6024773908829473
NT,1332,Engineering Managers,0.5083228939238319,0.5862836448531181
NT,1333,"Importers, Exporters and Wholesalers",0,-0.08004193844247137
NT,1334,Manufacturers,0.22314355131420976,0.22314355131420976
NT,1335,Production Managers,0.38960966746607584,0.4862691729616393
NT,1336,"Supply, Distribution and Procurement Managers",0.29725131247893066,0.42858773154408913
NT,1341,Child Care Centre Managers,1.1380539621368226,1.522196513565345
NT,1342,Health and Welfare Services Managers,0.6001508254795025,0.35184405572359134
NT,1343,School Principals,0.08929803245138612,0.21813102173940968
NT,1344,Other Education Managers,0.3513991538942831,0.316912790490294
NT,1351,ICT Managers,0.2604554697847252,0.2120591612389231
NT,1399,Other Specialist Managers,0.13638087312578384,0.6971394026263555
NT,1411,Cafe and Restaurant Managers,0.39334380781678524,0.5565716455541945
NT,1412,Caravan Park and Camping Ground Managers,0.2047956752737744,0.3780658486346469
NT,1413,Hotel and Motel Managers,0.2745854116114481,0.431217606421338
NT,1414,Licensed Club Managers,0.3070260051226339,0.2762532669103336
NT,1419,Other Accommodation and Hospitality Managers,-0.03738827650143817,0.23511969761048324
NT,1421,Retail Managers,0.39348891442101674,0.5242412582428502
NT,1491,"Amusement, Fitness and Sports Centre Managers",0.9832305507418568,0.700367572418314
NT,1492,Call or Contact Centre and Customer Service Managers,0.13045319621675655,0.4018747451526532
NT,1493,Conference and Event Organisers,0.32127281964087295,0.640503311939379
NT,1494,Transport Services Managers,0.376235639284737,0.3886584092833255
NT,1499,"Other Hospitality, Retail and Service Managers",0.2050633272454765,0.5517571763978784
NT,2111,"Actors, Dancers and Other Entertainers",0.6993006144143267,0.7499438085128873
NT,2112,Music Professionals,0.02739870391780766,0.02739870391780766
NT,2113,Photographers,-0.0606246953459359,0.0210532230274042
NT,2114,Visual Arts and Crafts Professionals,-0.08004193844247137,-0.08004193844247137
NT,2121,"Artistic Directors, and Media Producers and Presenters",0.08515827092554232,0.3083011555728631
NT,2122,"Authors, and Book and Script Editors",-0.39834728471621256,0.18658693757741196
NT,2123,"Film, Television, Radio and Stage Directors",0.46262256334255314,0.6102602867480209
NT,2124,Journalists and Other Writers,0.48977238034832093,0.4161604837039863
NT,2211,Accountants,0.08410983309931241,0.6441396471153498
NT,2212,"Auditors, Company Secretaries and Corporate Treasurers",0.1670540247231065,0.9413266417178916
NT,2221,Financial Brokers,0.14107852648953534,0.2363877517484274
NT,2222,Financial Dealers,0.6517623755124583,0.5250118281754566
NT,2223,Financial Investment Advisers and Managers,0.3273762175012658,0.6582308139308697
NT,2231,Human Resource Professionals,0.3486675082808821,0.4145975788035705
NT,2232,ICT Trainers,0,0.08004193844247137
NT,2233,Training and Development Professionals,0.31886483534037824,0.2574421824328357
NT,2241,"Actuaries, Mathematicians and Statisticians",0.12861668816668348,0.39688144399242775
NT,2242,"Archivists, Curators and Records Managers",1.0731328856556308,1.0003737200524299
NT,2243,Economists,0.3136578928632587,0.3677245878176065
NT,2244,Intelligence and Policy Analysts,0.7020888503402138,0.5318158434578344
NT,2245,Land Economists and Valuers,0.37267527453248184,0.32542237479359404
NT,2246,Librarians,0.9022393996558986,0.6931477465977346
NT,2247,Management and Organisation Analysts,0.7688261145755173,0.4624520977908113
NT,2249,Other Information and Organisation Professionals,0.9047965531090396,0.8492264239619498
NT,2251,Advertising and Marketing Professionals,0.22388143410223593,0.8843576133425768
NT,2252,ICT Sales Professionals,0.041672279552979585,0.17824924683760396
NT,2253,Public Relations Professionals,0.6390800638780623,0.7685709143138548
NT,2254,Technical Sales Representatives,0.10863321901630651,0.15906509016740739
NT,2311,Air Transport Professionals,0.5280672128092159,0.840200499506546
NT,2312,Marine Transport Professionals,0.9313034733423124,1.2217905683957677
NT,2321,Architects and Landscape Architects,0.17904836163223625,0.25014451551420414
NT,2322,Surveyors and Spatial Scientists,0.2998770410280216,0.24613277144164702
NT,2323,"Fashion, Industrial and Jewellery Designers",-0.15414925125480938,-0.08004193844247137
NT,2324,"Graphic and Web Designers, and Illustrators",0.7719282596054217,0.5923417529198566
NT,2325,Interior Designers,0.1957441807295131,0.1431009462048494
NT,2326,Urban and Regional Planners,0.22957463188428828,0.6678293853961618
NT,2331,Chemical and Materials Engineers,0.3285030669715361,-0.03922209776909191
NT,2332,Civil Engineering Professionals,0.6899471618548336,0.7977956634484937
NT,2333,Electrical Engineers,0.382992365892463,0.7317619728437794
NT,2334,Electronics Engineers,0.26415198617116603,0.28768225102319356
NT,2335,"Industrial, Mechanical and Production Engineers",0.1964560321416715,0.48770306348800396
NT,2336,Mining Engineers,0.4700037748768069,0.7227059813451793
NT,2339,Other Engineering Professionals,0.7343055824110032,0.8594679858693601
NT,2341,Agricultural and Forestry Scientists,-1.4634153480130863e-6,-0.09309097591206164
NT,2342,"Chemists, and Food and Wine Scientists",0.7368228805098592,0.9335324992897
NT,2343,Environmental Scientists,0.6177978451414385,0.5986279284212235
NT,2344,Geologists and Geophysicists,0.42285697526908894,0.46901925680495826
NT,2345,Life Scientists,0.7268202677521466,0.24659503219432843
NT,2346,Medical Laboratory Scientists,0.22054263974403088,0.1698994071658363
NT,2347,Veterinarians,0.21007176092927837,0.6826763017451929
NT,2349,Other Natural and Physical Science Professionals,-0.2903097746342185,0.08796887820910948
NT,2411,Early Childhood (Pre-primary School) Teachers,0.8391009146116124,0.8074641466481562
NT,2412,Primary School Teachers,0.36624420264720925,0.5108256237659907
NT,2413,Middle School Teachers (Aus) / Intermediate School Teachers (NZ),-0.19105480198000602,0.37948962170490386
NT,2414,Secondary School Teachers,0.25189316702932496,0.5121763328605613
NT,2415,Special Education Teachers,-0.2831257552933119,0.03704201267520851
NT,2421,University Lecturers and Tutors,0.8323440113584839,0.7694302548424281
NT,2422,Vocational Education Teachers (Aus) / Polytechnic Teachers (NZ),0.5780786779223979,0.47489422429583905
NT,2491,Education Advisers and Reviewers,0.07796118673982322,0.23889080709179056
NT,2492,Private Tutors and Teachers,0.05798799551051348,0.4340394909628765
NT,2493,Teachers of English to Speakers of Other Languages,-0.05264323452466371,0.02739870391780766
NT,2511,Nutrition Professionals,0.7985082438369302,0.43078342708155937
NT,2512,Medical Imaging Professionals,0.38434155319486685,0.8302162037237908
NT,2513,Occupational and Environmental Health Professionals,0.5113531521167687,0.3396417605386124
NT,2514,Optometrists and Orthoptists,0.9431989933218755,1.1438692342384689
NT,2515,Pharmacists,0.09398237079139804,0.5423244144134007
NT,2519,Other Health Diagnostic and Promotion Professionals,0.07729168094273309,0.23144289648446847
NT,2521,Chiropractors and Osteopaths,-0.08004193844247137,-0.08004193844247137
NT,2522,Complementary Health Therapists,0.8446965588008364,0.7248965290764515
NT,2523,Dental Practitioners,0.5055486982441031,0.4174411786729597
NT,2524,Occupational Therapists,0.5603557879774046,0.06099449511883037
NT,2525,Physiotherapists,-0.014842480406131564,0.08378806778687542
NT,2526,Podiatrists,0.5570157335083571,0.6523261860401901
NT,2527,Audiologists and Speech Pathologists/Therapists,0.6685758712857519,0.05628080958280046
NT,2531,General Practitioners and Resident Medical Officers,0.5982819499640191,0.24145866391499604
NT,2532,Anaesthetists,0.4399509630372755,0.20633558553984227
NT,2533,Specialist Physicians,0.4477674286272544,0.06414412552562343
NT,2534,Psychiatrists,0.2623646271048399,-0.1525795564942488
NT,2535,Surgeons,-0.1490357027869642,0.1335313160938449
NT,2539,Other Medical Practitioners,0.7198155556648409,0.8191878661057524
NT,2541,Midwives,1.5373341370212694,1.4243936751864128
NT,2542,Nurse Educators and Researchers,0.5061093172421327,0.6049549410307129
NT,2543,Nurse Managers,0.3225773914842165,0.4691808567048006
NT,2544,Registered Nurses,0.5976233048473532,0.52966695326759
NT,2611,ICT Business and Systems Analysts,0.4383300465398645,0.41301228401012136
NT,2612,Multimedia Specialists and Web Developers,0.49643831488633994,0.38395932841920616
NT,2613,Software and Applications Programmers,0.6978530951822641,0.6791610774741041
NT,2621,"Database and Systems Administrators, and ICT Security Specialists",0.19065830862772737,0.5892973146791809
NT,2631,Computer Network Professionals,0.4613454259479004,0.23820161601305667
NT,2632,ICT Support and Test Engineers,0.7874004589317984,0.9650810547737331
NT,2633,Telecommunications Engineering Professionals,-0.5065616505115387,-0.42651935950458203
NT,2711,Barristers,0.23556622756277912,0.35139788683788853
NT,2713,Solicitors,0.20763942727824247,0.5073595128915795
NT,2721,Counsellors,0.4069323350072045,0.3164395366011825
NT,2722,Ministers of Religion,0.20763929266288494,0.20763986958590636
NT,2723,Psychologists,0.1792727245354171,0.08354756860752355
NT,2724,Social Professionals,0.5671948978680221,0.5209438210456672
NT,2725,Social Workers,0.14348745799532514,0.10257262648417598
NT,2726,"Welfare, Recreation and Community Arts Workers",0.2848445740731602,0.24217595186350582
NT,3111,Agricultural Technicians,0.6649764178789566,0.5013468054179271
NT,3112,Medical Technicians,0.24783591238023805,0.22466886025518984
NT,3113,Primary Products Inspectors,0.42050260894626107,0.46702356613982476
NT,3114,Science Technicians,0.26933269893502915,0.05715785011438235
NT,3121,"Architectural, Building and Surveying Technicians",0.4875624435573971,0.2719336292767487
NT,3122,Civil Engineering Draftspersons and Technicians,1.0749424248217188,0.748545966771534
NT,3123,Electrical Engineering Draftspersons and Technicians,0.40546579776357466,0.16184329572072087
NT,3124,Electronic Engineering Draftspersons and Technicians,0.08961260065394427,0.04380260986521978
NT,3125,Mechanical Engineering Draftspersons and Technicians,0.4533200737608495,0.8226811909940241
NT,3126,Safety Inspectors,0.265281545004473,0.400622821327696
NT,3129,Other Building and Engineering Technicians,-0.07707980189005825,0.35850821676351696
NT,3131,ICT Support Technicians,0.36665977590093135,0.42728400844399106
NT,3132,Telecommunications Technical Specialists,0.45953232937844013,5.263159279511598e-7
NT,3211,Automotive Electricians,0.45006943341945105,0.19583532403628623
NT,3212,Motor Mechanics,0.6866424665849955,0.8229017871502111
NT,3221,"Metal Casting, Forging and Finishing Trades Workers",0,0
NT,3222,Sheetmetal Trades Workers,0.11715487240789457,0.18735911875448874
NT,3223,Structural Steel and Welding Trades Workers,0.7114514243611554,0.7213526184965686
NT,3231,Aircraft Maintenance Engineers,0.8252069171272888,0.9371252420001362
NT,3232,Metal Fitters and Machinists,0.3513407919153515,0.48124404897267015
NT,3233,Precision Metal Trades Workers,0.24256166432061632,0.3677253955097434
NT,3234,Toolmakers and Engineering Patternmakers,0.08004193844247137,0.08004193844247137
NT,3241,Panelbeaters,0.4450741491158269,0.6093770218356905
NT,3242,Vehicle Body Builders and Trimmers,0.08004193844247137,0.08004193844247137
NT,3243,Vehicle Painters,0.26072652406081837,0.30421121046855176
NT,3311,Bricklayers and Stonemasons,0.7932311654328559,0.7419383447298773
NT,3312,Carpenters and Joiners,0.5902587550376119,0.37706561358646695
NT,3321,Floor Finishers,-0.022474674035529607,0.046519626023870775
NT,3322,Painting Trades Workers,0.836428110677043,0.7386638489063915
NT,3331,Glaziers,0.05334583660284897,-0.02564217416092973
NT,3332,Plasterers,0.25131371399544683,0.18232255679445453
NT,3333,Roof Tilers,0.6151863688204265,0.4328650620267533
NT,3334,Wall and Floor Tilers,0.38484747056527874,0.10227906706897838
NT,3341,Plumbers,0.2574556552352276,0.45175844195432235
NT,3411,Electricians,0.6949687111182392,0.7865483638566979
NT,3421,Airconditioning and Refrigeration Mechanics,0.07889401143517771,0.4298991317395857
NT,3422,Electrical Distribution Trades Workers,-0.11778129954485034,0.06453847947093136
NT,3423,Electronics Trades Workers,0.6733444591461417,0.6831972477265789
NT,3424,Telecommunications Trades Workers,0.41197972419429085,0.4936575424426233
NT,3511,Bakers and Pastrycooks,0.5663950281475802,0.7610373122035148
NT,3512,Butchers and Smallgoods Makers,0.760807202865966,0.5952926118458788
NT,3513,Chefs,0.45912740378754835,0.5655568655544774
NT,3514,Cooks,0.5187937760238635,0.8545706197162835
NT,3611,Animal Attendants and Trainers,-0.035090968826049396,0.09352682481770336
NT,3612,Shearers,0,0
NT,3613,Veterinary Nurses,0.0953108811031812,0.3925614485270674
NT,3621,Florists,0.21256026617049262,0.08894671412037883
NT,3622,Gardeners,0.8035531906255402,0.7919478770703232
NT,3623,Greenkeepers,0.6876977112164921,1.0047933768563755
NT,3624,Nurserypersons,-0.21667178460877845,-0.43721458263199575
NT,3911,Hairdressers,1.0015662046105234,0.657689846012554
NT,3921,"Binders, Finishers and Screen Printers",-0.1431016128717384,0.08004193844247137
NT,3922,Graphic Pre-press Trades Workers,0.4499173252245561,0.3629061186895637
NT,3923,Printers,0,0.15414925125480938
NT,3931,Canvas and Leather Goods Makers,0,0
NT,3932,Clothing Trades Workers,0.1776816423536233,-0.04546124229369766
NT,3933,Upholsterers,-0.08004193844247137,-0.15415067982725836
NT,3941,Cabinetmakers,0.3184543371789571,-0.04927053910020196
NT,3942,Wood Machinists and Other Wood Trades Workers,0.08004193844247137,-0.14310027953751614
NT,3991,Boat Builders and Shipwrights,0.1776795493291507,0.1776795493291507
NT,3992,"Chemical, Gas, Petroleum and Power Generation Plant Operators",0.4855078446278508,0.4980872581639453
NT,3993,"Gallery, Library and Museum Technicians",-0.06453789613737587,0.11778403565688343
NT,3994,Jewellers,0.20066887727868016,0.046519626023870775
NT,3995,Performing Arts Technicians,0.17904855931778418,0.527355253586
NT,3996,Signwriters,0.13005190873525913,0.05000997029278775
NT,3999,Other Miscellaneous Technicians and Trades Workers,0.4580826842688155,0.9801847991955297
NT,4111,Ambulance Officers and Paramedics,0.40846394125496555,0.42664580658162743
NT,4112,"Dental Hygienists, Technicians and Therapists",0.6013397274606641,0.14458165829833824
NT,4113,Diversional Therapists,0.08576683402485674,-0.05334624756172501
NT,4114,Enrolled and Mothercraft Nurses,0.4206744298296101,0.31187200012658134
NT,4115,Indigenous Health Workers,-0.293161975975321,0.09201830690254142
NT,4116,Massage Therapists,0.35794029558339524,0.37067919964704144
NT,4117,Welfare Support Workers,0.5165033822198262,0.5552023354280946
NT,4211,Child Carers,0.55375445892648,0.8847869316880104
NT,4221,Education Aides,0.23170894847741597,0.4721382276832835
NT,4231,Aged and Disabled Carers,0.7343978433660223,0.503018762977983
NT,4232,Dental Assistants,0.9906238778453915,0.32947899145972825
NT,4233,Nursing Support and Personal Care Workers,1.2909842813155605,0.8022182269154285
NT,4234,Special Care Workers,0.12921287568076772,0.09531063434967624
NT,4311,Bar Attendants and Baristas,0.40690082263534233,0.7032408924254439
NT,4312,Cafe Workers,0.07816492322526503,0.5336412211391557
NT,4313,Gaming Workers,0.055879914916047935,0.39465300336445786
NT,4314,Hotel Service Managers,0.5245242253374369,0.4740943722759917
NT,4315,Waiters,0.8181998875601599,1.1203703505714269
NT,4412,Fire and Emergency Workers,0.20479418537331184,0.4924764850977942
NT,4413,Police,0.14571248914726548,0.12629517252122907
NT,4421,Prison Officers,0.6931468680598964,0.5940546446618207
NT,4422,Security Officers and Guards,0.40326495332626333,0.060532921733941425
NT,4511,Beauty Therapists,0.5373365419210658,0.428995502735966
NT,4512,Driving Instructors,0.325423169665693,0.4054651081081644
NT,4513,Funeral Workers,0.025319077215229982,0.10536101565770135
NT,4514,"Gallery, Museum and Tour Guides",0.19506062229874255,1.0736113099507572
NT,4515,Personal Care Consultants,-0.08004193844247137,-0.08004193844247137
NT,4516,Tourism and Travel Advisers,-0.07216271362102145,0.7563258780998234
NT,4517,Travel Attendants,0.3956126107332155,0.6077870183773595
NT,4521,Fitness Instructors,0.1555641781060202,0.14571198067290458
NT,4522,Outdoor Adventure Guides,0.3732047962414726,0.44731282334029016
NT,4523,"Sports Coaches, Instructors and Officials",0.4231201315148234,0.6782585688051106
NT,4524,Sportspersons,0.4198541436971247,0.32322578054793716
NT,5111,"Contract, Program and Project Administrators",0.5192485048939575,0.658055853191577
NT,5121,Office Managers,0.32997164434952664,0.4787373247424407
NT,5122,Practice Managers,1.3555222088452847,1.2547181012549813
NT,5211,Personal Assistants,-0.7602866267958619,-0.6861787895072744
NT,5212,Secretaries,0.6735770448401555,1.1831114483263994
NT,5311,General Clerks,0.524655710024085,0.6966283229038615
NT,5321,Keyboard Operators,0.2738888873057559,0.22054302935444603
NT,5411,Call or Contact Centre Workers,0.8723878387443085,0.9822326216040111
NT,5412,Information Officers,0.6974115367932106,0.8494277440918363
NT,5421,Receptionists,0.8340315843900963,1.0772083564755448
NT,5511,Accounting Clerks,0.25482624942797516,0.6589728603462763
NT,5512,Bookkeepers,0.12959277379697376,0.2640233306563391
NT,5513,Payroll Clerks,0.35914099333047655,0.5050946202393116
NT,5521,Bank Workers,0.718634838937855,0.6865465226701071
NT,5522,Credit and Loans Officers,0.47972834975347833,0.8129484661496924
NT,5523,"Insurance, Money Market and Statistical Clerks",0.35222177067356214,0.35222110400622886
NT,5611,Betting Clerks,-0.28768260816668834,0.07410731281233801
NT,5612,Couriers and Postal Deliverers,0.9318988405871673,0.8987467944818179
NT,5613,Filing and Registry Clerks,0.4975805233318181,0.39749653845890753
NT,5614,Mail Sorters,0.02020312364430321,0.17435370143066717
NT,5615,Survey Interviewers,0.2841039653896521,0.3429442965814792
NT,5616,Switchboard Operators,0.07796081173951867,0.10535951565732633
NT,5619,Other Clerical and Office Support Workers,0.5273547617827615,0.3613693890144103
NT,5911,Purchasing and Supply Logistics Clerks,0.8220450811786186,1.0729368472894605
NT,5912,Transport and Despatch Clerks,0.3189347698020273,0.5908684852856692
NT,5991,Conveyancers and Legal Executives,0.2105647987750755,0.585259228330756
NT,5992,Court and Legal Clerks,0.09662705880107791,-0.05129276149302231
NT,5993,Debt Collectors,-0.2578291093020997,0.14763713517034668
NT,5994,Human Resource Clerks,0.25534755992689684,0.2373286842941476
NT,5995,Inspectors and Regulatory Officers,0.47482618806149857,0.7104782540985561
NT,5996,"Insurance Investigators, Loss Adjusters and Risk Surveyors",0.5461926131631158,0.8563477232851535
NT,5997,Library Assistants,0.05406774758592675,0.37949091725161976
NT,5999,Other Miscellaneous Clerical and Administrative Workers,0.06351418504119166,0.1854049498275172
NT,6111,"Auctioneers, and Stock and Station Agents",0,-0.08004193844247137
NT,6112,Insurance Agents,0.4941932062105304,0.2897810658551705
NT,6113,Sales Representatives,0.267338960557467,0.6767411306246309
NT,6121,Real Estate Sales Agents,0.20735116945875864,0.2715826640081733
NT,6211,Sales Assistants (General),0.8045215973230819,1.003570388566073
NT,6212,ICT Sales Assistants,0,0
NT,6213,Motor Vehicle and Vehicle Parts Salespersons,0.45690914678251127,0.4257262645946911
NT,6214,Pharmacy Sales Assistants,0.7571471351747294,1.3312345088502295
NT,6215,Retail Supervisors,0.3025170301600757,0.41150705892782957
NT,6216,Service Station Attendants,0.13353186881511225,0.042559614418795855
NT,6217,Street Vendors and Related Salespersons,0,0
NT,6219,Other Sales Assistants and Salespersons,-0.07637268466688385,0.03226102615266113
NT,6311,Checkout Operators and Office Cashiers,0.5877864426798721,1.0551267417401888
NT,6391,Models and Sales Demonstrators,0.4818381079011411,1.1219928873528429
NT,6392,Retail and Wool Buyers,-0.24512158846738946,0
NT,6393,Telemarketers,0.22778555877901369,0.09716456478051155
NT,6394,Ticket Salespersons,0.6931478623782046,0.47000458379142884
NT,6395,Visual Merchandisers,0.4700040459123154,0.6131056587840538
NT,6399,Other Sales Support Workers,-0.02230553858458051,0.401712570942097
NT,7111,"Clay, Concrete, Glass and Stone Processing Machine Operators",0,0
NT,7112,Industrial Spraypainters,0.13580029440481117,-0.015748691789989944
NT,7113,Paper and Wood Processing Machine Operators,0.20067024091659338,0.20067024091659338
NT,7114,Photographic Developers and Printers,0,-0.05406669495434781
NT,7115,Plastics and Rubber Production Machine Operators,-0.15082272229267013,0.1236142497249381
NT,7116,Sewing Machinists,-0.06187355265411987,-0.21029438535908512
NT,7117,Textile and Footwear Production Machine Operators,0.02739870391780766,0.02739870391780766
NT,7119,Other Machine Operators,0.4830756380174679,0.673854073787068
NT,7121,"Crane, Hoist and Lift Operators",0.7009294772520125,0.7907856501238613
NT,7122,"Drillers, Miners and Shot Firers",0.3054997549307088,0.40961270460951216
NT,7123,Engineering Production Workers,0.11034740791524789,0.17934167225961584
NT,7129,Other Stationary Plant Operators,0.9516301702619128,0.6234138943587433
NT,7211,"Agricultural, Forestry and Horticultural Plant Operators",-0.2958466485847735,-0.06351467684467182
NT,7212,Earthmoving Plant Operators,0.5006525512701478,0.1929297481778356
NT,7213,Forklift Drivers,0.8813436808764181,0.5564825321901852
NT,7219,Other Mobile Plant Operators,0.658260008288162,0.5707722875981254
NT,7311,Automobile Drivers,-0.2876832262981566,0.05264323452466371
NT,7312,Bus and Coach Drivers,0.7325889469034936,0.761745240437953
NT,7313,Train and Tram Drivers,0.4115064565180096,0.21414753524955443
NT,7321,Delivery Drivers,1.114196758714353,0.9068850522536664
NT,7331,Truck Drivers,0.671966334528403,0.7362653107122012
NT,7411,Storepersons,0.7123307379032551,0.949197917313485
NT,8111,Car Detailers,0.9607431229035751,0.9382711458401809
NT,8112,Commercial Cleaners,0.7925089113949761,0.9235370895908535
NT,8113,Domestic Cleaners,0.3083011555728631,0.2282592171303917
NT,8114,Housekeepers,1.1473508367942178,1.7151429824599396
NT,8115,Laundry Workers,0.4442502377861211,0.47873709182316215
NT,8116,Other Cleaners,0.06062465858116295,0.08167659171533237
NT,8211,Building and Plumbing Labourers,0.8126207153652465,0.6886526337184415
NT,8212,Concreters,0.5020926417377992,0.1310286255642692
NT,8213,Fencers,-0.341750507172287,-0.08855361391404681
NT,8214,Insulation and Home Improvement Installers,0.5877866649021191,0.4054656636638743
NT,8215,Paving and Surfacing Labourers,0.16907618969297294,0.1957441807295131
NT,8216,Railway Track Workers,0.6268992491810821,0.3201685898861035
NT,8217,Structural Steel Construction Workers,0.6684545167500577,0.6208263724686875
NT,8219,Other Construction and Mining Labourers,0.24818013094591074,0.5790340935727198
NT,8311,Food and Drink Factory Workers,-0.1177824801006736,0.26028336853397316
NT,8312,"Meat Boners and Slicers, and Slaughterers",0.16363104642524032,0.3067306592949788
NT,8313,"Meat, Poultry and Seafood Process Workers",0.5260938651278442,0.2776327365987794
NT,8321,Packers,0.18781597931550098,0.5292596265061437
NT,8322,Product Assemblers,0.325423169665693,0.2513137139954469
NT,8391,Metal Engineering Process Workers,0,0
NT,8392,Plastics and Rubber Factory Workers,0,0
NT,8393,Product Quality Controllers,-0.09483373617875923,0.14028624714605065
NT,8394,Timber and Wood Process Workers,0,0
NT,8399,Other Factory Process Workers,0.20633621054003765,0.14571096372340747
NT,8411,Aquaculture Workers,-0.13005190873525913,-0.20066955909786913
NT,8412,Crop Farm Workers,0.29008315435458143,0.05167216587462531
NT,8413,Forestry and Logging Workers,-0.6131031988483606,0.08004429421173104
NT,8414,Garden and Nursery Labourers,-0.22094345167099227,-0.22094305519521273
NT,8415,Livestock Farm Workers,0.4168935218000371,0.5260928336589319
NT,8416,Mixed Crop and Livestock Farm Workers,0.49159464094130945,-0.07480158044031526
NT,8419,"Other Farm, Forestry and Garden Workers",-0.02620262872597956,-0.19259287263480096
NT,8511,Fast Food Cooks,0.3209079903504082,0.1706257495889299
NT,8512,Food Trades Assistants,0.05406777682598579,0.37949039093596887
NT,8513,Kitchenhands,0.7377574278449339,1.1918304175002103
NT,8911,Freight and Furniture Handlers,0.4561462793506057,0.6701573689947894
NT,8912,Shelf Fillers,0.8967458429319191,0.39890728186544533
NT,8991,Caretakers,-0.1525802158349806,0.1041395757896515
NT,8992,Deck and Fishing Hands,0.7239192824086962,0.2539154187878414
NT,8993,Handypersons,0.7379051516239765,0.9487999669611895
NT,8994,Motor Vehicle Parts and Accessories Fitters,0.6723847752788014,0.22664630516319173
NT,8995,Printing Assistants and Table Workers,0.5411315932386422,0.3334908342295279
NT,8996,Recycling and Rubbish Collectors,0.08515699201344307,0.22825860488518146
NT,8997,Vending Machine Attendants,0.3483066942682158,0.3483066942682158
NT,8999,Other Miscellaneous Labourers,0.47165104415618897,0.46918086594375286
QLD,1111,Chief Executives and Managing Directors,0.056247265983073724,0.41761702172275283
QLD,1112,General Managers,0.3959271373346738,0.6301796110062368
QLD,1211,Aquaculture Farmers,0.08004193844247137,0
QLD,1212,Crop Farmers,0.10241479980603696,0.10241450568851973
QLD,1213,Livestock Farmers,0.6584617098046741,0.6960927496132299
QLD,1214,Mixed Crop and Livestock Farmers,0.44053557220449324,0.2228515758425429
QLD,1311,Advertising and Sales Managers,0.1046420762992053,0.47732662620645616
QLD,1321,Corporate Services Managers,0.26692828273274305,0.5883859960565276
QLD,1322,Finance Managers,0.42103385304185537,0.6883088896273293
QLD,1323,Human Resource Managers,0.6840253471890207,0.866192337100717
QLD,1324,Policy and Planning Managers,0.568644466106246,0.7927552950230714
QLD,1325,Research and Development Managers,0.6850827012070955,0.7731899084763967
QLD,1331,Construction Managers,0.41507498304467294,0.8392571110957503
QLD,1332,Engineering Managers,0.383228064796274,0.7412806786266195
QLD,1333,"Importers, Exporters and Wholesalers",0.9415333159878805,0.6670963349478038
QLD,1334,Manufacturers,0.4253995888161175,0.6931470489810241
QLD,1335,Production Managers,0.5454063190118559,0.6259384298091293
QLD,1336,"Supply, Distribution and Procurement Managers",0.589660953047177,0.729123361043766
QLD,1341,Child Care Centre Managers,0.8755479428664978,0.7055004160283125
QLD,1342,Health and Welfare Services Managers,0.44898841023503255,0.4806019604461822
QLD,1343,School Principals,-0.10739337689195416,0.22569028363946897
QLD,1344,Other Education Managers,0.4243693009152567,0.753615812670748
QLD,1351,ICT Managers,0.48525641634483385,0.8152139710535877
QLD,1399,Other Specialist Managers,0.5688661491908586,0.8286995709014677
QLD,1411,Cafe and Restaurant Managers,0.6108722355540595,0.7305913947721923
QLD,1412,Caravan Park and Camping Ground Managers,-0.055349991893716366,0.20701475718909035
QLD,1413,Hotel and Motel Managers,0.6774495348799316,0.852449729171382
QLD,1414,Licensed Club Managers,0.2288092068487293,0.3101549221405109
QLD,1419,Other Accommodation and Hospitality Managers,0.5843554478168698,0.43932972576661333
QLD,1421,Retail Managers,0.5707830421893254,0.7910721654126345
QLD,1491,"Amusement, Fitness and Sports Centre Managers",0.8624343954440041,1.0526159139909317
QLD,1492,Call or Contact Centre and Customer Service Managers,0.4813533347139618,0.7598093070992311
QLD,1493,Conference and Event Organisers,0.5262221015095045,1.2748040194968135
QLD,1494,Transport Services Managers,0.5908682973988557,0.7227590620884361
QLD,1499,"Other Hospitality, Retail and Service Managers",0.3341851199741894,0.6514402166022739
QLD,2111,"Actors, Dancers and Other Entertainers",0.5763445875770805,0.6524092243457611
QLD,2112,Music Professionals,-0.10294759602049375,-0.11375775826756473
QLD,2113,Photographers,0.5506139320013683,0.4794094488092071
QLD,2114,Visual Arts and Crafts Professionals,0.28223252114110453,0.32668588450408137
QLD,2121,"Artistic Directors, and Media Producers and Presenters",0.3846740521023987,0.668250368709748
QLD,2122,"Authors, and Book and Script Editors",1.3419943893313409,1.5163475764760985
QLD,2123,"Film, Television, Radio and Stage Directors",0.739951385922748,0.5645984285148193
QLD,2124,Journalists and Other Writers,0.5993552543572314,0.7504717388353153
QLD,2211,Accountants,0.09440096925185326,0.49087725358695433
QLD,2212,"Auditors, Company Secretaries and Corporate Treasurers",0.2531826736501106,0.7172257092138592
QLD,2221,Financial Brokers,0.6886324932440542,0.6386220660774349
QLD,2222,Financial Dealers,0.835985871648848,0.7173277331666119
QLD,2223,Financial Investment Advisers and Managers,0.1063567092202069,0.4972551174644231
QLD,2231,Human Resource Professionals,0.5231755530378042,0.8705788628467799
QLD,2232,ICT Trainers,-0.3894646054713875,0.11778285708497083
QLD,2233,Training and Development Professionals,0.24158172048682225,0.4414909257274582
QLD,2241,"Actuaries, Mathematicians and Statisticians",0.38738146187194866,0.7517665597165251
QLD,2242,"Archivists, Curators and Records Managers",0.4016483192509521,0.7747846103089617
QLD,2243,Economists,0.4445762656220502,1.112405388197737
QLD,2244,Intelligence and Policy Analysts,0.19895197532551023,0.42557111326421904
QLD,2245,Land Economists and Valuers,0.941533424249736,0.839184906498363
QLD,2246,Librarians,0.0036430095930333195,0.6028081281861963
QLD,2247,Management and Organisation Analysts,0.26198101257049355,0.6331710307447009
QLD,2249,Other Information and Organisation Professionals,0.42630380507686816,0.6693004138902903
QLD,2251,Advertising and Marketing Professionals,0.5762608376893326,0.7709047912558882
QLD,2252,ICT Sales Professionals,-0.08358663410534706,0.11394427791686002
QLD,2253,Public Relations Professionals,0.4231243523462407,0.7906336154662021
QLD,2254,Technical Sales Representatives,0.11811351369725465,0.5349047156558249
QLD,2311,Air Transport Professionals,0.5059054296107055,0.7874713977444294
QLD,2312,Marine Transport Professionals,0.6975006483392208,1.029793202913745
QLD,2321,Architects and Landscape Architects,0.15183384437946668,0.5486442761383752
QLD,2322,Surveyors and Spatial Scientists,0.6580044501267812,0.703132298605623
QLD,2323,"Fashion, Industrial and Jewellery Designers",0.8969511994607542,1.012509662366746
QLD,2324,"Graphic and Web Designers, and Illustrators",0.33921573573872355,0.49842188838482215
QLD,2325,Interior Designers,0.4857245138672095,1.0179031619923111
QLD,2326,Urban and Regional Planners,0.473666863647106,0.7183939461076227
QLD,2331,Chemical and Materials Engineers,0.08178942854631766,0.5841287769433503
QLD,2332,Civil Engineering Professionals,0.5115438382621367,0.7355663405617907
QLD,2333,Electrical Engineers,0.479461120345249,0.7541661186430701
QLD,2334,Electronics Engineers,0.4131872753367509,0.708651276436582
QLD,2335,"Industrial, Mechanical and Production Engineers",0.43197932969794905,0.7322435424294627
QLD,2336,Mining Engineers,0.2625473778391525,0.5386734566788638
QLD,2339,Other Engineering Professionals,0.4059303372406893,0.6934573123667733
QLD,2341,Agricultural and Forestry Scientists,0.6785177033459078,0.7973388917181652
QLD,2342,"Chemists, and Food and Wine Scientists",1.3256514249527083,1.5388910328595746
QLD,2343,Environmental Scientists,0.39324278953212044,0.7111460139217565
QLD,2344,Geologists and Geophysicists,0.6849883591476131,0.9744777192707632
QLD,2345,Life Scientists,0.9870296523805733,0.7974529368413688
QLD,2346,Medical Laboratory Scientists,0.6202953270910738,0.5164065016092301
QLD,2347,Veterinarians,1.8860322012083526,1.6961347745603104
QLD,2349,Other Natural and Physical Science Professionals,-0.17603607038725633,-0.05982812252270797
QLD,2411,Early Childhood (Pre-primary School) Teachers,0.9041643123771674,0.7192845851557976
QLD,2412,Primary School Teachers,0.8027207604332447,0.8246729349004047
QLD,2413,Middle School Teachers (Aus) / Intermediate School Teachers (NZ),-0.3519766601076254,-0.31845330498221347
QLD,2414,Secondary School Teachers,0.5826197574928385,0.6469851329543692
QLD,2415,Special Education Teachers,0.44548902698579873,0.636394292988387
QLD,2421,University Lecturers and Tutors,0.3182833668270395,0.9959359396216718
QLD,2422,Vocational Education Teachers (Aus) / Polytechnic Teachers (NZ),0.22806490128283974,0.6604548763822242
QLD,2491,Education Advisers and Reviewers,0.14197018774097314,0.4898063430125139
QLD,2492,Private Tutors and Teachers,0.6931472112976511,0.7307299240162788
QLD,2493,Teachers of English to Speakers of Other Languages,-0.28561328194105684,0.5053316546577157
QLD,2511,Nutrition Professionals,0.4088537592552828,0.3787611590775559
QLD,2512,Medical Imaging Professionals,-0.07324126445965984,0.34507346639920744
QLD,2513,Occupational and Environmental Health Professionals,0.5637399225384163,0.6716493817732658
QLD,2514,Optometrists and Orthoptists,0.7162963384717993,1.2123988444463822
QLD,2515,Pharmacists,0.5332949391817126,0.6833834269308054
QLD,2519,Other Health Diagnostic and Promotion Professionals,0.24613309490889002,0.47121634621816155
QLD,2521,Chiropractors and Osteopaths,1.4740703599832237,1.2601428745791963
QLD,2522,Complementary Health Therapists,0.38708222671046455,0.44617106111325455
QLD,2523,Dental Practitioners,0.41134125029190205,0.5663173608602152
QLD,2524,Occupational Therapists,0.6321305426766219,0.4178977960629915
QLD,2525,Physiotherapists,0.3161100772273011,0.20433272164308036
QLD,2526,Podiatrists,0.5703515447215599,0.6167446096916418
QLD,2527,Audiologists and Speech Pathologists/Therapists,0.9169441286660991,0.46726408608129244
QLD,2531,General Practitioners and Resident Medical Officers,0.52806742923,0.3068667611783642
QLD,2532,Anaesthetists,0.5033208046539834,-0.329182047260943
QLD,2533,Specialist Physicians,-0.05092867264000844,-0.010074644792249288
QLD,2534,Psychiatrists,0.4800805085891069,0.0696526820712795
QLD,2535,Surgeons,-0.06328111359592836,0.03580955319921819
QLD,2539,Other Medical Practitioners,0.14160340636998114,0.2620396093709103
QLD,2541,Midwives,0.756176851576424,0.9870256036219307
QLD,2542,Nurse Educators and Researchers,0.47669257572986456,0.6876069308933532
QLD,2543,Nurse Managers,0.2947861043237081,0.4080640700024971
QLD,2544,Registered Nurses,0.507513046965701,0.5855507971487155
QLD,2611,ICT Business and Systems Analysts,0.14368617437030906,0.6661192425750313
QLD,2612,Multimedia Specialists and Web Developers,0.12411702681454262,0.3048941462513701
QLD,2613,Software and Applications Programmers,0.2634705337909278,0.5834509487100714
QLD,2621,"Database and Systems Administrators, and ICT Security Specialists",0.399295373569327,0.5972157977785049
QLD,2631,Computer Network Professionals,0.14057567874730026,0.47186454693048185
QLD,2632,ICT Support and Test Engineers,0.20015402533757243,0.4203033422581317
QLD,2633,Telecommunications Engineering Professionals,0.07524902597399263,-0.0016461732518973093
QLD,2711,Barristers,1.014245276596416,1.0846259762708321
QLD,2713,Solicitors,0.1822375976823558,0.6611973444411374
QLD,2721,Counsellors,0.46800723612249673,0.4045203884199182
QLD,2722,Ministers of Religion,0.42298743398647076,0.4616022307441723
QLD,2723,Psychologists,0.5581540291570981,0.16595534279769808
QLD,2724,Social Professionals,0.4586374612984834,0.734829038647999
QLD,2725,Social Workers,0.5064823036365587,0.3474538161172962
QLD,2726,"Welfare, Recreation and Community Arts Workers",0.7167466385995942,0.4425512670585343
QLD,3111,Agricultural Technicians,0.6284595297348625,0.7222049880458865
QLD,3112,Medical Technicians,0.6799952741409037,0.699788568862763
QLD,3113,Primary Products Inspectors,0.8218593966386349,0.8218590669683233
QLD,3114,Science Technicians,0.7681197812712539,0.7257765202687287
QLD,3121,"Architectural, Building and Surveying Technicians",0.308629169685009,0.5276827380059741
QLD,3122,Civil Engineering Draftspersons and Technicians,0.29407667017851846,0.6610470305446352
QLD,3123,Electrical Engineering Draftspersons and Technicians,0.5046663257532051,0.5556519112553038
QLD,3124,Electronic Engineering Draftspersons and Technicians,0.25982506207248734,0.27756390838789047
QLD,3125,Mechanical Engineering Draftspersons and Technicians,0.7013933928447882,0.9071726777203124
QLD,3126,Safety Inspectors,0.7594202606196818,0.8545453075724367
QLD,3129,Other Building and Engineering Technicians,0.28592221438759324,0.4986238851084961
QLD,3131,ICT Support Technicians,0.4437863269520035,0.7409081858153668
QLD,3132,Telecommunications Technical Specialists,0.4392321012607676,0.5212971703437657
QLD,3211,Automotive Electricians,0.3189679721729881,0.5429606400015672
QLD,3212,Motor Mechanics,0.632154882533051,0.7295611285591574
QLD,3221,"Metal Casting, Forging and Finishing Trades Workers",0.3336395715567304,0.1365755350057507
QLD,3222,Sheetmetal Trades Workers,0.4793469710974403,0.45167977943533977
QLD,3223,Structural Steel and Welding Trades Workers,0.42749862019078044,0.5447211211970053
QLD,3231,Aircraft Maintenance Engineers,0.6541922221195593,1.0654881919618453
QLD,3232,Metal Fitters and Machinists,0.34668078363245325,0.6093731007146257
QLD,3233,Precision Metal Trades Workers,0.35568687076998806,0.6392622268428885
QLD,3234,Toolmakers and Engineering Patternmakers,0.5373929558179675,0.4632846127851221
QLD,3241,Panelbeaters,0.4058477329505563,0.5110806141960866
QLD,3242,Vehicle Body Builders and Trimmers,0.3563057208299627,0.03953059994694286
QLD,3243,Vehicle Painters,0.4189241277923206,0.666760447946914
QLD,3311,Bricklayers and Stonemasons,0.5300570359574017,0.4845083639829406
QLD,3312,Carpenters and Joiners,1.0882159410968395,0.7744899135593215
QLD,3321,Floor Finishers,0.6300464452496422,0.4228567903239746
QLD,3322,Painting Trades Workers,0.7537717938453437,0.6338425156092837
QLD,3331,Glaziers,0.7152741439065347,0.5927466158428318
QLD,3332,Plasterers,0.986908068172712,0.7248122154295387
QLD,3333,Roof Tilers,0.6754475872267784,0.22884151537875574
QLD,3334,Wall and Floor Tilers,1.0714458983959387,0.7497994326516664
QLD,3341,Plumbers,0.7628283371948976,0.5712119767858335
QLD,3411,Electricians,0.5798211114234091,0.7394914207582435
QLD,3421,Airconditioning and Refrigeration Mechanics,0.5898176095889749,0.5370475667524781
QLD,3422,Electrical Distribution Trades Workers,0.6808012826258429,0.9650808067578711
QLD,3423,Electronics Trades Workers,0.35845906573223374,0.7412245613866362
QLD,3424,Telecommunications Trades Workers,0.3399599015705541,0.5293718375247494
QLD,3511,Bakers and Pastrycooks,1.062136700180468,0.9849853144124232
QLD,3512,Butchers and Smallgoods Makers,0.6421124664646256,0.4524469294971327
QLD,3513,Chefs,0.6019771221166064,0.8210981882065189
QLD,3514,Cooks,0.7289697639198449,0.7787845868492393
QLD,3611,Animal Attendants and Trainers,0.46832430893068455,0.2751557291220177
QLD,3612,Shearers,0.520533759207839,0.5705451929159748
QLD,3613,Veterinary Nurses,1.4857479029749554,1.1161755483005438
QLD,3621,Florists,0.8371864709134302,0.4411552989168883
QLD,3622,Gardeners,0.712993218128946,0.7083312001157349
QLD,3623,Greenkeepers,0.8093703729605402,0.9687113883422622
QLD,3624,Nurserypersons,0.1871525200915074,0.24959490073513013
QLD,3911,Hairdressers,0.39086031490330875,0.29605148525544145
QLD,3921,"Binders, Finishers and Screen Printers",0.37707630987326524,0.6471030944145781
QLD,3922,Graphic Pre-press Trades Workers,0.6271892127681478,0.44605026988005436
QLD,3923,Printers,0.4213385385243067,0.7010522813268978
QLD,3931,Canvas and Leather Goods Makers,0.18232185679384955,0.08701260426249657
QLD,3932,Clothing Trades Workers,0.8793763281916236,0.7185365831282304
QLD,3933,Upholsterers,0.2825669458823401,0.22796290575462552
QLD,3941,Cabinetmakers,0.5678307351037777,0.5642602186588803
QLD,3942,Wood Machinists and Other Wood Trades Workers,0.3902343380725104,0.38785064218262333
QLD,3991,Boat Builders and Shipwrights,0.8070914944752907,0.7590052092854807
QLD,3992,"Chemical, Gas, Petroleum and Power Generation Plant Operators",-0.05494105425019313,0.3600027506427028
QLD,3993,"Gallery, Library and Museum Technicians",0.5060522493195485,0.767622971582098
QLD,3994,Jewellers,1.1501351842023246,0.9119337312327682
QLD,3995,Performing Arts Technicians,0.48158866647918375,0.5308028527007247
QLD,3996,Signwriters,0.09716345177943886,0.3426640707982771
QLD,3999,Other Miscellaneous Technicians and Trades Workers,0.8387383625781775,0.8558432512543259
QLD,4111,Ambulance Officers and Paramedics,0.28103767029603954,0.3893456274275455
QLD,4112,"Dental Hygienists, Technicians and Therapists",0.7040973189593207,0.4924181919960051
QLD,4113,Diversional Therapists,0.7248287860242346,0.8479910736129717
QLD,4114,Enrolled and Mothercraft Nurses,0.752882053990179,0.87049638425251
QLD,4115,Indigenous Health Workers,0.3327939843819845,0.26942425362695843
QLD,4116,Massage Therapists,0.6133947719186215,0.39701034661223344
QLD,4117,Welfare Support Workers,0.668659597899885,0.5861920104567941
QLD,4211,Child Carers,0.8783760088496511,0.9254740443639653
QLD,4221,Education Aides,0.43693324305780745,0.638734306924917
QLD,4231,Aged and Disabled Carers,0.7679401371540049,0.6209201399799138
QLD,4232,Dental Assistants,0.5712239578793978,0.4354415004645169
QLD,4233,Nursing Support and Personal Care Workers,0.8865879277080282,0.6329645969468016
QLD,4234,Special Care Workers,0.13948509152055788,0.28675911905410567
QLD,4311,Bar Attendants and Baristas,0.7308302571481136,0.8532855742567911
QLD,4312,Cafe Workers,0.3793739847310533,0.6307407060569723
QLD,4313,Gaming Workers,0.46021564958907746,0.48049061959592
QLD,4314,Hotel Service Managers,0.6696856429842897,0.843349249478909
QLD,4315,Waiters,1.0627545226094934,1.154962661530913
QLD,4412,Fire and Emergency Workers,0.713938056567863,0.8829036541130211
QLD,4413,Police,0.258863296596222,-0.35139699015179887
QLD,4421,Prison Officers,0.4932812698672926,0.5377330324381264
QLD,4422,Security Officers and Guards,0.7235248543135757,0.7277882359742023
QLD,4511,Beauty Therapists,0.5200981552992099,0.43234062267646145
QLD,4512,Driving Instructors,0.19955460172085848,0.15164119328575887
QLD,4513,Funeral Workers,0.6205765277251107,0.5813556207256867
QLD,4514,"Gallery, Museum and Tour Guides",0.4740074952289546,1.3979283356352965
QLD,4515,Personal Care Consultants,-0.5500456702528276,-0.25378019893718184
QLD,4516,Tourism and Travel Advisers,-0.2627717799714686,1.0366082286562528
QLD,4517,Travel Attendants,0.3184537189432104,1.076139179569338
QLD,4521,Fitness Instructors,-0.13765772763341655,0.15918169629731516
QLD,4522,Outdoor Adventure Guides,0.850907991085476,0.6877562238169549
QLD,4523,"Sports Coaches, Instructors and Officials",0.7761495232712461,0.765805637294096
QLD,4524,Sportspersons,0.45985132155722575,0.660522091093454
QLD,5111,"Contract, Program and Project Administrators",0.33111412593242484,0.7490002004867371
QLD,5121,Office Managers,0.5274738810231288,0.6893354520148387
QLD,5122,Practice Managers,0.7777446199137383,0.659631962537488
QLD,5211,Personal Assistants,-0.2868980651714734,0.0760993507559693
QLD,5212,Secretaries,0.7403126459912341,1.0254726406139998
QLD,5311,General Clerks,0.5748332761387518,0.7701475681197802
QLD,5321,Keyboard Operators,0.3750469487875572,0.6389208147418359
QLD,5411,Call or Contact Centre Workers,0.6345943885562626,0.8356735824593722
QLD,5412,Information Officers,0.7540243758471608,1.1835628474254563
QLD,5421,Receptionists,0.6058621939319853,0.6066148062953491
QLD,5511,Accounting Clerks,0.38676701555165494,0.8149059326445105
QLD,5512,Bookkeepers,0.4177749000449147,0.6239757206288123
QLD,5513,Payroll Clerks,0.42598439177190794,0.7685437203174983
QLD,5521,Bank Workers,0.6772812527465559,0.9670230653969334
QLD,5522,Credit and Loans Officers,0.6321448465235395,0.8953091407244083
QLD,5523,"Insurance, Money Market and Statistical Clerks",0.36360263720802566,0.5840761669182273
QLD,5611,Betting Clerks,0.06899430005940038,-0.10536071565780636
QLD,5612,Couriers and Postal Deliverers,0.5825234961355541,0.8270555845031051
QLD,5613,Filing and Registry Clerks,0.20426969416388152,0.8325243263179618
QLD,5614,Mail Sorters,0.5420398205920233,0.49441191624250946
QLD,5615,Survey Interviewers,0.4288219528287365,0.7519508746763242
QLD,5616,Switchboard Operators,0.6309049523534089,0.2027116454730068
QLD,5619,Other Clerical and Office Support Workers,0.6184484507225969,0.7965562336749925
QLD,5911,Purchasing and Supply Logistics Clerks,0.6352972799607892,0.8410186084573432
QLD,5912,Transport and Despatch Clerks,0.6312561091228428,0.8649484766797206
QLD,5991,Conveyancers and Legal Executives,0.5126930309227218,0.4789991892883716
QLD,5992,Court and Legal Clerks,0.8097151841427408,0.8193239884726671
QLD,5993,Debt Collectors,0.06464837395774614,0.6064104541311486
QLD,5994,Human Resource Clerks,1.0441986471337077,1.118546504231237
QLD,5995,Inspectors and Regulatory Officers,0.5003307808451556,0.7023833852152999
QLD,5996,"Insurance Investigators, Loss Adjusters and Risk Surveyors",0.6425718057002072,0.8416410239591441
QLD,5997,Library Assistants,0.4689569101220139,0.6724210991769468
QLD,5999,Other Miscellaneous Clerical and Administrative Workers,0.6037543793920839,0.8139004674099102
QLD,6111,"Auctioneers, and Stock and Station Agents",0.16551449949454522,0.2708752818191803
QLD,6112,Insurance Agents,0.6797087233931611,0.7644343736602872
QLD,6113,Sales Representatives,0.41348505705689576,0.6106602423169623
QLD,6121,Real Estate Sales Agents,0.38490527635442273,0.44434792214981744
QLD,6211,Sales Assistants (General),0.7711390652455954,0.8055727057304534
QLD,6212,ICT Sales Assistants,0.1597584902156317,0.5266092695330965
QLD,6213,Motor Vehicle and Vehicle Parts Salespersons,0.5742813095626191,0.6065421720173978
QLD,6214,Pharmacy Sales Assistants,1.2075959767382178,1.210018764084182
QLD,6215,Retail Supervisors,0.6230432170312232,0.6969197639150644
QLD,6216,Service Station Attendants,0.19031591927573377,-0.5686084749813491
QLD,6217,Street Vendors and Related Salespersons,0.0809064875386698,0.10363468243644913
QLD,6219,Other Sales Assistants and Salespersons,0.25500318194809957,0.45838753393498477
QLD,6311,Checkout Operators and Office Cashiers,1.0187295394066869,1.0598714219317231
QLD,6391,Models and Sales Demonstrators,0.6844035248453411,0.9221305742051493
QLD,6392,Retail and Wool Buyers,0.48285175285763815,0.7591052436819461
QLD,6393,Telemarketers,-0.14627299771708646,0.16090468901281296
QLD,6394,Ticket Salespersons,0.6440374294059583,0.947823103192218
QLD,6395,Visual Merchandisers,0.6172234426991827,1.1946859352950787
QLD,6399,Other Sales Support Workers,-0.16459673924957574,0.6389099206066997
QLD,7111,"Clay, Concrete, Glass and Stone Processing Machine Operators",0.25378086560362634,0.14842134994630002
QLD,7112,Industrial Spraypainters,0.5845250376567899,0.5535584892882137
QLD,7113,Paper and Wood Processing Machine Operators,0.6134085689580775,0.15811143787255189
QLD,7114,Photographic Developers and Printers,0.4453120799182905,0.37469442955568055
QLD,7115,Plastics and Rubber Production Machine Operators,0.33218379870669024,0.5135842683958387
QLD,7116,Sewing Machinists,0.7287648543407781,0.5287882928901637
QLD,7117,Textile and Footwear Production Machine Operators,0.4195502340931282,0.15882353737809263
QLD,7119,Other Machine Operators,0.7095074649747231,0.6057977908496825
QLD,7121,"Crane, Hoist and Lift Operators",0.8586616506759364,0.9229038734853856
QLD,7122,"Drillers, Miners and Shot Firers",0.3311780602660699,0.7890935612301977
QLD,7123,Engineering Production Workers,0.1545356904194879,0.25810083756002644
QLD,7129,Other Stationary Plant Operators,0.41413387130528,0.6403137626559836
QLD,7211,"Agricultural, Forestry and Horticultural Plant Operators",0.7952187084457458,0.5225745204819785
QLD,7212,Earthmoving Plant Operators,0.48586534302107864,0.4002495445897498
QLD,7213,Forklift Drivers,0.7366975984773809,0.6027250159723412
QLD,7219,Other Mobile Plant Operators,0.6470784527259053,0.6347144270665002
QLD,7311,Automobile Drivers,0.5760905742193396,0.6567795177149356
QLD,7312,Bus and Coach Drivers,0.5515419600042768,0.6843786947432018
QLD,7313,Train and Tram Drivers,0.7669334407092707,0.6166510700504615
QLD,7321,Delivery Drivers,1.2093978001923373,0.8924257670802955
QLD,7331,Truck Drivers,0.7234031184609346,0.7223258607415142
QLD,7411,Storepersons,0.7783893423780324,0.7308458062599881
QLD,8111,Car Detailers,0.6427036757061337,0.789539033957019
QLD,8112,Commercial Cleaners,0.9467761977414133,0.7857936446333689
QLD,8113,Domestic Cleaners,1.5654663309739283,0.8554805297624277
QLD,8114,Housekeepers,1.044839365563769,1.113697545151891
QLD,8115,Laundry Workers,0.5950998136341314,0.6634419515045282
QLD,8116,Other Cleaners,0.6451379282714438,0.5467730092665284
QLD,8211,Building and Plumbing Labourers,0.7490139377462004,0.7979211817156795
QLD,8212,Concreters,0.551943841264769,0.5211472588538615
QLD,8213,Fencers,0.7634792958323582,0.43276644946555054
QLD,8214,Insulation and Home Improvement Installers,0.944042735541561,0.3779869074477076
QLD,8215,Paving and Surfacing Labourers,0.2889501766327258,0.24914402577421502
QLD,8216,Railway Track Workers,0.06798739123619035,0.16833531481921482
QLD,8217,Structural Steel Construction Workers,0.4125859831675367,0.5841980559183426
QLD,8219,Other Construction and Mining Labourers,0.4905276362994404,0.5964074768385066
QLD,8311,Food and Drink Factory Workers,0.34333332840537656,0.41483289318649375
QLD,8312,"Meat Boners and Slicers, and Slaughterers",-0.08475994257936126,-0.052566846662793765
QLD,8313,"Meat, Poultry and Seafood Process Workers",-0.01869206712415883,0.03566909066260715
QLD,8321,Packers,0.8128475054800903,0.5756283832453502
QLD,8322,Product Assemblers,1.1541580359107293,1.0005812556721003
QLD,8391,Metal Engineering Process Workers,0.5168678779809877,0.5068173421275062
QLD,8392,Plastics and Rubber Factory Workers,0,-0.02739870391780766
QLD,8393,Product Quality Controllers,0.3659472601309366,0.6435682683035733
QLD,8394,Timber and Wood Process Workers,-0.08751957116280207,0.23233151864437862
QLD,8399,Other Factory Process Workers,0.6436835871815534,0.41625270400587944
QLD,8411,Aquaculture Workers,0.375789460443968,0.34130362335590714
QLD,8412,Crop Farm Workers,1.5059588648759794,1.1352584344406815
QLD,8413,Forestry and Logging Workers,0.3358013879100712,0.5209439905372071
QLD,8414,Garden and Nursery Labourers,0.6826883850890182,0.39708934269534435
QLD,8415,Livestock Farm Workers,0.2422101684729503,0.19754580491991858
QLD,8416,Mixed Crop and Livestock Farm Workers,0.6426585959881872,0.3181395384007888
QLD,8419,"Other Farm, Forestry and Garden Workers",0.6208689802386909,0.26023362717872356
QLD,8511,Fast Food Cooks,0.13577300095424016,0.24173198412954378
QLD,8512,Food Trades Assistants,0.21152895401255245,0.08378788976089746
QLD,8513,Kitchenhands,1.0452557477543163,1.136396405467612
QLD,8911,Freight and Furniture Handlers,0.8091436514336863,0.6980765878632211
QLD,8912,Shelf Fillers,2.292231195671823,0.7502545967712271
QLD,8991,Caretakers,0.6022240690052101,0.6312717123401788
QLD,8992,Deck and Fishing Hands,0.3391203612541629,0.7114962347469715
QLD,8993,Handypersons,0.7903507469572562,0.9732019131917102
QLD,8994,Motor Vehicle Parts and Accessories Fitters,0.6215745489078279,0.47148869757072154
QLD,8995,Printing Assistants and Table Workers,0.7204216333517923,0.6665969809231851
QLD,8996,Recycling and Rubbish Collectors,0.34016004619288376,0.6394032598108003
QLD,8997,Vending Machine Attendants,0.7680490523071634,0.7905216960378909
QLD,8999,Other Miscellaneous Labourers,0.631694936277226,0.5789839123584688
SA,1111,Chief Executives and Managing Directors,0.4735303723034363,0.5518921382577964
SA,1112,General Managers,0.5417582286640279,0.6247550828205952
SA,1211,Aquaculture Farmers,-0.2231422179799875,-0.22314355131420976
SA,1212,Crop Farmers,0.49899089511061145,0.7444405144211821
SA,1213,Livestock Farmers,0.7820267959984102,0.5901354035728461
SA,1214,Mixed Crop and Livestock Farmers,0.4067613882973615,0.29287691523562076
SA,1311,Advertising and Sales Managers,0.32173588509057716,0.522575768193696
SA,1321,Corporate Services Managers,0.39738098321469906,0.5584800516272512
SA,1322,Finance Managers,0.4663913399758002,0.4996299711862031
SA,1323,Human Resource Managers,0.7582724383056085,0.8760554446192681
SA,1324,Policy and Planning Managers,0.7022341433313,0.7357702445507557
SA,1325,Research and Development Managers,0.679391941725068,0.9401182530198611
SA,1331,Construction Managers,0.5548227525988318,0.6752744146306879
SA,1332,Engineering Managers,0.5143130554041897,0.8542848758332386
SA,1333,"Importers, Exporters and Wholesalers",0.14953085583466053,0.251313872725196
SA,1334,Manufacturers,0.2102953428055373,0.33474892896836395
SA,1335,Production Managers,0.6353523187779078,0.6107003149405825
SA,1336,"Supply, Distribution and Procurement Managers",0.6850499300047459,0.5459895362236575
SA,1341,Child Care Centre Managers,0.7384808226684072,0.7768901537062716
SA,1342,Health and Welfare Services Managers,0.4278428670804284,0.6373186977198584
SA,1343,School Principals,0.1347324739798399,0.19927110088665256
SA,1344,Other Education Managers,0.32850369363875775,0.8964880645779745
SA,1351,ICT Managers,0.7594290811914233,0.6566098782294452
SA,1399,Other Specialist Managers,0.710187049993174,0.8494120366392015
SA,1411,Cafe and Restaurant Managers,0.4861924147515566,0.6986368375805383
SA,1412,Caravan Park and Camping Ground Managers,0.4578324221309591,0.33647144070275625
SA,1413,Hotel and Motel Managers,0.5186930317386276,0.6956692248037379
SA,1414,Licensed Club Managers,0.6698902889839129,0.3779072204696552
SA,1419,Other Accommodation and Hospitality Managers,0.15728558852274577,0.23732818630616626
SA,1421,Retail Managers,0.6883069891578542,0.7654678476607355
SA,1491,"Amusement, Fitness and Sports Centre Managers",0.8591939699647679,0.7315701429099082
SA,1492,Call or Contact Centre and Customer Service Managers,0.4479899662825648,0.6907480911405277
SA,1493,Conference and Event Organisers,0.6121780760120692,1.1004674746170897
SA,1494,Transport Services Managers,0.32475079528047957,0.47789497270739334
SA,1499,"Other Hospitality, Retail and Service Managers",0.545241379714509,0.5285661429922435
SA,2111,"Actors, Dancers and Other Entertainers",0.9078040666203933,0.9191356044609287
SA,2112,Music Professionals,0.3506568124582498,-0.013986517796259257
SA,2113,Photographers,0.12783390605543965,0.26396593833451065
SA,2114,Visual Arts and Crafts Professionals,0.05000997029278775,-0.1576289137157405
SA,2121,"Artistic Directors, and Media Producers and Presenters",-0.022990009768718428,-0.22778389211095817
SA,2122,"Authors, and Book and Script Editors",0.531974232601597,0.6886728112797063
SA,2123,"Film, Television, Radio and Stage Directors",0.345361257047324,0.4647076238347986
SA,2124,Journalists and Other Writers,0.8945390780966385,0.9507643109770738
SA,2211,Accountants,0.21880080522791356,0.5123332997401002
SA,2212,"Auditors, Company Secretaries and Corporate Treasurers",0.6810391677933234,1.0531499455991056
SA,2221,Financial Brokers,0.40969344403889707,0.3661633182386188
SA,2222,Financial Dealers,1.1036500324468093,0.7289565830053986
SA,2223,Financial Investment Advisers and Managers,0.24648159498513023,0.5053202853977647
SA,2231,Human Resource Professionals,0.5397670944110615,0.7024534522577248
SA,2232,ICT Trainers,-0.03448632772139015,0.017699924843639192
SA,2233,Training and Development Professionals,0.4131678232227367,0.6481365542941226
SA,2241,"Actuaries, Mathematicians and Statisticians",0.13213618671319383,0.25457683125842046
SA,2242,"Archivists, Curators and Records Managers",0.5672200512444734,0.8885401381284163
SA,2243,Economists,0.6617963958987667,1.0131942827366553
SA,2244,Intelligence and Policy Analysts,0.44114569169527584,0.7302533845162382
SA,2245,Land Economists and Valuers,1.1071232347463074,0.48939946742742046
SA,2246,Librarians,0.7938357526602595,0.9010815756266528
SA,2247,Management and Organisation Analysts,0.4853578855056111,0.5322492510843011
SA,2249,Other Information and Organisation Professionals,0.7340705502075662,0.9199427020934845
SA,2251,Advertising and Marketing Professionals,0.6415390259282483,0.7409358481180255
SA,2252,ICT Sales Professionals,-0.20163794553827996,0.22580624320168818
SA,2253,Public Relations Professionals,0.6822751231168795,0.9642067886770409
SA,2254,Technical Sales Representatives,0.49551925292098575,0.6778408730060859
SA,2311,Air Transport Professionals,0.5377967704664239,0.7273388511175645
SA,2312,Marine Transport Professionals,0.3913307410203968,0.8261703191692085
SA,2321,Architects and Landscape Architects,0.1968699834443628,0.38487076963542277
SA,2322,Surveyors and Spatial Scientists,0.38287513785094607,0.5417621065354412
SA,2323,"Fashion, Industrial and Jewellery Designers",0.44368658066865563,0.7711089922999639
SA,2324,"Graphic and Web Designers, and Illustrators",0.6742191164205589,0.5805336014198921
SA,2325,Interior Designers,0.607092369938977,0.6798516566940915
SA,2326,Urban and Regional Planners,0.6354817111239441,0.759208833677067
SA,2331,Chemical and Materials Engineers,0.6109089469846752,0.6988788306385855
SA,2332,Civil Engineering Professionals,0.6259241074565312,0.762140052046897
SA,2333,Electrical Engineers,0.32202823715864826,0.7061223491122028
SA,2334,Electronics Engineers,0.31193913938305906,0.41037907364951076
SA,2335,"Industrial, Mechanical and Production Engineers",0.3986294870499667,0.7151471786391843
SA,2336,Mining Engineers,0.2568313228409651,0.6009274845728374
SA,2339,Other Engineering Professionals,0.46802103797426087,0.6595396279995764
SA,2341,Agricultural and Forestry Scientists,0.2375331347288685,0.2744375494609641
SA,2342,"Chemists, and Food and Wine Scientists",0.8544922182052628,0.8190274376886912
SA,2343,Environmental Scientists,0.5900583030502378,0.6659673293270472
SA,2344,Geologists and Geophysicists,1.1230853006664894,1.26048486994325
SA,2345,Life Scientists,0.8901454445598351,1.1153073518680248
SA,2346,Medical Laboratory Scientists,0.5570147982808287,1.067840567501354
SA,2347,Veterinarians,1.4338469508241634,1.885832213713807
SA,2349,Other Natural and Physical Science Professionals,0.13353151762451487,0.09614407729601782
SA,2411,Early Childhood (Pre-primary School) Teachers,0.7682190772912652,0.5856071967941867
SA,2412,Primary School Teachers,0.35552045460662973,0.4272642412200782
SA,2413,Middle School Teachers (Aus) / Intermediate School Teachers (NZ),0.6220519523748347,0.3949936010040702
SA,2414,Secondary School Teachers,0.3706453225902635,0.6076680924714153
SA,2415,Special Education Teachers,-0.15822371950064928,-0.046519820829734826
SA,2421,University Lecturers and Tutors,0.5546344515601414,0.8053279422549213
SA,2422,Vocational Education Teachers (Aus) / Polytechnic Teachers (NZ),0.26640480388566956,0.38946468611655893
SA,2491,Education Advisers and Reviewers,0.7531645777350301,0.6183456001196297
SA,2492,Private Tutors and Teachers,0.18703842902502754,0.38220830071063916
SA,2493,Teachers of English to Speakers of Other Languages,-0.2513151425668755,-0.06899358577292089
SA,2511,Nutrition Professionals,0.5871091182634562,0.7891357734392588
SA,2512,Medical Imaging Professionals,-0.052922403321965295,0.5684103070631732
SA,2513,Occupational and Environmental Health Professionals,0.7365893620202444,0.8001192678540492
SA,2514,Optometrists and Orthoptists,0.7045323887133457,1.1730099312302076
SA,2515,Pharmacists,0.19293769632053337,0.6416938381807578
SA,2519,Other Health Diagnostic and Promotion Professionals,0.4780357815881593,0.8324088030659212
SA,2521,Chiropractors and Osteopaths,0.36366785747847596,0.6931475464137155
SA,2522,Complementary Health Therapists,0.7428189800292684,0.7244694726741687
SA,2523,Dental Practitioners,0.7921460255845831,0.7776178769447513
SA,2524,Occupational Therapists,0.723355948441633,0.6031373237341269
SA,2525,Physiotherapists,0.45145023252585803,0.5857458376527616
SA,2526,Podiatrists,0.485004846225761,0.25794749362962577
SA,2527,Audiologists and Speech Pathologists/Therapists,1.25620538165186,0.7733535516010539
SA,2531,General Practitioners and Resident Medical Officers,0.5676950357237907,0.660278105190943
SA,2532,Anaesthetists,0.5645302692692635,0.20613274056916153
SA,2533,Specialist Physicians,0.2608440596318995,0.15530400712303294
SA,2534,Psychiatrists,0.5167779926196954,0.497073116662333
SA,2535,Surgeons,0.5742855357683063,0.46034239047768055
SA,2539,Other Medical Practitioners,0.09690373222358373,0.6804886268559276
SA,2541,Midwives,0.7675797266277202,0.8796970478609052
SA,2542,Nurse Educators and Researchers,0.969943228184678,0.9088554714629449
SA,2543,Nurse Managers,0.48624864841332727,0.3445618019872354
SA,2544,Registered Nurses,0.5842901054987992,0.7939097895594163
SA,2611,ICT Business and Systems Analysts,0.432437084721057,0.6181666298541
SA,2612,Multimedia Specialists and Web Developers,-0.05516661050171345,0.30070192757151326
SA,2613,Software and Applications Programmers,0.4476998716235441,0.695357497702858
SA,2621,"Database and Systems Administrators, and ICT Security Specialists",0.2649332762606442,0.41313039188054335
SA,2631,Computer Network Professionals,0.26103180178006014,0.27849361562814323
SA,2632,ICT Support and Test Engineers,0.4406514138420148,0.6058825415670461
SA,2633,Telecommunications Engineering Professionals,0.6250936867367252,0.7073317793345999
SA,2711,Barristers,0.26381440236591003,0.34228641056828624
SA,2713,Solicitors,0.3307153817324835,0.5113705052935389
SA,2721,Counsellors,0.6814011410486609,0.34705438263159527
SA,2722,Ministers of Religion,0.8241756675278176,0.6643263393131401
SA,2723,Psychologists,0.7291183443362113,0.5196078435033771
SA,2724,Social Professionals,1.0685746775725224,0.883211693250129
SA,2725,Social Workers,0.6132668359701077,0.2696937395684289
SA,2726,"Welfare, Recreation and Community Arts Workers",0.7138059223465296,0.5045974126532382
SA,3111,Agricultural Technicians,0.637833540025577,0.637833540025577
SA,3112,Medical Technicians,0.5376104610025494,0.9010355139743806
SA,3113,Primary Products Inspectors,0.9966133696452784,0.7992539029223272
SA,3114,Science Technicians,0.4708772596961417,0.4501152696846318
SA,3121,"Architectural, Building and Surveying Technicians",0.42603211131480556,0.49587933661379147
SA,3122,Civil Engineering Draftspersons and Technicians,0.3438208941047778,0.7028275837006315
SA,3123,Electrical Engineering Draftspersons and Technicians,0.5423240954765152,0.5323737156134496
SA,3124,Electronic Engineering Draftspersons and Technicians,0.22871474235997113,0.21209385651959511
SA,3125,Mechanical Engineering Draftspersons and Technicians,0.7781038311503936,0.6402714917244767
SA,3126,Safety Inspectors,0.6190392934824496,0.6098647328745941
SA,3129,Other Building and Engineering Technicians,0.32136262732889476,0.5039052339718162
SA,3131,ICT Support Technicians,0.3659114975268283,0.4632963588967596
SA,3132,Telecommunications Technical Specialists,0.7221353056686648,0.5430866499186519
SA,3211,Automotive Electricians,0.25048180334294967,0.50019235800342
SA,3212,Motor Mechanics,0.43301828552319943,0.5673651720735915
SA,3221,"Metal Casting, Forging and Finishing Trades Workers",-0.19415651864269096,-0.35667505108162195
SA,3222,Sheetmetal Trades Workers,0.4582265033107995,0.42437088106261633
SA,3223,Structural Steel and Welding Trades Workers,0.22341184266477132,0.47154989619691623
SA,3231,Aircraft Maintenance Engineers,1.1424552286477756,1.3677012410389802
SA,3232,Metal Fitters and Machinists,0.5235814428652654,0.6890864020414638
SA,3233,Precision Metal Trades Workers,0.6211742572200905,0.7600105306794745
SA,3234,Toolmakers and Engineering Patternmakers,0.16846457120441904,0.13242472971187258
SA,3241,Panelbeaters,0.6719448672649886,0.8389988565689794
SA,3242,Vehicle Body Builders and Trimmers,0.29119687223164537,0.2100725401502601
SA,3243,Vehicle Painters,1.1386178273634622,0.739978617230355
SA,3311,Bricklayers and Stonemasons,0.8233620030627049,0.598894758592819
SA,3312,Carpenters and Joiners,0.6814104800487648,0.45223501566133395
SA,3321,Floor Finishers,0.4480245655221855,0.27541237958893283
SA,3322,Painting Trades Workers,0.7061949612536513,0.36999077450193374
SA,3331,Glaziers,0.520847038342128,0.26236409780083836
SA,3332,Plasterers,0.45953200641195435,0.5140203389687286
SA,3333,Roof Tilers,0.09038393801147127,0.09038407314661545
SA,3334,Wall and Floor Tilers,0.6474014877805896,0.5323321314846616
SA,3341,Plumbers,0.7006883912098125,0.5666590926765656
SA,3411,Electricians,0.533400417686364,0.651941713332274
SA,3421,Airconditioning and Refrigeration Mechanics,0.4609163858235661,0.2725823237424789
SA,3422,Electrical Distribution Trades Workers,0.7995943449678982,0.3152018501644531
SA,3423,Electronics Trades Workers,0.12615121125282336,0.5067188087228678
SA,3424,Telecommunications Trades Workers,0.2580409729294386,0.2627251960735708
SA,3511,Bakers and Pastrycooks,0.5765737947616429,0.6725884250729655
SA,3512,Butchers and Smallgoods Makers,0.4391907692014252,0.377790485207532
SA,3513,Chefs,0.5072130886309179,0.5484163903679553
SA,3514,Cooks,0.8629066859064691,0.954800121687573
SA,3611,Animal Attendants and Trainers,0.35545475476301513,0.21357422850317898
SA,3612,Shearers,-0.08004193844247137,0
SA,3613,Veterinary Nurses,0.7348989008907219,0.5708307186166459
SA,3621,Florists,0.4685659583609896,0.4236146803888392
SA,3622,Gardeners,0.6992016893464608,0.5963747650866424
SA,3623,Greenkeepers,0.7240654117292085,0.7240652668016618
SA,3624,Nurserypersons,1.19392256847244,0.557345798131055
SA,3911,Hairdressers,0.44610046561426797,0.33368868271871754
SA,3921,"Binders, Finishers and Screen Printers",0.427444123522586,0.4613453303707406
SA,3922,Graphic Pre-press Trades Workers,0.727049421891037,0.6603567125758723
SA,3923,Printers,0.3516627962285912,0.1634064202292682
SA,3931,Canvas and Leather Goods Makers,0.14458352368332916,0.2876838032208453
SA,3932,Clothing Trades Workers,0.8073400145511791,0.7755911499059137
SA,3933,Upholsterers,0.858022607146838,0.5516470416196532
SA,3941,Cabinetmakers,0.4043822980373344,0.41417035374350375
SA,3942,Wood Machinists and Other Wood Trades Workers,0.35555069416606777,0.34994849416947105
SA,3991,Boat Builders and Shipwrights,0.5411315932386422,0.6211735316811137
SA,3992,"Chemical, Gas, Petroleum and Power Generation Plant Operators",-0.307100058384312,0.1104571186500245
SA,3993,"Gallery, Library and Museum Technicians",0.7069403657059703,0.8564727448384325
SA,3994,Jewellers,0.5359616724727467,0.6114696313981608
SA,3995,Performing Arts Technicians,0.2740023512282711,0.3649739120426698
SA,3996,Signwriters,0.1923716426474249,0.10535984899121553
SA,3999,Other Miscellaneous Technicians and Trades Workers,0.9207089514125899,0.8324683809855826
SA,4111,Ambulance Officers and Paramedics,0.75316519629160394,0.7429087971132795
SA,4112,"Dental Hygienists, Technicians and Therapists",1.1442229317672998,0.8921679887721381
SA,4113,Diversional Therapists,0.5802072664245861,0.8582270396150401
SA,4114,Enrolled and Mothercraft Nurses,0.883021688126949,1.1084614229658771
SA,4115,Indigenous Health Workers,0.7543911153368982,0.23309404367727593
SA,4116,Massage Therapists,-0.09259285485503321,0.3334917126497472
SA,4117,Welfare Support Workers,0.883263311795897,0.6092103111218674
SA,4211,Child Carers,1.0392357483833732,1.0721317370511438
SA,4221,Education Aides,0.30239715094475894,0.5409282613314028
SA,4231,Aged and Disabled Carers,0.7535932686310947,0.7473532824080733
SA,4232,Dental Assistants,0.4204376265432237,0.309327222045813
SA,4233,Nursing Support and Personal Care Workers,1.016109916369563,0.8010917469525634
SA,4234,Special Care Workers,0.984344424177771,0.5741953719829049
SA,4311,Bar Attendants and Baristas,0.9063247841192736,0.8574020334368821
SA,4312,Cafe Workers,0.5438235319123188,0.8598608349151142
SA,4313,Gaming Workers,0.4833603784603313,0.5750912665422714
SA,4314,Hotel Service Managers,0.7014459833746407,0.8639647167940034
SA,4315,Waiters,1.0642283459761765,1.1585774536715805
SA,4412,Fire and Emergency Workers,0.3439071404818681,0.7644103142178059
SA,4413,Police,0.8501495293705901,0.47171504159472044
SA,4421,Prison Officers,1.0934709415070947,0.9240532031354836
SA,4422,Security Officers and Guards,0.7982450671932146,0.6795287591779893
SA,4511,Beauty Therapists,0.4626234672285521,0.38500401092036896
SA,4512,Driving Instructors,0.5679839591745175,0.8109305495499397
SA,4513,Funeral Workers,0.6931470586087483,0.8609412395115488
SA,4514,"Gallery, Museum and Tour Guides",0.9487999375365168,1.1293843608450078
SA,4515,Personal Care Consultants,-0.44952519575869376,-0.1957441807295131
SA,4516,Tourism and Travel Advisers,0.32492622972553376,1.2915708120310172
SA,4517,Travel Attendants,0.679160662763686,1.2181582944489224
SA,4521,Fitness Instructors,0.36895395396113706,0.45069379137663024
SA,4522,Outdoor Adventure Guides,0.6826762951665072,0.5835851448806428
SA,4523,"Sports Coaches, Instructors and Officials",0.9420629865818881,0.8349557560603245
SA,4524,Sportspersons,0.4434927362555703,0.5497148893665191
SA,5111,"Contract, Program and Project Administrators",0.40072661092457373,0.7015232323028657
SA,5121,Office Managers,0.575540804650418,0.5524870626613869
SA,5122,Practice Managers,0.5991182309116687,0.38916668018566947
SA,5211,Personal Assistants,0.011500430061068379,0.14278105870196978
SA,5212,Secretaries,0.8117037908707019,1.1994169980339189
SA,5311,General Clerks,0.7622408529857516,0.8378232364990348
SA,5321,Keyboard Operators,0.4479062542422416,0.4892614852688624
SA,5411,Call or Contact Centre Workers,0.7420773437968249,0.6241854139277097
SA,5412,Information Officers,0.6788234683263976,0.8287416435546264
SA,5421,Receptionists,0.7528325198891102,0.7589048598622092
SA,5511,Accounting Clerks,0.5991753989434994,0.632601246636117
SA,5512,Bookkeepers,0.14160598398759738,0.3108064506448276
SA,5513,Payroll Clerks,0.48759720772302284,0.6513608973166729
SA,5521,Bank Workers,0.6859593329017435,0.9131397096217722
SA,5522,Credit and Loans Officers,0.779398501257861,0.6451379516504332
SA,5523,"Insurance, Money Market and Statistical Clerks",0.4020919527042288,0.48635301227250705
SA,5611,Betting Clerks,-0.10008398487291055,0.05406669495434781
SA,5612,Couriers and Postal Deliverers,0.514297797182266,0.602100071760447
SA,5613,Filing and Registry Clerks,0.19399035199920256,0.901322025096382
SA,5614,Mail Sorters,0.270646265627872,0.32621639477496167
SA,5615,Survey Interviewers,0.3396189823320719,0.5701425674144895
SA,5616,Switchboard Operators,0.3334906569912745,0.3334925319906885
SA,5619,Other Clerical and Office Support Workers,0.9612537656684195,0.9193630847572909
SA,5911,Purchasing and Supply Logistics Clerks,0.827305092641903,0.7620261804916764
SA,5912,Transport and Despatch Clerks,0.5400011192896983,0.7931970156703101
SA,5991,Conveyancers and Legal Executives,0.7324413474187108,0.6274626489331641
SA,5992,Court and Legal Clerks,0.6766176716415171,0.45675821170623543
SA,5993,Debt Collectors,0.15261347726602814,0.29902813508230275
SA,5994,Human Resource Clerks,0.3617903165835714,0.23211218558268376
SA,5995,Inspectors and Regulatory Officers,0.8989843101377248,0.7211542847382613
SA,5996,"Insurance Investigators, Loss Adjusters and Risk Surveyors",0.6101503000096913,0.631876446422551
SA,5997,Library Assistants,0.3004870624124527,0.6125180331934816
SA,5999,Other Miscellaneous Clerical and Administrative Workers,0.43731497394108976,0.9249489683940302
SA,6111,"Auctioneers, and Stock and Station Agents",0.07410731281233801,0.07410731281233801
SA,6112,Insurance Agents,0.7586101803997427,0.936291378778844
SA,6113,Sales Representatives,0.4027267994342143,0.5812648601883126
SA,6121,Real Estate Sales Agents,0.17560061092829216,0.22825864754442282
SA,6211,Sales Assistants (General),0.7885763954602814,0.7381870433779616
SA,6212,ICT Sales Assistants,0.2263134756837919,0.19506076368145286
SA,6213,Motor Vehicle and Vehicle Parts Salespersons,0.45583547672220615,0.6047721898545868
SA,6214,Pharmacy Sales Assistants,1.017571092371338,1.0650895960942872
SA,6215,Retail Supervisors,0.6264557226352441,0.6224316126580984
SA,6216,Service Station Attendants,-0.4822531294605631,-1.1926420707471062
SA,6217,Street Vendors and Related Salespersons,0.06351329222918056,0.436717596667173
SA,6219,Other Sales Assistants and Salespersons,0.10961951909954326,0.22587913477103005
SA,6311,Checkout Operators and Office Cashiers,1.0042022168543026,0.9076645049500569
SA,6391,Models and Sales Demonstrators,0.9774043711960201,1.2542049215784283
SA,6392,Retail and Wool Buyers,0.10109631940819497,0.28768139937514925
SA,6393,Telemarketers,0.47290625543554476,0.9607421802157621
SA,6394,Ticket Salespersons,0.5134530095375792,0.6246795966600143
SA,6395,Visual Merchandisers,0.41376357621222704,0.6061355143142069
SA,6399,Other Sales Support Workers,0.09309043341338663,0.9062404672327686
SA,7111,"Clay, Concrete, Glass and Stone Processing Machine Operators",0.13005264044320072,-0.024098039384057635
SA,7112,Industrial Spraypainters,0.8260512673765765,0.540042919178898
SA,7113,Paper and Wood Processing Machine Operators,0.3429446191620723,0.489549074215227
SA,7114,Photographic Developers and Printers,0.22314155131220983,0.22314155131220983
SA,7115,Plastics and Rubber Production Machine Operators,0.3121884621696487,0.486905405005172
SA,7116,Sewing Machinists,0.8026312481123912,0.33056390302783534
SA,7117,Textile and Footwear Production Machine Operators,0.04546333531817007,1.3333351109312552e-6
SA,7119,Other Machine Operators,0.617618767816396,0.5903157063871052
SA,7121,"Crane, Hoist and Lift Operators",0.6761382258953494,0.7063520044918459
SA,7122,"Drillers, Miners and Shot Firers",0.4638255514783456,0.8698507043939783
SA,7123,Engineering Production Workers,0.03180187610980001,0.10590979331846828
SA,7129,Other Stationary Plant Operators,0.5553514317021575,0.5489886742194874
SA,7211,"Agricultural, Forestry and Horticultural Plant Operators",0.1673960980560083,0.4360018149198097
SA,7212,Earthmoving Plant Operators,0.2828701118232644,0.283881269657285
SA,7213,Forklift Drivers,0.5538323786821726,0.5529153772423987
SA,7219,Other Mobile Plant Operators,0.6088718156044473,0.3246202231724924
SA,7311,Automobile Drivers,0.10372003939588881,0.33647235484781524
SA,7312,Bus and Coach Drivers,0.7592869430644895,1.032824620489663
SA,7313,Train and Tram Drivers,0.8375975718808413,0.6530273976911765
SA,7321,Delivery Drivers,1.1313102558762425,0.7469591234507291
SA,7331,Truck Drivers,0.6363467542972012,0.6750574646544552
SA,7411,Storepersons,0.7749859864600577,0.7348038069098584
SA,8111,Car Detailers,0.76308665504015,0.8933763311566718
SA,8112,Commercial Cleaners,0.8482890960331213,0.7392214591937059
SA,8113,Domestic Cleaners,1.2561584219032769,0.5871085490199826
SA,8114,Housekeepers,1.1003932419596896,0.861334179865334
SA,8115,Laundry Workers,0.6338705030813983,1.1375277812536582
SA,8116,Other Cleaners,1.0753554265038423,0.6067894681428525
SA,8211,Building and Plumbing Labourers,0.6113171623123126,0.7259800773080198
SA,8212,Concreters,0.23328796933008134,0.26516309688887363
SA,8213,Fencers,0.9737619981350613,0.3311672375830077
SA,8214,Insulation and Home Improvement Installers,0.6898736919234487,0.28658971850381576
SA,8215,Paving and Surfacing Labourers,-0.6131044408351141,0.18232055679407
SA,8216,Railway Track Workers,0.17768164235362338,-0.11000105509796232
SA,8217,Structural Steel Construction Workers,0.3841422235928915,0.588033064720257
SA,8219,Other Construction and Mining Labourers,0.8909723675712775,0.9089915013206258
SA,8311,Food and Drink Factory Workers,0.5102992378946807,0.2642617695736251
SA,8312,"Meat Boners and Slicers, and Slaughterers",0.3352075688569316,0.03215775075085836
SA,8313,"Meat, Poultry and Seafood Process Workers",0.3266846214622159,-0.08130290929598782
SA,8321,Packers,0.877372165756761,0.6404080724129728
SA,8322,Product Assemblers,0.8682815353568527,0.6053164507934703
SA,8391,Metal Engineering Process Workers,-0.6220516365853442,-0.3022823296732402
SA,8392,Plastics and Rubber Factory Workers,-0.08004193844247137,0
SA,8393,Product Quality Controllers,0.37289552466023856,0.7145347781854365
SA,8394,Timber and Wood Process Workers,0.23638870287625768,-0.12693071755597551
SA,8399,Other Factory Process Workers,0.7185987389607886,0.37189555036521904
SA,8411,Aquaculture Workers,0.08004193844247137,0
SA,8412,Crop Farm Workers,0.4403119100133437,0.417771421185976
SA,8413,Forestry and Logging Workers,0.6742189819801646,0.4712784670651198
SA,8414,Garden and Nursery Labourers,0.6126599874507255,0.04130387900494359
SA,8415,Livestock Farm Workers,0.6019569217494181,0.36243466862706963
SA,8416,Mixed Crop and Livestock Farm Workers,0.6387670499782963,0.25148426095332255
SA,8419,"Other Farm, Forestry and Garden Workers",0.10253966796263558,-0.04555632162502521
SA,8511,Fast Food Cooks,0.18232146304394425,-0.06551500726304815
SA,8512,Food Trades Assistants,0.39531306595771043,0.7563267277006963
SA,8513,Kitchenhands,1.0505822661117326,1.1106525881691551
SA,8911,Freight and Furniture Handlers,1.1781772615449873,0.47883789392092213
SA,8912,Shelf Fillers,1.552053213965698,0.6830154227733503
SA,8991,Caretakers,0.5247285085207818,0.8957922399116125
SA,8992,Deck and Fishing Hands,0.4080458841670338,0.3050135655707815
SA,8993,Handypersons,0.8112018908075309,0.7234776108856926
SA,8994,Motor Vehicle Parts and Accessories Fitters,0.48106792357281414,0.49689922963276967
SA,8995,Printing Assistants and Table Workers,0.7261336185806437,0.9281602328026757
SA,8996,Recycling and Rubbish Collectors,0.8016282616383053,0.5784845853240251
SA,8997,Vending Machine Attendants,0.4473133151435286,0.4473133151435286
SA,8999,Other Miscellaneous Labourers,0.444898125828308,0.4216427770449309
TAS,1111,Chief Executives and Managing Directors,0.30612783796921983,0.6153162220249373
TAS,1112,General Managers,0.15082296548209895,0.3689954538285456
TAS,1211,Aquaculture Farmers,0,0
TAS,1212,Crop Farmers,0.25299765884930336,0.4536680007758421
TAS,1213,Livestock Farmers,0.008368165636906788,0.2657027309504916
TAS,1214,Mixed Crop and Livestock Farmers,0.059276677478546924,0.021819044220708683
TAS,1311,Advertising and Sales Managers,0.46530092652848154,0.6709486997938483
TAS,1321,Corporate Services Managers,0.5038143498154664,0.5393735676771907
TAS,1322,Finance Managers,0.24629689150019374,0.3162553351795785
TAS,1323,Human Resource Managers,0.6767083731454482,0.6876374974282315
TAS,1324,Policy and Planning Managers,0.6694017096991236,0.9089241794279781
TAS,1325,Research and Development Managers,0.42488241342243416,0.3958947504988437
TAS,1331,Construction Managers,0.8545911853901966,0.9408514425626988
TAS,1332,Engineering Managers,0.88926142250005,0.8564719383866246
TAS,1333,"Importers, Exporters and Wholesalers",0.20066955909786913,0.20066955909786913
TAS,1334,Manufacturers,0.5411315932386422,0.4670242804263042
TAS,1335,Production Managers,0.6491710697254911,0.5904633061080022
TAS,1336,"Supply, Distribution and Procurement Managers",0.8665297739299738,0.7738704666021077
TAS,1341,Child Care Centre Managers,0.9044565683448423,0.6580565504040853
TAS,1342,Health and Welfare Services Managers,1.3835735428927691,1.3306504085833142
TAS,1343,School Principals,0.49302099384893183,0.6406561303556494
TAS,1344,Other Education Managers,0.13778327707052995,0.3956129077630215
TAS,1351,ICT Managers,0.4752608619213299,0.8336584934465361
TAS,1399,Other Specialist Managers,0.32995732832731783,0.5877866060785912
TAS,1411,Cafe and Restaurant Managers,0.4649911079247018,1.0097182254353456
TAS,1412,Caravan Park and Camping Ground Managers,-0.046519626023870775,0.024097342519550258
TAS,1413,Hotel and Motel Managers,0.7125651433966953,1.047078183139448
TAS,1414,Licensed Club Managers,0.09015295125692568,0.16862326134497302
TAS,1419,Other Accommodation and Hospitality Managers,0.39979908744460574,0.6271895246637831
TAS,1421,Retail Managers,0.6735866482934703,0.9255930592889787
TAS,1491,"Amusement, Fitness and Sports Centre Managers",0.794123722900143,0.942043662759273
TAS,1492,Call or Contact Centre and Customer Service Managers,0.13840215783996657,0.921405628459272
TAS,1493,Conference and Event Organisers,0.4809723525949441,0.5863331035468606
TAS,1494,Transport Services Managers,0.6501294154877897,0.8999411840121874
TAS,1499,"Other Hospitality, Retail and Service Managers",0.3043338344845816,0.7401042536265374
TAS,2111,"Actors, Dancers and Other Entertainers",0.4711096657877072,0.779656579230363
TAS,2112,Music Professionals,0.08004193844247137,0
TAS,2113,Photographers,0.10536007121303631,0.16251792949727512
TAS,2114,Visual Arts and Crafts Professionals,0.08004193844247137,0.08004193844247137
TAS,2121,"Artistic Directors, and Media Producers and Presenters",-0.23361412749665184,-0.10008255630046158
TAS,2122,"Authors, and Book and Script Editors",1.13943450818848,1.3470740171975943
TAS,2123,"Film, Television, Radio and Stage Directors",0.21936377187097522,0.5260938651278442
TAS,2124,Journalists and Other Writers,1.2535105123436312,1.38779027751733
TAS,2211,Accountants,-0.010799262853911973,0.37974013667739204
TAS,2212,"Auditors, Company Secretaries and Corporate Treasurers",0.1522232789310709,0.987021208594359
TAS,2221,Financial Brokers,0.7375982711940998,0.6231886448320137
TAS,2222,Financial Dealers,-0.1335306273184197,0.13062221848854794
TAS,2223,Financial Investment Advisers and Managers,-0.12260210318080222,0.30228084397244803
TAS,2231,Human Resource Professionals,0.41570253610101426,0.685767054743804
TAS,2232,ICT Trainers,-0.28185085838322627,0.1776809446792859
TAS,2233,Training and Development Professionals,0.41714417559182904,0.3996763944457076
TAS,2241,"Actuaries, Mathematicians and Statisticians",0.5139447829366341,0.781009165762238
TAS,2242,"Archivists, Curators and Records Managers",0.6574291888669529,0.640037101327557
TAS,2243,Economists,0.5627848563674596,0.6082481606772077
TAS,2244,Intelligence and Policy Analysts,1.1124575558989196,1.5255564409533982
TAS,2245,Land Economists and Valuers,0.1599653338099185,0.1102028286098673
TAS,2246,Librarians,0.7431582484144448,0.6225299459403228
TAS,2247,Management and Organisation Analysts,0.452370288419234,0.5883259369968799
TAS,2249,Other Information and Organisation Professionals,0.32870119041849843,0.8883167936248559
TAS,2251,Advertising and Marketing Professionals,0.4412746389298787,0.9280852659941119
TAS,2252,ICT Sales Professionals,-0.6649765893074939,-0.10535951565732633
TAS,2253,Public Relations Professionals,0.5789291932744636,0.675510161140394
TAS,2254,Technical Sales Representatives,0.11294053148454009,0.03960934403801164
TAS,2311,Air Transport Professionals,-0.12715626073673314,-0.03333659531626043
TAS,2312,Marine Transport Professionals,0.5968159134009252,0.7629427658337901
TAS,2321,Architects and Landscape Architects,0.28425188052684813,-0.08872753206457695
TAS,2322,Surveyors and Spatial Scientists,0.6652015246442347,0.8365593682223007
TAS,2323,"Fashion, Industrial and Jewellery Designers",0.6140122692107178,0.6584623124117033
TAS,2324,"Graphic and Web Designers, and Illustrators",0.47000362924573547,0.6216878717502736
TAS,2325,Interior Designers,0.3364721586991177,0.3548216711048258
TAS,2326,Urban and Regional Planners,0.5328045908712542,0.5609751900601343
TAS,2331,Chemical and Materials Engineers,0.2090923507329884,0.12014436001550682
TAS,2332,Civil Engineering Professionals,0.36302858624516654,0.6310747125087
TAS,2333,Electrical Engineers,0.6461124532775271,0.5631632621886624
TAS,2334,Electronics Engineers,-0.07145882988244467,0.22778430554799287
TAS,2335,"Industrial, Mechanical and Production Engineers",0.6615526932207625,0.8334029411761301
TAS,2336,Mining Engineers,0.2935888822319128,0.40369979452482485
TAS,2339,Other Engineering Professionals,0.13753002205488007,0.4869055726029141
TAS,2341,Agricultural and Forestry Scientists,0.11531124255052005,0.16077350034821425
TAS,2342,"Chemists, and Food and Wine Scientists",0.6154377997443405,1.0116010253148846
TAS,2343,Environmental Scientists,0.6533011157627577,0.7460105558313055
TAS,2344,Geologists and Geophysicists,0.866166438149526,1.0619108801404955
TAS,2345,Life Scientists,0.4809728424344748,0.7114965010463072
TAS,2346,Medical Laboratory Scientists,0.4918223694038366,0.46856608736130523
TAS,2347,Veterinarians,1.0229000982526852,1.2305393909155704
TAS,2349,Other Natural and Physical Science Professionals,-0.1593317151020024,0.14660345983780987
TAS,2411,Early Childhood (Pre-primary School) Teachers,0.6380870462341246,0.5363045477766661
TAS,2412,Primary School Teachers,1.3032974983477743,1.4559739553800202
TAS,2413,Middle School Teachers (Aus) / Intermediate School Teachers (NZ),0.05264323452466371,-0.050011433708135766
TAS,2414,Secondary School Teachers,0.7362306984989502,0.856375411786221
TAS,2415,Special Education Teachers,0.34228684535080045,0.5705460624811922
TAS,2421,University Lecturers and Tutors,0.8547888699011534,0.8547886067432242
TAS,2422,Vocational Education Teachers (Aus) / Polytechnic Teachers (NZ),0.7672552557356598,1.054937905110795
TAS,2491,Education Advisers and Reviewers,0.34627643856824714,0.5355171235515606
TAS,2492,Private Tutors and Teachers,0.11122569702976359,-0.14660445505315467
TAS,2493,Teachers of English to Speakers of Other Languages,-0.05264323452466371,-0.05264323452466371
TAS,2511,Nutrition Professionals,0.4740943722759916,0.3802755583355206
TAS,2512,Medical Imaging Professionals,0.24839572501562168,0.6408313170766486
TAS,2513,Occupational and Environmental Health Professionals,0.4811591075696606,0.7983316789546842
TAS,2514,Optometrists and Orthoptists,1.0205241841482737,1.3319608301490464
TAS,2515,Pharmacists,0.8861378452492303,1.100655537737524
TAS,2519,Other Health Diagnostic and Promotion Professionals,0.6000559038350324,0.6000565705019213
TAS,2521,Chiropractors and Osteopaths,0.19290240072642378,0.2818503320670212
TAS,2522,Complementary Health Therapists,1.3785721611798383,1.1962511428474842
TAS,2523,Dental Practitioners,0.5453116642439304,0.4037714412471818
TAS,2524,Occupational Therapists,0.7675128483372551,0.4037920142150955
TAS,2525,Physiotherapists,0.6458461447044637,0.3769687704325895
TAS,2526,Podiatrists,0.8542083371407205,0.43908170460326845
TAS,2527,Audiologists and Speech Pathologists/Therapists,1.1959865663296563,0.7792216769716442
TAS,2531,General Practitioners and Resident Medical Officers,0.831587764664981,0.6231753466796905
TAS,2532,Anaesthetists,0.4723597424940883,0.06062583505175145
TAS,2533,Specialist Physicians,0.573278770400484,0.3695821824877199
TAS,2534,Psychiatrists,1.1840299124339346,0.46262358386761937
TAS,2535,Surgeons,-0.33024174801189266,0.16507953296812067
TAS,2539,Other Medical Practitioners,0.9339558049842871,1.1423566326390624
TAS,2541,Midwives,1.0570478940117745,1.1119638085889285
TAS,2542,Nurse Educators and Researchers,1.589522461888098,1.352392809444209
TAS,2543,Nurse Managers,0.2969845118430672,0.3797568529208051
TAS,2544,Registered Nurses,0.9215795157459148,0.958250284963805
TAS,2611,ICT Business and Systems Analysts,0.5566282935476776,0.86699415530637
TAS,2612,Multimedia Specialists and Web Developers,-0.2231439263141728,0.33647202233550255
TAS,2613,Software and Applications Programmers,0.4257477030867567,1.0231760399246488
TAS,2621,"Database and Systems Administrators, and ICT Security Specialists",0.6304759801392301,0.8844639990577041
TAS,2631,Computer Network Professionals,0.0055096011694739655,0.5596158703530176
TAS,2632,ICT Support and Test Engineers,0.2793830418478416,0.8855185561620482
TAS,2633,Telecommunications Engineering Professionals,0.41173446640493844,0.5753666449054369
TAS,2711,Barristers,0.13976272498433068,0.16508030219918565
TAS,2713,Solicitors,0.7017308391496497,0.7103888153110551
TAS,2721,Counsellors,1.0358113902471149,0.8498732725623155
TAS,2722,Ministers of Religion,0.4173001581921782,0.16598578943510478
TAS,2723,Psychologists,0.8388276459524846,0.44698508838869566
TAS,2724,Social Professionals,1.1254106559681567,1.7680056168332043
TAS,2725,Social Workers,0.8115797777851244,0.7009698538851348
TAS,2726,"Welfare, Recreation and Community Arts Workers",0.752965626389503,0.5325655644080678
TAS,3111,Agricultural Technicians,0.702625936306942,0.7242873600954236
TAS,3112,Medical Technicians,0.44326773827587185,0.5270862091538981
TAS,3113,Primary Products Inspectors,0.6257068856090715,0.6042002363545178
TAS,3114,Science Technicians,0.29511686685965255,0.6496627991171706
TAS,3121,"Architectural, Building and Surveying Technicians",0.6338412948055163,0.713724111225492
TAS,3122,Civil Engineering Draftspersons and Technicians,0.685303846233762,0.6100805031211713
TAS,3123,Electrical Engineering Draftspersons and Technicians,0.4307829160924541,0.8888916225509147
TAS,3124,Electronic Engineering Draftspersons and Technicians,-0.3042112104685519,-0.2363882517483024
TAS,3125,Mechanical Engineering Draftspersons and Technicians,0.042111382257338126,0.4803668131886185
TAS,3126,Safety Inspectors,0.24014214854961646,0.3777631189313694
TAS,3129,Other Building and Engineering Technicians,0.36422236010040887,0.7772917622503277
TAS,3131,ICT Support Technicians,0.2964348584978116,0.4054650590885558
TAS,3132,Telecommunications Technical Specialists,0.28768266068690196,0.39086841866242106
TAS,3211,Automotive Electricians,0.6413708578518023,0.7894236533018837
TAS,3212,Motor Mechanics,0.4175262688632304,0.6378187758498042
TAS,3221,"Metal Casting, Forging and Finishing Trades Workers",0,-0.08004193844247137
TAS,3222,Sheetmetal Trades Workers,-0.011299610795297399,0.16653747745453318
TAS,3223,Structural Steel and Welding Trades Workers,0.4334390578761753,0.6672777751087824
TAS,3231,Aircraft Maintenance Engineers,0.08223850425198542,0.4389141216604285
TAS,3232,Metal Fitters and Machinists,0.38706196806178195,0.7111386929110002
TAS,3233,Precision Metal Trades Workers,0.05884209742498103,0.4872958040961155
TAS,3234,Toolmakers and Engineering Patternmakers,0,0
TAS,3241,Panelbeaters,0.7243991709506068,0.9963333626246116
TAS,3242,Vehicle Body Builders and Trimmers,-0.046519626023870775,-0.023532391098813915
TAS,3243,Vehicle Painters,0.2876824295948295,0.44183239513611833
TAS,3311,Bricklayers and Stonemasons,0.03125315888853053,-0.11607182984089304
TAS,3312,Carpenters and Joiners,0.5252463179319204,0.5926442568034513
TAS,3321,Floor Finishers,0.5068171614045873,0.5270208850489506
TAS,3322,Painting Trades Workers,0.778871564844356,0.8038731788172275
TAS,3331,Glaziers,0.3715636340187062,0.053109561991053766
TAS,3332,Plasterers,0.310154164667462,0.054807273114792054
TAS,3333,Roof Tilers,0.6375783139609006,0.05884075976304137
TAS,3334,Wall and Floor Tilers,0.6297776600852956,0.7410027069603988
TAS,3341,Plumbers,0.31514263320249114,0.5075144948582087
TAS,3411,Electricians,0.46660115028892424,0.7398944778351888
TAS,3421,Airconditioning and Refrigeration Mechanics,0.5438511946744085,0.8586615885290498
TAS,3422,Electrical Distribution Trades Workers,0.7419373447293773,0.7531098588109579
TAS,3423,Electronics Trades Workers,0.35503456539154654,0.17544888062390218
TAS,3424,Telecommunications Trades Workers,0.11279649116036816,0.2231439513141299
TAS,3511,Bakers and Pastrycooks,0.8831102922009013,0.7648624691968555
TAS,3512,Butchers and Smallgoods Makers,0.688233067235344,0.5425213407997165
TAS,3513,Chefs,0.36094504809489436,0.6719193373353773
TAS,3514,Cooks,0.378264718834159,0.5645297076567131
TAS,3611,Animal Attendants and Trainers,0.33647266519265673,0.21868937953624212
TAS,3612,Shearers,0,0
TAS,3613,Veterinary Nurses,0.44895111366541884,0.40015994949548694
TAS,3621,Florists,0.42566823175246765,0.46734117565652505
TAS,3622,Gardeners,0.8276970148836866,0.7696336303169269
TAS,3623,Greenkeepers,0.6811709292722641,0.7681825660021873
TAS,3624,Nurserypersons,0.21130857265879022,0.4795735637786248
TAS,3911,Hairdressers,0.8771229810304628,0.8705223623528993
TAS,3921,"Binders, Finishers and Screen Printers",0.05000997029278775,0.13005190873525913
TAS,3922,Graphic Pre-press Trades Workers,0.19415412368421806,0.2942380333687997
TAS,3923,Printers,0.744440336789628,0.6931483055604374
TAS,3931,Canvas and Leather Goods Makers,0,0
TAS,3932,Clothing Trades Workers,-0.08004193844247137,-0.22314355131420976
TAS,3933,Upholsterers,-0.08004193844247137,0
TAS,3941,Cabinetmakers,0.38382568701845954,0.22314341068921095
TAS,3942,Wood Machinists and Other Wood Trades Workers,-0.15180582584426594,-0.23293135968169543
TAS,3991,Boat Builders and Shipwrights,0.3732045269207499,0.4473118397330879
TAS,3992,"Chemical, Gas, Petroleum and Power Generation Plant Operators",0.2542344606185153,0.13062160624371238
TAS,3993,"Gallery, Library and Museum Technicians",0.5596154665067192,0.3772942847129286
TAS,3994,Jewellers,-0.10535958232343526,0.0689914905346033
TAS,3995,Performing Arts Technicians,-0.3254225927423388,0.3136578928632587
TAS,3996,Signwriters,0.326684029062688,0.49995556606147373
TAS,3999,Other Miscellaneous Technicians and Trades Workers,0.7099190514271347,1.263212468294134
TAS,4111,Ambulance Officers and Paramedics,0.6145571385248904,0.3960755546742305
TAS,4112,"Dental Hygienists, Technicians and Therapists",0.2394044941849125,0.3990343796885152
TAS,4113,Diversional Therapists,0.5260937514914741,0.31845424248235976
TAS,4114,Enrolled and Mothercraft Nurses,0.5326952132825413,0.7665746048669737
TAS,4115,Indigenous Health Workers,0.2814115820797488,0.3729794125914251
TAS,4116,Massage Therapists,-0.18442756411670935,-0.012578649295542976
TAS,4117,Welfare Support Workers,0.3542469073786578,0.6782437459158039
TAS,4211,Child Carers,0.6562828953458513,0.611714472133249
TAS,4221,Education Aides,0.5402514595864614,0.5185702851113136
TAS,4231,Aged and Disabled Carers,0.4104989271557158,0.4281842432582281
TAS,4232,Dental Assistants,0.5432607010155444,0.5469306129199971
TAS,4233,Nursing Support and Personal Care Workers,0.3948380785070853,0.6960000925216003
TAS,4234,Special Care Workers,0.15414996554128887,0.0741080270988175
TAS,4311,Bar Attendants and Baristas,0.5626000381959577,0.8930235630556318
TAS,4312,Cafe Workers,0.29114824582619026,0.5975222626108962
TAS,4313,Gaming Workers,-0.08855285747960351,0.48242661961459943
TAS,4314,Hotel Service Managers,0.4716053752281649,0.669430421442675
TAS,4315,Waiters,0.7887831463257768,1.093738128080045
TAS,4412,Fire and Emergency Workers,0.11441095723853412,0.4468501834259583
TAS,4413,Police,0.4567589288116428,0.2657033831243336
TAS,4421,Prison Officers,0.3022823296732402,0.36290698825440315
TAS,4422,Security Officers and Guards,0.6111457914730396,0.8787724525336178
TAS,4511,Beauty Therapists,0.4182046450833232,0.3991558768179426
TAS,4512,Driving Instructors,0.15082272229267013,-0.019802439060792543
TAS,4513,Funeral Workers,0.3455017557001514,0.9051175436355741
TAS,4514,"Gallery, Museum and Tour Guides",0.7505578958107919,1.0321982584067921
TAS,4515,Personal Care Consultants,-0.5055490929810749,-0.21256154276759537
TAS,4516,Tourism and Travel Advisers,0.19671029424605413,0.8659906537769326
TAS,4517,Travel Attendants,0.06453789613737587,0.1576295387163265
TAS,4521,Fitness Instructors,0.03690463212342365,0.021978684496577694
TAS,4522,Outdoor Adventure Guides,0.43213309914470455,0.3794898646200408
TAS,4523,"Sports Coaches, Instructors and Officials",0.9263122970989937,0.8141405988903028
TAS,4524,Sportspersons,4.7619036291912664e-7,0.27193481667419994
TAS,5111,"Contract, Program and Project Administrators",0.38783008782210215,0.6677065733688274
TAS,5121,Office Managers,0.5469526805290643,0.8680005084456677
TAS,5122,Practice Managers,0.9668430462482533,1.0640063865387193
TAS,5211,Personal Assistants,-0.15229374294671594,0.08112514422701445
TAS,5212,Secretaries,1.3164086068461525,1.5087799176753631
TAS,5311,General Clerks,0.761968354905826,0.9173596723785682
TAS,5321,Keyboard Operators,0.1146034619018872,0.5564357379904956
TAS,5411,Call or Contact Centre Workers,0.8643261825855273,1.0282388280284702
TAS,5412,Information Officers,0.6758938659359535,1.1271275014601192
TAS,5421,Receptionists,0.6279661428594259,0.7389084859088926
TAS,5511,Accounting Clerks,0.4192250666502342,0.7945853132110297
TAS,5512,Bookkeepers,0.7949304772399939,0.8690377194093081
TAS,5513,Payroll Clerks,0.5910177825709484,0.7094077014317255
TAS,5521,Bank Workers,0.698253472071614,0.8649975520876256
TAS,5522,Credit and Loans Officers,0.5484644488807007,0.978193968462203
TAS,5523,"Insurance, Money Market and Statistical Clerks",0.019803627296679727,0.19415744301340643
TAS,5611,Betting Clerks,0,0
TAS,5612,Couriers and Postal Deliverers,0.6875763571120288,1.0363458669504197
TAS,5613,Filing and Registry Clerks,0.2984930411506599,0.6931471805599454
TAS,5614,Mail Sorters,0.4144331555036901,0.36178992097902635
TAS,5615,Survey Interviewers,0.5135611656778606,0.693146688756707
TAS,5616,Switchboard Operators,0.15414925125480938,0.15414925125480938
TAS,5619,Other Clerical and Office Support Workers,0.3420957192124706,0.42433425729922125
TAS,5911,Purchasing and Supply Logistics Clerks,0.4372541471764677,0.6289215541056605
TAS,5912,Transport and Despatch Clerks,0.4252378298283246,0.5476396270091883
TAS,5991,Conveyancers and Legal Executives,0.17627948330187637,0.34662432237098595
TAS,5992,Court and Legal Clerks,0.5212973677121933,0.6776431526777891
TAS,5993,Debt Collectors,0.26570360051570896,0.5295181341367051
TAS,5994,Human Resource Clerks,0.4495250489739617,0.4769245749639558
TAS,5995,Inspectors and Regulatory Officers,0.6271892148405436,0.9343093524889967
TAS,5996,"Insurance Investigators, Loss Adjusters and Risk Surveyors",0.7958925891156263,0.7239191485701497
TAS,5997,Library Assistants,0.27443697201760825,0.30110496305414836
TAS,5999,Other Miscellaneous Clerical and Administrative Workers,0.3285035736387456,0.5798180495386844
TAS,6111,"Auctioneers, and Stock and Station Agents",0,-0.08004193844247137
TAS,6112,Insurance Agents,0.3987308074704805,0.5584906103743676
TAS,6113,Sales Representatives,0.6020872353282911,0.7595355129262389
TAS,6121,Real Estate Sales Agents,0.6910787000948406,0.8047381838566046
TAS,6211,Sales Assistants (General),0.7640261815796459,0.9019667595627086
TAS,6212,ICT Sales Assistants,0.07410731281233801,0.04878973559748305
TAS,6213,Motor Vehicle and Vehicle Parts Salespersons,0.5433550120965136,0.6908079512589267
TAS,6214,Pharmacy Sales Assistants,1.1670501141320389,1.1182589678196178
TAS,6215,Retail Supervisors,0.7088132956681299,0.7967828635326496
TAS,6216,Service Station Attendants,-0.262364356775216,-0.5766135395849477
TAS,6217,Street Vendors and Related Salespersons,-0.02247196191246817,0.2006709227348526
TAS,6219,Other Sales Assistants and Salespersons,-0.10135225329640318,0.3662451641859481
TAS,6311,Checkout Operators and Office Cashiers,0.74806310806499,1.06853401409262
TAS,6391,Models and Sales Demonstrators,0.8996110050815156,0.9818493449941255
TAS,6392,Retail and Wool Buyers,0.20066887727868016,0.02298723492505686
TAS,6393,Telemarketers,0.8892621279793841,0.9946243103052659
TAS,6394,Ticket Salespersons,0.015266863739088588,0.45198395491204024
TAS,6395,Visual Merchandisers,0.5198753671483332,0.7205462898831858
TAS,6399,Other Sales Support Workers,0.9506157431853421,1.2982609299498695
TAS,7111,"Clay, Concrete, Glass and Stone Processing Machine Operators",-0.15415067982725836,0
TAS,7112,Industrial Spraypainters,0.3409265869705932,0.8799239805608218
TAS,7113,Paper and Wood Processing Machine Operators,0.5930624814015756,0.7472138755142931
TAS,7114,Photographic Developers and Printers,0,0
TAS,7115,Plastics and Rubber Production Machine Operators,0.5108256237659907,0.08701210426262163
TAS,7116,Sewing Machinists,0.8203027696551632,0.7547056243768313
TAS,7117,Textile and Footwear Production Machine Operators,-0.05264323452466371,0.02739870391780766
TAS,7119,Other Machine Operators,0.5830473383384454,0.3590531446315519
TAS,7121,"Crane, Hoist and Lift Operators",-0.1590646439197646,0.10919963679251854
TAS,7122,"Drillers, Miners and Shot Firers",0.007662795822495294,0.8862132766368771
TAS,7123,Engineering Production Workers,-0.34130362335590714,0.20633734401550147
TAS,7129,Other Stationary Plant Operators,0.26587253214335527,0.6738786075371783
TAS,7211,"Agricultural, Forestry and Horticultural Plant Operators",0.24567229590689688,-0.27522925680605037
TAS,7212,Earthmoving Plant Operators,0.19114418986693682,0.4808734485251871
TAS,7213,Forklift Drivers,0.4156692536826383,0.3632227378833668
TAS,7219,Other Mobile Plant Operators,-0.3302410958380504,0.010929944875240682
TAS,7311,Automobile Drivers,-0.5295184674699829,-0.07276025795664115
TAS,7312,Bus and Coach Drivers,0.5648930302214685,0.6620565934899141
TAS,7313,Train and Tram Drivers,0.09763830856199021,0.15028154308665392
TAS,7321,Delivery Drivers,1.1611050505216296,0.8989503992906904
TAS,7331,Truck Drivers,0.5232481069998425,0.7096219845408593
TAS,7411,Storepersons,0.6457830939824536,0.653688253335837
TAS,8111,Car Detailers,0.1786916069251776,0.19329025928751764
TAS,8112,Commercial Cleaners,0.8361894829419971,1.064177822661076
TAS,8113,Domestic Cleaners,0.20067069546215122,0.14660452682400849
TAS,8114,Housekeepers,1.1457302116451795,1.2817707646188778
TAS,8115,Laundry Workers,0.5016925939142434,0.5324648633763606
TAS,8116,Other Cleaners,0.09662670411011565,0.05406708969131968
TAS,8211,Building and Plumbing Labourers,0.34705435842975385,0.7960045359244647
TAS,8212,Concreters,0.20155330707143215,0.5596157879354228
TAS,8213,Fencers,0.2876842153096891,-0.13353005333886808
TAS,8214,Insulation and Home Improvement Installers,0.3621161931271581,0.17979336360512077
TAS,8215,Paving and Surfacing Labourers,-0.14425014924621443,0.27625382333702997
TAS,8216,Railway Track Workers,0,-0.07410731281233801
TAS,8217,Structural Steel Construction Workers,-0.15591268875216824,0.4561089579703477
TAS,8219,Other Construction and Mining Labourers,0.2444537660752364,0.2141478103801342
TAS,8311,Food and Drink Factory Workers,0.6146021635216576,0.8856369577459364
TAS,8312,"Meat Boners and Slicers, and Slaughterers",0.10135333763342591,0.27570672477820357
TAS,8313,"Meat, Poultry and Seafood Process Workers",1.174119785026529,1.0369188105718568
TAS,8321,Packers,1.1931028618187987,1.066351664545155
TAS,8322,Product Assemblers,0.47000231674618664,0.38995999368772416
TAS,8391,Metal Engineering Process Workers,0.07598521378091132,0.13005190873525913
TAS,8392,Plastics and Rubber Factory Workers,0,-0.08004193844247137
TAS,8393,Product Quality Controllers,0.642957292576608,0.6499745830527082
TAS,8394,Timber and Wood Process Workers,-0.11954486895960215,0.032261517956141295
TAS,8399,Other Factory Process Workers,0.4608152212025869,0.3115543938554217
TAS,8411,Aquaculture Workers,0,-0.08004193844247137
TAS,8412,Crop Farm Workers,1.5089674555998802,1.4414460781021923
TAS,8413,Forestry and Logging Workers,0.18514249042852382,0.5738011412376985
TAS,8414,Garden and Nursery Labourers,0.38665558745658246,0.10676770799835911
TAS,8415,Livestock Farm Workers,0.9231636465894144,0.5062691020621625
TAS,8416,Mixed Crop and Livestock Farm Workers,0.5183921424395235,0.6111736227259006
TAS,8419,"Other Farm, Forestry and Garden Workers",0.23001635974701012,-0.027028398415354093
TAS,8511,Fast Food Cooks,0.6061360560956766,0.6438760208305245
TAS,8512,Food Trades Assistants,0.24981104732963855,0.4763405931016061
TAS,8513,Kitchenhands,0.6414658864116554,0.916937939991231
TAS,8911,Freight and Furniture Handlers,0.338023951175098,0.36000296658951947
TAS,8912,Shelf Fillers,1.0712133069724858,0.8109299384385124
TAS,8991,Caretakers,0.21440937363403945,0.5930635089704599
TAS,8992,Deck and Fishing Hands,-0.05715780109529356,0.09237467212294725
TAS,8993,Handypersons,0.8333311234105925,0.7859287874286252
TAS,8994,Motor Vehicle Parts and Accessories Fitters,0.24434597624758392,0.4195498145127382
TAS,8995,Printing Assistants and Table Workers,0.4795743256833142,0.032261010539785584
TAS,8996,Recycling and Rubbish Collectors,-0.15414925125480938,-0.15414925125480938
TAS,8997,Vending Machine Attendants,0.02739870391780766,0.02739870391780766
TAS,8999,Other Miscellaneous Labourers,0.3232889590967991,0.6740368573524758
VIC,1111,Chief Executives and Managing Directors,0.2246239623996118,0.5114833054695689
VIC,1112,General Managers,0.3266368755614595,0.7003178163309771
VIC,1211,Aquaculture Farmers,0,0
VIC,1212,Crop Farmers,0.3420955322965826,0.5896571984811454
VIC,1213,Livestock Farmers,1.0270549820884605,0.8437378851326853
VIC,1214,Mixed Crop and Livestock Farmers,0.46421455030319114,0.5681607057510298
VIC,1311,Advertising and Sales Managers,-0.020606294657316226,0.5421157674881831
VIC,1321,Corporate Services Managers,0.1041641437620422,0.4950619508186396
VIC,1322,Finance Managers,0.0705067060950677,0.5226026968314024
VIC,1323,Human Resource Managers,0.430489053483889,0.8956135992765297
VIC,1324,Policy and Planning Managers,0.40303175840851146,0.7995027277579823
VIC,1325,Research and Development Managers,0.5464122466567476,0.9400796083047154
VIC,1331,Construction Managers,0.03572048939054451,0.6564253620980693
VIC,1332,Engineering Managers,0.6580276244251491,0.8702979227837968
VIC,1333,"Importers, Exporters and Wholesalers",0.3571040321615624,0.6548510944099533
VIC,1334,Manufacturers,0.5058751428073442,0.7894503098496741
VIC,1335,Production Managers,0.4858086105193484,0.7571272062267633
VIC,1336,"Supply, Distribution and Procurement Managers",0.5133670434319342,0.715506882961396
VIC,1341,Child Care Centre Managers,0.5055945882432393,0.7754651757950706
VIC,1342,Health and Welfare Services Managers,0.5062989943418801,0.7404746245794391
VIC,1343,School Principals,0.25808154711993625,-0.6477846043777507
VIC,1344,Other Education Managers,0.08248399200425816,0.32211783142828887
VIC,1351,ICT Managers,0.5149399937209704,0.8472140793321419
VIC,1399,Other Specialist Managers,0.3874055508340257,0.8401461872998075
VIC,1411,Cafe and Restaurant Managers,0.6264323729250885,1.103854733994452
VIC,1412,Caravan Park and Camping Ground Managers,0.18721208010824597,0.2715530944243192
VIC,1413,Hotel and Motel Managers,0.7593050194745503,1.4490756971459797
VIC,1414,Licensed Club Managers,0.6361369510320829,0.9870708244897681
VIC,1419,Other Accommodation and Hospitality Managers,0.33123206059368204,0.495186764907805
VIC,1421,Retail Managers,0.49508004844375453,1.0054048186583318
VIC,1491,"Amusement, Fitness and Sports Centre Managers",0.7093796036682845,1.1688539751179046
VIC,1492,Call or Contact Centre and Customer Service Managers,0.4079791997035045,0.8210247341572785
VIC,1493,Conference and Event Organisers,0.4719137846699528,1.3965137977235784
VIC,1494,Transport Services Managers,0.3667905537326366,0.861891532401502
VIC,1499,"Other Hospitality, Retail and Service Managers",0.20307808084939616,0.6543244323981883
VIC,2111,"Actors, Dancers and Other Entertainers",0.5219461507791081,0.7911621212252329
VIC,2112,Music Professionals,0.48550756578173204,0.9035514529322005
VIC,2113,Photographers,0.35358021955120433,0.9055009860634002
VIC,2114,Visual Arts and Crafts Professionals,0.1124785153414426,0.19949015207136578
VIC,2121,"Artistic Directors, and Media Producers and Presenters",0.13419605861785233,0.7359086009728784
VIC,2122,"Authors, and Book and Script Editors",0.47636401523078753,0.11275254354417585
VIC,2123,"Film, Television, Radio and Stage Directors",0.5197600038958421,0.9252250479014408
VIC,2124,Journalists and Other Writers,0.5091169139279232,0.9306532265676148
VIC,2211,Accountants,0.05009394457717509,0.5282270333712225
VIC,2212,"Auditors, Company Secretaries and Corporate Treasurers",0.33395337537228365,0.8098901029362278
VIC,2221,Financial Brokers,0.43227721007743725,0.6143093731492155
VIC,2222,Financial Dealers,0.6551864469740178,0.9007865453381898
VIC,2223,Financial Investment Advisers and Managers,0.054030929686029516,0.5213714398981946
VIC,2231,Human Resource Professionals,0.30709748384864444,0.9366103346040191
VIC,2232,ICT Trainers,-0.1730621392152636,-0.2222213382729774
VIC,2233,Training and Development Professionals,0.2032515803922621,0.6040322455375042
VIC,2241,"Actuaries, Mathematicians and Statisticians",0.2737173894007361,0.7405126705091125
VIC,2242,"Archivists, Curators and Records Managers",0.29966876155238875,0.7098507766851303
VIC,2243,Economists,0.6035350245488291,0.708895473539993
VIC,2244,Intelligence and Policy Analysts,0.35943791616992105,0.6833412577025477
VIC,2245,Land Economists and Valuers,0.6310748156224877,0.681718485109513
VIC,2246,Librarians,0.26811687651717175,0.7105054665509476
VIC,2247,Management and Organisation Analysts,0.25593337497290225,0.7932658242938917
VIC,2249,Other Information and Organisation Professionals,0.4374036190399506,0.7794549466413483
VIC,2251,Advertising and Marketing Professionals,0.4444880335922594,0.9370690442603191
VIC,2252,ICT Sales Professionals,0.20037825575527668,0.4307830254042069
VIC,2253,Public Relations Professionals,0.33109595489370225,0.8639144549425559
VIC,2254,Technical Sales Representatives,0.019406484539870483,0.5599115427851329
VIC,2311,Air Transport Professionals,0.29839373500139743,0.6795415969973151
VIC,2312,Marine Transport Professionals,0.6415891196388452,0.5642561209802981
VIC,2321,Architects and Landscape Architects,-0.21655683733340503,0.2544385559090516
VIC,2322,Surveyors and Spatial Scientists,0.28101692781812737,0.6073609858599656
VIC,2323,"Fashion, Industrial and Jewellery Designers",0.5470630619365515,0.8811084826165105
VIC,2324,"Graphic and Web Designers, and Illustrators",0.300370741151462,0.7230519717880526
VIC,2325,Interior Designers,-0.3229026467462415,0.6416977184249077
VIC,2326,Urban and Regional Planners,-0.06034811218595948,0.5408545111895524
VIC,2331,Chemical and Materials Engineers,0.22198682482736132,0.5429729177599754
VIC,2332,Civil Engineering Professionals,0.08767011680267167,0.6907053991065188
VIC,2333,Electrical Engineers,0.2660850931131451,0.7608861255073238
VIC,2334,Electronics Engineers,0.7552789737151442,0.710158611964089
VIC,2335,"Industrial, Mechanical and Production Engineers",0.45369384356621456,0.7309215412634167
VIC,2336,Mining Engineers,0.21223469966027153,0.6541812591645395
VIC,2339,Other Engineering Professionals,0.18525841940844057,0.5666049648136804
VIC,2341,Agricultural and Forestry Scientists,0.4766608010494884,0.6200553372669737
VIC,2342,"Chemists, and Food and Wine Scientists",1.3252787916632958,1.3535992859027584
VIC,2343,Environmental Scientists,0.3983137164517272,0.738498315692127
VIC,2344,Geologists and Geophysicists,0.87403094770211,0.9784341199939441
VIC,2345,Life Scientists,0.9256484966958345,1.0161625362879474
VIC,2346,Medical Laboratory Scientists,0.3149908759776934,0.5449958365850223
VIC,2347,Veterinarians,1.6549003097666724,1.5940021261860995
VIC,2349,Other Natural and Physical Science Professionals,-0.19020473192524445,-0.17859024677311552
VIC,2411,Early Childhood (Pre-primary School) Teachers,0.8963213522300695,1.0175841603105313
VIC,2412,Primary School Teachers,0.37309982997555924,-1.2487448842395779
VIC,2413,Middle School Teachers (Aus) / Intermediate School Teachers (NZ),0.37729533828509626,0.014388594594946569
VIC,2414,Secondary School Teachers,0.3297345159583154,-0.16230443248939608
VIC,2415,Special Education Teachers,0.09684974906683763,-0.37948975125956164
VIC,2421,University Lecturers and Tutors,0.15330068948883646,0.9711579712086413
VIC,2422,Vocational Education Teachers (Aus) / Polytechnic Teachers (NZ),-0.17149212621044985,-0.09716374845364761
VIC,2491,Education Advisers and Reviewers,0.3143275039639919,0.6680202190226714
VIC,2492,Private Tutors and Teachers,0.4286803639528496,0.40326102962672294
VIC,2493,Teachers of English to Speakers of Other Languages,-0.1778070033808341,-0.00539079458082381
VIC,2511,Nutrition Professionals,0.7255824019525665,0.607121309725065
VIC,2512,Medical Imaging Professionals,0.3093185524069195,0.666118518531615
VIC,2513,Occupational and Environmental Health Professionals,0.2761106568001015,0.6360306188894311
VIC,2514,Optometrists and Orthoptists,0.8788642666871076,1.4325453028003383
VIC,2515,Pharmacists,0.19536496064294973,0.6306354992052894
VIC,2519,Other Health Diagnostic and Promotion Professionals,0.15028220304933804,0.7273161296511321
VIC,2521,Chiropractors and Osteopaths,1.1831117761346817,1.0061808535030203
VIC,2522,Complementary Health Therapists,0.5233494841282269,0.6834538100401586
VIC,2523,Dental Practitioners,0.46973477859250856,0.6158177268214295
VIC,2524,Occupational Therapists,0.5945428759479414,0.4505757110515862
VIC,2525,Physiotherapists,0.4217213099310442,0.6116575780869287
VIC,2526,Podiatrists,0.9503940215112539,1.1062925024898886
VIC,2527,Audiologists and Speech Pathologists/Therapists,0.8256055752415605,0.47180393085308214
VIC,2531,General Practitioners and Resident Medical Officers,0.663319102237816,0.7072057793088247
VIC,2532,Anaesthetists,-0.06920056331314939,0.7810083322696677
VIC,2533,Specialist Physicians,0.32589942978146524,0.3753646763607055
VIC,2534,Psychiatrists,0.3361881590753151,0.2111419882271739
VIC,2535,Surgeons,-0.5929690885901184,-0.272276339231563
VIC,2539,Other Medical Practitioners,0.44283543561987093,0.6062359498980845
VIC,2541,Midwives,0.5383803908122156,0.6794366060670547
VIC,2542,Nurse Educators and Researchers,0.43235007574909634,0.49815687798950403
VIC,2543,Nurse Managers,0.3855498220702742,0.5837717622792797
VIC,2544,Registered Nurses,0.5997993612201995,0.7573921041468088
VIC,2611,ICT Business and Systems Analysts,0.34187168179064553,0.8135408803158777
VIC,2612,Multimedia Specialists and Web Developers,-0.018310066529505953,0.4173533082973284
VIC,2613,Software and Applications Programmers,0.29430562347957245,0.662000763337188
VIC,2621,"Database and Systems Administrators, and ICT Security Specialists",0.31391749622031817,0.7402009605198163
VIC,2631,Computer Network Professionals,0.1753801922039857,0.5603056935356072
VIC,2632,ICT Support and Test Engineers,0.5148511385546923,0.8810416695211796
VIC,2633,Telecommunications Engineering Professionals,0.2442327892550793,0.6373950304930469
VIC,2711,Barristers,0.30327407534904793,0.44089554737029646
VIC,2713,Solicitors,-0.16885723642541262,0.24337509328336893
VIC,2721,Counsellors,0.4730034662840259,0.7182572581329101
VIC,2722,Ministers of Religion,0.46213444380637103,0.5554663835985902
VIC,2723,Psychologists,0.5785880746298773,0.3492123726029419
VIC,2724,Social Professionals,0.29632187928063836,0.7306218173629215
VIC,2725,Social Workers,0.7246939394471532,0.7243101927213278
VIC,2726,"Welfare, Recreation and Community Arts Workers",0.6207575847692084,0.683973544143095
VIC,3111,Agricultural Technicians,1.1887896685812867,1.0564003920423883
VIC,3112,Medical Technicians,0.6467644223649618,0.73721777225001
VIC,3113,Primary Products Inspectors,0.51270999727222,0.8194407363926973
VIC,3114,Science Technicians,0.3222291076890036,0.4153894936640885
VIC,3121,"Architectural, Building and Surveying Technicians",-0.05496948995465978,0.43545326992958877
VIC,3122,Civil Engineering Draftspersons and Technicians,0.14691868501794225,0.7224229910641693
VIC,3123,Electrical Engineering Draftspersons and Technicians,0.11075140815713258,0.6249610396264056
VIC,3124,Electronic Engineering Draftspersons and Technicians,0.42243531012614177,0.7357067615339257
VIC,3125,Mechanical Engineering Draftspersons and Technicians,0.2361589194262801,0.6178904005584274
VIC,3126,Safety Inspectors,0.4187595286959658,0.6522268881707962
VIC,3129,Other Building and Engineering Technicians,-0.07156492178204132,0.45553461971102216
VIC,3131,ICT Support Technicians,0.22781461036844242,0.742465153454491
VIC,3132,Telecommunications Technical Specialists,0.10619041210353819,0.34396287771408107
VIC,3211,Automotive Electricians,0.452099800274695,0.8403635400379583
VIC,3212,Motor Mechanics,0.4004927692548774,0.810968797086514
VIC,3221,"Metal Casting, Forging and Finishing Trades Workers",0.04196405037107942,0.17413583745471373
VIC,3222,Sheetmetal Trades Workers,0.28580428278144066,0.5278862378797715
VIC,3223,Structural Steel and Welding Trades Workers,0.24442365980383318,0.6482833750418946
VIC,3231,Aircraft Maintenance Engineers,0.4754236422337188,0.9525672772757845
VIC,3232,Metal Fitters and Machinists,0.358892969479645,0.7902173147916338
VIC,3233,Precision Metal Trades Workers,0.5235299508314912,0.7252158189413169
VIC,3234,Toolmakers and Engineering Patternmakers,0.06430786263614596,0.4624200152947333
VIC,3241,Panelbeaters,0.35906774815918086,0.8152569240142418
VIC,3242,Vehicle Body Builders and Trimmers,0.7520700867614933,0.9355482311534267
VIC,3243,Vehicle Painters,0.12174323412684496,0.7375986197387572
VIC,3311,Bricklayers and Stonemasons,0.3969903752728623,0.7088729947214389
VIC,3312,Carpenters and Joiners,0.3939724508957658,0.9187430238394532
VIC,3321,Floor Finishers,0.3204027201038009,0.6009573351861739
VIC,3322,Painting Trades Workers,0.659914840266679,0.8414443233505233
VIC,3331,Glaziers,0.20720969129624667,0.6801960738093205
VIC,3332,Plasterers,0.24258964125522686,0.529060356765044
VIC,3333,Roof Tilers,0.5045022162471859,0.16312985081520504
VIC,3334,Wall and Floor Tilers,0.5100139678739821,0.7165615945755084
VIC,3341,Plumbers,0.4149825141562262,0.621721535623573
VIC,3411,Electricians,0.3827611918349465,0.8309295708866733
VIC,3421,Airconditioning and Refrigeration Mechanics,0.34620938851051886,0.8065792134561902
VIC,3422,Electrical Distribution Trades Workers,0.8730688209397908,0.7672008198612783
VIC,3423,Electronics Trades Workers,0.19214007298169467,0.7670287365520636
VIC,3424,Telecommunications Trades Workers,0.09555656852688355,0.19821072698160558
VIC,3511,Bakers and Pastrycooks,1.0144880534320748,1.1391157000193033
VIC,3512,Butchers and Smallgoods Makers,0.5737861845408871,0.5400528084556115
VIC,3513,Chefs,0.5982254857554787,1.0837400462981943
VIC,3514,Cooks,0.7665068458773581,1.1374642953394964
VIC,3611,Animal Attendants and Trainers,0.6726505420839413,0.8342460122190154
VIC,3612,Shearers,-0.15415067982725836,0
VIC,3613,Veterinary Nurses,1.452045567235205,1.1619394211335816
VIC,3621,Florists,0.6350915871697556,0.5616372562534355
VIC,3622,Gardeners,0.2541971433845811,0.549684012313036
VIC,3623,Greenkeepers,0.5323805672546142,0.8574502996722906
VIC,3624,Nurserypersons,0.4331484145285822,0.7456987307639773
VIC,3911,Hairdressers,0.3055165758396168,0.5035395412150221
VIC,3921,"Binders, Finishers and Screen Printers",0.43390318496356173,0.6181495642867101
VIC,3922,Graphic Pre-press Trades Workers,0.22314359543185924,0.7985076668060067
VIC,3923,Printers,0.43801763879401845,0.8480889086801247
VIC,3931,Canvas and Leather Goods Makers,0.399798578970245,0.5855166068128632
VIC,3932,Clothing Trades Workers,0.5781503546797877,0.9104646226461137
VIC,3933,Upholsterers,0.15880264861929438,0.598988330861326
VIC,3941,Cabinetmakers,-0.13797854717730385,0.45397168502891727
VIC,3942,Wood Machinists and Other Wood Trades Workers,0.6056278457202522,0.6112300452460735
VIC,3991,Boat Builders and Shipwrights,0.4640334160659161,0.8005063384014539
VIC,3992,"Chemical, Gas, Petroleum and Power Generation Plant Operators",0.045280888031101085,0.29116035370528115
VIC,3993,"Gallery, Library and Museum Technicians",0.4088722323000864,0.55171068716847
VIC,3994,Jewellers,0.5776010142819294,0.7789956308015151
VIC,3995,Performing Arts Technicians,0.4061249497837678,0.7585655134437048
VIC,3996,Signwriters,-0.10605960692535943,0.5201931035104652
VIC,3999,Other Miscellaneous Technicians and Trades Workers,0.787411063352395,0.9616159243584201
VIC,4111,Ambulance Officers and Paramedics,0.3314321500571795,0.9703576391093462
VIC,4112,"Dental Hygienists, Technicians and Therapists",0.5562140588165527,0.6836513054311206
VIC,4113,Diversional Therapists,1.0710243712938103,1.2423281357948754
VIC,4114,Enrolled and Mothercraft Nurses,0.49321493751516066,0.7645521749851545
VIC,4115,Indigenous Health Workers,0.7011794322572062,0.6236210486576115
VIC,4116,Massage Therapists,0.800505678863336,0.7156394867915226
VIC,4117,Welfare Support Workers,0.5829483419560182,0.8558466112354415
VIC,4211,Child Carers,0.6501045958065488,1.2018504464665147
VIC,4221,Education Aides,0.20135881332484296,0.4026030259919313
VIC,4231,Aged and Disabled Carers,0.6766288644363625,0.7029500831866917
VIC,4232,Dental Assistants,0.5831752977862195,0.6734834605600817
VIC,4233,Nursing Support and Personal Care Workers,0.8637472824937227,0.8866543169223302
VIC,4234,Special Care Workers,0.3022809339847332,0.3050859568224542
VIC,4311,Bar Attendants and Baristas,0.8430297237368007,1.2827384525221257
VIC,4312,Cafe Workers,0.7938844720620422,1.2988505641956625
VIC,4313,Gaming Workers,0.4767281484594408,1.2016239909061808
VIC,4314,Hotel Service Managers,0.821561150827141,1.335719627312098
VIC,4315,Waiters,1.0780342243681735,1.5513935762900957
VIC,4412,Fire and Emergency Workers,0.3404014753910243,0.4841081445181905
VIC,4413,Police,0.07867307035211812,0.6356236140860758
VIC,4421,Prison Officers,-0.06209824461916291,0.30359251488551453
VIC,4422,Security Officers and Guards,0.5670602142565562,0.8080400480031358
VIC,4511,Beauty Therapists,0.419204116684031,0.7197449331356633
VIC,4512,Driving Instructors,0.7163144777947885,0.7725538881372198
VIC,4513,Funeral Workers,0.4295628184173712,0.7873997612572179
VIC,4514,"Gallery, Museum and Tour Guides",0.271191686799396,1.238611929130595
VIC,4515,Personal Care Consultants,-0.7272802540434956,-0.4940179122290945
VIC,4516,Tourism and Travel Advisers,-0.1999351442566084,1.0916512494363282
VIC,4517,Travel Attendants,0.3856630063022488,1.181993596157971
VIC,4521,Fitness Instructors,0.13036182361698412,0.6140372994422387
VIC,4522,Outdoor Adventure Guides,0.7164036269028697,0.854989837883743
VIC,4523,"Sports Coaches, Instructors and Officials",0.756486280432676,1.1632982069194409
VIC,4524,Sportspersons,0.7434271632661287,1.4057468052478574
VIC,5111,"Contract, Program and Project Administrators",0.13428868067584077,0.734466545375632
VIC,5121,Office Managers,0.33653733312557144,0.7808541143566945
VIC,5122,Practice Managers,0.6292276473667822,0.7998531737574703
VIC,5211,Personal Assistants,-0.7914028715489545,0.05969004957854818
VIC,5212,Secretaries,0.17981698945714264,0.9934954053947358
VIC,5311,General Clerks,0.42761516620334383,0.8977154104194964
VIC,5321,Keyboard Operators,0.23322766527937144,0.8313718700021742
VIC,5411,Call or Contact Centre Workers,0.40898969797143003,0.9149655832197352
VIC,5412,Information Officers,0.7575092241304411,1.368404814163621
VIC,5421,Receptionists,0.4781674899715389,0.9855562464517034
VIC,5511,Accounting Clerks,0.11932822107014385,0.8432114114769478
VIC,5512,Bookkeepers,0.14060627340013543,0.6325301371618828
VIC,5513,Payroll Clerks,0.09826191387942984,0.5065410974079665
VIC,5521,Bank Workers,0.6735279525375937,1.0781058892204776
VIC,5522,Credit and Loans Officers,0.3959403984544805,0.8779426444353966
VIC,5523,"Insurance, Money Market and Statistical Clerks",0.2219523867490123,0.618528480673179
VIC,5611,Betting Clerks,-0.27193481667419994,-0.20633671901491546
VIC,5612,Couriers and Postal Deliverers,0.6042366984895597,1.0781389801557277
VIC,5613,Filing and Registry Clerks,0.04376328150475928,0.8481765599184312
VIC,5614,Mail Sorters,0.702716726814187,0.6773987938299049
VIC,5615,Survey Interviewers,0.12062806804926529,0.6252567781275982
VIC,5616,Switchboard Operators,0.6017132844536315,0.8544154159220102
VIC,5619,Other Clerical and Office Support Workers,0.6496314738315276,0.9119958289583585
VIC,5911,Purchasing and Supply Logistics Clerks,0.530001388645398,0.922344034498388
VIC,5912,Transport and Despatch Clerks,0.3156459129698437,0.8895915195872393
VIC,5991,Conveyancers and Legal Executives,0.04603913998027842,0.5124594584975926
VIC,5992,Court and Legal Clerks,-0.019089145364135973,0.6732594114270349
VIC,5993,Debt Collectors,-0.07284666411652463,0.5437914032441205
VIC,5994,Human Resource Clerks,0.5465437145703933,1.0704416034307436
VIC,5995,Inspectors and Regulatory Officers,0.25019210508758327,0.5769832420444496
VIC,5996,"Insurance Investigators, Loss Adjusters and Risk Surveyors",0.24549890761712234,0.6304377665878969
VIC,5997,Library Assistants,0.336472143957121,0.5198754856109364
VIC,5999,Other Miscellaneous Clerical and Administrative Workers,0.3133266106452961,0.9112237828768617
VIC,6111,"Auctioneers, and Stock and Station Agents",0.06252070888771433,0.3395077496011623
VIC,6112,Insurance Agents,0.41080557473948254,0.7387024614390132
VIC,6113,Sales Representatives,0.25533430154579495,0.784569940170333
VIC,6121,Real Estate Sales Agents,0.09154369857526401,0.351555885010014
VIC,6211,Sales Assistants (General),0.6814457706442694,1.0709729465664273
VIC,6212,ICT Sales Assistants,0.17604228152426993,0.6173535265459018
VIC,6213,Motor Vehicle and Vehicle Parts Salespersons,0.44022898770147645,0.8321306240071698
VIC,6214,Pharmacy Sales Assistants,1.5960244749664492,1.785886787445535
VIC,6215,Retail Supervisors,0.0843909377878247,0.3828036101778496
VIC,6216,Service Station Attendants,0.0742977907379303,-0.29322230807601324
VIC,6217,Street Vendors and Related Salespersons,0.7035098623549587,0.991192143140051
VIC,6219,Other Sales Assistants and Salespersons,0.21002405975466099,0.7096764278663459
VIC,6311,Checkout Operators and Office Cashiers,1.634088808081787,1.6004721807538766
VIC,6391,Models and Sales Demonstrators,0.8352529347086,1.1777988769042063
VIC,6392,Retail and Wool Buyers,0.20437444665538562,0.6374275122338084
VIC,6393,Telemarketers,-0.24292887518878592,0.2974555577535618
VIC,6394,Ticket Salespersons,0.4019315971928208,1.2998733707739902
VIC,6395,Visual Merchandisers,0.5822303815460605,1.3100937328878022
VIC,6399,Other Sales Support Workers,-0.25956151313438314,1.0915947682107863
VIC,7111,"Clay, Concrete, Glass and Stone Processing Machine Operators",0.4485484691932181,0.506817999959132
VIC,7112,Industrial Spraypainters,0.35961502090881226,0.7972590693203969
VIC,7113,Paper and Wood Processing Machine Operators,-0.08030000154941597,0.15526643579347676
VIC,7114,Photographic Developers and Printers,0.16362981371935287,0.16362981371935287
VIC,7115,Plastics and Rubber Production Machine Operators,0.6640188351594909,0.9126028114650491
VIC,7116,Sewing Machinists,0.8393774657169,0.8513896374510113
VIC,7117,Textile and Footwear Production Machine Operators,0.4326157351164488,0.30368207393646784
VIC,7119,Other Machine Operators,0.6716510234803756,0.8500045014514619
VIC,7121,"Crane, Hoist and Lift Operators",0.3411520715940837,0.7580253281304219
VIC,7122,"Drillers, Miners and Shot Firers",0.3680967963286097,0.8092579603481553
VIC,7123,Engineering Production Workers,0.214103338617337,0.5044357916152844
VIC,7129,Other Stationary Plant Operators,0.4435492096285678,0.6195615543823512
VIC,7211,"Agricultural, Forestry and Horticultural Plant Operators",0.5183977988525257,0.38516343072510395
VIC,7212,Earthmoving Plant Operators,0.11180677997705413,0.5179987878784047
VIC,7213,Forklift Drivers,0.30121192421902077,0.5370520000323831
VIC,7219,Other Mobile Plant Operators,0.43886336964208805,0.898605403392934
VIC,7311,Automobile Drivers,0.30971481166473813,1.2194269822770005
VIC,7312,Bus and Coach Drivers,0.8004624933385323,1.3244188402880273
VIC,7313,Train and Tram Drivers,0.7431576011346068,0.6690496289808849
VIC,7321,Delivery Drivers,1.3071014591192824,1.3512311021823473
VIC,7331,Truck Drivers,0.5976009768841202,0.8248034752720788
VIC,7411,Storepersons,0.8289325232069196,0.9959723362935549
VIC,8111,Car Detailers,0.7787333896341146,1.3948472562783412
VIC,8112,Commercial Cleaners,1.2103159557037744,1.3286768293570779
VIC,8113,Domestic Cleaners,1.869935715696823,1.212258639374678
VIC,8114,Housekeepers,1.1460331450855863,1.56298638627668
VIC,8115,Laundry Workers,0.8514831844358324,1.0363766956477556
VIC,8116,Other Cleaners,0.7533505680648354,0.6864282301607187
VIC,8211,Building and Plumbing Labourers,0.8055510356016944,1.1285259090885633
VIC,8212,Concreters,0.3004863523253025,0.4600707728912128
VIC,8213,Fencers,0.47499116538364095,0.607380570415694
VIC,8214,Insulation and Home Improvement Installers,0.3990816195270228,0.5476190447597995
VIC,8215,Paving and Surfacing Labourers,0.048163304241188865,0.11621679806440888
VIC,8216,Railway Track Workers,-0.2876823609133332,0.12260191239334084
VIC,8217,Structural Steel Construction Workers,0.15497203746883237,0.4401920159600996
VIC,8219,Other Construction and Mining Labourers,0.6321526438535332,1.2402627913751085
VIC,8311,Food and Drink Factory Workers,0.5454310973240357,0.5407472949051195
VIC,8312,"Meat Boners and Slicers, and Slaughterers",0.034288988229088435,0.26180249529148547
VIC,8313,"Meat, Poultry and Seafood Process Workers",0.8511256547177686,1.0620400256400906
VIC,8321,Packers,0.9724045921667921,1.1148173384147153
VIC,8322,Product Assemblers,0.549246261949146,0.9186948243829391
VIC,8391,Metal Engineering Process Workers,0.21772321357463698,0.4846021933727984
VIC,8392,Plastics and Rubber Factory Workers,-0.12675054733700172,-0.12675126162348122
VIC,8393,Product Quality Controllers,0.3772097694026826,0.7486591072169624
VIC,8394,Timber and Wood Process Workers,0.2831264377341185,0.2072884042435419
VIC,8399,Other Factory Process Workers,0.8623875274710091,0.9746501181084586
VIC,8411,Aquaculture Workers,0.28768082245099963,0.08701194517231947
VIC,8412,Crop Farm Workers,0.8020873533148487,0.625359709081557
VIC,8413,Forestry and Logging Workers,0.0992551155756436,0.3593032990132772
VIC,8414,Garden and Nursery Labourers,0.8910664594208537,0.899439114494335
VIC,8415,Livestock Farm Workers,1.117823082240414,0.9848306872080759
VIC,8416,Mixed Crop and Livestock Farm Workers,0.835578600696973,0.5713822283084053
VIC,8419,"Other Farm, Forestry and Garden Workers",0.727890048885564,0.8969664634590022
VIC,8511,Fast Food Cooks,0.6858744935888508,0.9090180666421932
VIC,8512,Food Trades Assistants,0.32084330236217395,0.7855973917867902
VIC,8513,Kitchenhands,1.446425024458681,1.8216186230786127
VIC,8911,Freight and Furniture Handlers,0.7533451303274532,0.8988041474656621
VIC,8912,Shelf Fillers,2.0104188737838062,1.8021503235105323
VIC,8991,Caretakers,0.22314356865525076,0.734451071526034
VIC,8992,Deck and Fishing Hands,1.7241377836541005e-7,0.505094835756539
VIC,8993,Handypersons,0.5472933060041649,1.0591659253993129
VIC,8994,Motor Vehicle Parts and Accessories Fitters,0.7391200381145691,0.8081910167485429
VIC,8995,Printing Assistants and Table Workers,0.11570849170063058,0.6912320443340896
VIC,8996,Recycling and Rubbish Collectors,0.6111739996102421,1.0028455116135055
VIC,8997,Vending Machine Attendants,0.41129667101394873,0.8708284740764609
VIC,8999,Other Miscellaneous Labourers,0.5850542731059782,0.8496134788392231
WA,1111,Chief Executives and Managing Directors,0.4736222004433692,0.534515374019747
WA,1112,General Managers,0.38113660292720253,0.5803517013399739
WA,1211,Aquaculture Farmers,-0.08004193844247137,0
WA,1212,Crop Farmers,0.6341491160410452,0.9080384143058458
WA,1213,Livestock Farmers,0.20157936440654245,0.4848267840382414
WA,1214,Mixed Crop and Livestock Farmers,0.48827093413267875,0.3793199264870708
WA,1311,Advertising and Sales Managers,0.21043672288002035,0.46799914402452547
WA,1321,Corporate Services Managers,0.43894105102197445,0.5894340594979557
WA,1322,Finance Managers,0.5549307373755243,0.7565934138870669
WA,1323,Human Resource Managers,0.7857347463900815,0.8671843731307711
WA,1324,Policy and Planning Managers,0.8594670887960003,0.8568830854327381
WA,1325,Research and Development Managers,0.5715599910617326,0.7784809727408026
WA,1331,Construction Managers,0.6421986530907349,0.6953303583071913
WA,1332,Engineering Managers,0.6471756385869902,0.7787338918806901
WA,1333,"Importers, Exporters and Wholesalers",-0.07232065285869693,-0.24294634772800128
WA,1334,Manufacturers,0.44876209085265484,0.4666195312614949
WA,1335,Production Managers,0.5730311870477793,0.6390799572152268
WA,1336,"Supply, Distribution and Procurement Managers",0.6138663751696751,0.6638767332052495
WA,1341,Child Care Centre Managers,1.0286536749926536,0.7116752477364163
WA,1342,Health and Welfare Services Managers,0.6380095207168952,0.4527121279745452
WA,1343,School Principals,1.6240102200779059,1.5879702360993742
WA,1344,Other Education Managers,0.4054649595933386,0.5152359285020598
WA,1351,ICT Managers,0.5421245036685871,0.6825848456444863
WA,1399,Other Specialist Managers,0.5903376498724957,0.6310470307249543
WA,1411,Cafe and Restaurant Managers,0.6361881257067044,0.6166070919165838
WA,1412,Caravan Park and Camping Ground Managers,0.9222137513466857,0.677521433248339
WA,1413,Hotel and Motel Managers,0.7164286125559522,0.8621684499087805
WA,1414,Licensed Club Managers,0.7156198788362482,0.30712917093211445
WA,1419,Other Accommodation and Hospitality Managers,0.6192775796715391,0.5857886023592083
WA,1421,Retail Managers,0.8226730497165518,0.9243410065228934
WA,1491,"Amusement, Fitness and Sports Centre Managers",0.7208894969988586,0.4829734847018674
WA,1492,Call or Contact Centre and Customer Service Managers,0.694397466204169,0.7112186785684527
WA,1493,Conference and Event Organisers,0.5705449129348841,0.8257916986445002
WA,1494,Transport Services Managers,0.7742471317010593,0.8184310626866895
WA,1499,"Other Hospitality, Retail and Service Managers",0.45526721994443875,0.5073274201723375
WA,2111,"Actors, Dancers and Other Entertainers",0.7185119117836636,0.8873904210783543
WA,2112,Music Professionals,0.2499414702524737,0.4396976296358701
WA,2113,Photographers,0.36157086421274354,0.6350401287435854
WA,2114,Visual Arts and Crafts Professionals,0.020203111399152873,0.10536138232469536
WA,2121,"Artistic Directors, and Media Producers and Presenters",0.31845330498221347,0.545512244588791
WA,2122,"Authors, and Book and Script Editors",0.6889543439651136,1.0296191398702605
WA,2123,"Film, Television, Radio and Stage Directors",0.8393300485158399,0.7852622863098877
WA,2124,Journalists and Other Writers,0.5977855801129732,0.6019050709631966
WA,2211,Accountants,0.15470851183158274,0.45909146730887773
WA,2212,"Auditors, Company Secretaries and Corporate Treasurers",0.4736946497698922,0.7562831975177957
WA,2221,Financial Brokers,0.35667506123196713,0.16561972443656536
WA,2222,Financial Dealers,0.9372463068631033,0.9025607448645175
WA,2223,Financial Investment Advisers and Managers,0.20481895103870773,0.347002651536076
WA,2231,Human Resource Professionals,0.49397743889089085,0.7449043063000378
WA,2232,ICT Trainers,-0.042111691535672735,0.43825593093165505
WA,2233,Training and Development Professionals,0.48870710507487214,0.5660246338023738
WA,2241,"Actuaries, Mathematicians and Statisticians",0.45726450220248793,0.5584146706234057
WA,2242,"Archivists, Curators and Records Managers",0.31344603396092396,0.45485748979128093
WA,2243,Economists,0.7765285808033451,1.0642103271682581
WA,2244,Intelligence and Policy Analysts,0.7734790540609207,0.8659736130495328
WA,2245,Land Economists and Valuers,0.5854691203580429,0.8243610286403917
WA,2246,Librarians,0.34466893867764536,0.6012886490280114
WA,2247,Management and Organisation Analysts,0.43671064881915544,0.689327563768988
WA,2249,Other Information and Organisation Professionals,0.513694051697013,0.7006943266308343
WA,2251,Advertising and Marketing Professionals,0.4755736525547505,0.6566109864263812
WA,2252,ICT Sales Professionals,-0.1031838334218943,0.10294795746616825
WA,2253,Public Relations Professionals,0.5603481329034561,0.8314168158915285
WA,2254,Technical Sales Representatives,0.04532936149225453,0.3610754443065516
WA,2311,Air Transport Professionals,0.9552386582336672,0.9950270558935665
WA,2312,Marine Transport Professionals,0.9444614671175002,1.0750817515753752
WA,2321,Architects and Landscape Architects,0.18613835063159057,0.1756769713442865
WA,2322,Surveyors and Spatial Scientists,0.6313049329838942,0.5287520685318707
WA,2323,"Fashion, Industrial and Jewellery Designers",0.6024926852845325,0.2755898592948638
WA,2324,"Graphic and Web Designers, and Illustrators",0.5000534672602721,0.6449875056348553
WA,2325,Interior Designers,0.31577625990830693,0.6851364572416798
WA,2326,Urban and Regional Planners,0.49257316449056887,0.5315850806426949
WA,2331,Chemical and Materials Engineers,0.5682737825697353,0.6036757530989112
WA,2332,Civil Engineering Professionals,0.6260071000838261,0.7074000639972677
WA,2333,Electrical Engineers,0.6177140753170098,0.6977989990710789
WA,2334,Electronics Engineers,0.010969030969504523,0.3184538674821753
WA,2335,"Industrial, Mechanical and Production Engineers",0.4361319084136088,0.7766832965334531
WA,2336,Mining Engineers,0.27606355721195985,0.4845083208114893
WA,2339,Other Engineering Professionals,0.4645691566909611,0.6628851389459327
WA,2341,Agricultural and Forestry Scientists,0.4000745563346453,0.4754234781487534
WA,2342,"Chemists, and Food and Wine Scientists",0.8304096767096558,1.110148903369625
WA,2343,Environmental Scientists,0.6279930710312902,0.6571314690526271
WA,2344,Geologists and Geophysicists,0.9154116568606518,0.7797281237577902
WA,2345,Life Scientists,0.9724608480791073,0.7285815681506786
WA,2346,Medical Laboratory Scientists,0.7531106453275025,0.6567795363890703
WA,2347,Veterinarians,1.5275418554157782,1.1079318711516155
WA,2349,Other Natural and Physical Science Professionals,0.28324736446945975,0.6039160411409457
WA,2411,Early Childhood (Pre-primary School) Teachers,0.7661295528146264,0.6901529062118108
WA,2412,Primary School Teachers,1.4403616363712746,1.6460304143195001
WA,2413,Middle School Teachers (Aus) / Intermediate School Teachers (NZ),-0.12516506452334936,0.06899225243869864
WA,2414,Secondary School Teachers,0.9694280491989651,1.1901877614252006
WA,2415,Special Education Teachers,0.7395016897382716,1.1056058853182134
WA,2421,University Lecturers and Tutors,0.7926900795951171,0.7555570636412186
WA,2422,Vocational Education Teachers (Aus) / Polytechnic Teachers (NZ),0.7392882835074011,1.1200605351227846
WA,2491,Education Advisers and Reviewers,0.6931473066103786,0.6047360273529427
WA,2492,Private Tutors and Teachers,0.8639314061070713,0.9352403408704815
WA,2493,Teachers of English to Speakers of Other Languages,-0.04317132058079598,0.029853110208493794
WA,2511,Nutrition Professionals,0.8579024363074566,0.6024506081137897
WA,2512,Medical Imaging Professionals,0.22911678876854813,0.4350416541456279
WA,2513,Occupational and Environmental Health Professionals,0.8299174452407962,0.6550626713690111
WA,2514,Optometrists and Orthoptists,1.259437209660124,1.3407827776098304
WA,2515,Pharmacists,0.85275645475678985,0.8565951927497784
WA,2519,Other Health Diagnostic and Promotion Professionals,0.18137386377184717,0.3890135956829428
WA,2521,Chiropractors and Osteopaths,0.591678440885752,0.4915949322034312
WA,2522,Complementary Health Therapists,0.5338153290943095,0.6061357581157691
WA,2523,Dental Practitioners,0.7640364895524328,0.6561734552171008
WA,2524,Occupational Therapists,0.9318655683122685,0.5912830861059852
WA,2525,Physiotherapists,0.5862770656879421,0.5567871677828382
WA,2526,Podiatrists,0.7562314103787495,0.9620832891675906
WA,2527,Audiologists and Speech Pathologists/Therapists,1.510167969287767,1.0360919285817212
WA,2531,General Practitioners and Resident Medical Officers,0.6660590731395191,0.6738554667134418
WA,2532,Anaesthetists,0.4653632496892335,-0.32197092121128645
WA,2533,Specialist Physicians,0.7067837213395141,0.6318588453019816
WA,2534,Psychiatrists,1.2776607489239906,0.36888464275200494
WA,2535,Surgeons,0.6296341644971842,0.21905354598908322
WA,2539,Other Medical Practitioners,0.5224502083802074,0.39547871590018646
WA,2541,Midwives,0.8104838448806682,1.1892014755372533
WA,2542,Nurse Educators and Researchers,1.0737444146308224,1.1278110920414828
WA,2543,Nurse Managers,0.8523478699773728,0.6532191794587159
WA,2544,Registered Nurses,0.9913276813102883,0.9017155223856381
WA,2611,ICT Business and Systems Analysts,0.23962682297750604,0.44463902235671426
WA,2612,Multimedia Specialists and Web Developers,-0.2213237465147584,0.03940249967131848
WA,2613,Software and Applications Programmers,0.24442181571995203,0.4417544859429974
WA,2621,"Database and Systems Administrators, and ICT Security Specialists",0.3396731758286209,0.46164032912301156
WA,2631,Computer Network Professionals,-0.12985685698452443,0.2227886722690311
WA,2632,ICT Support and Test Engineers,0.26683517363753584,0.4462483522160756
WA,2633,Telecommunications Engineering Professionals,0.2766320983531103,0.27883242920122875
WA,2711,Barristers,0.6931469424647922,0.7587440231750966
WA,2713,Solicitors,-0.1929673604880655,0.2582429810241633
WA,2721,Counsellors,0.7180964993485186,0.4778371076965149
WA,2722,Ministers of Religion,0.7193170827951578,0.39263285254010794
WA,2723,Psychologists,0.6170664927400322,0.3123170720152384
WA,2724,Social Professionals,0.5500974063177746,0.5290991934405889
WA,2725,Social Workers,0.7714720834906719,0.4822698739295399
WA,2726,"Welfare, Recreation and Community Arts Workers",0.8249148874318868,0.577134476458057
WA,3111,Agricultural Technicians,0.9198878221483611,0.850294446315556
WA,3112,Medical Technicians,0.6467969691315312,0.6503697275254212
WA,3113,Primary Products Inspectors,0.46847827422400046,0.4092892808824429
WA,3114,Science Technicians,0.5265095118390453,0.5072235937165068
WA,3121,"Architectural, Building and Surveying Technicians",0.5153189823152795,0.45718807447503007
WA,3122,Civil Engineering Draftspersons and Technicians,0.6394094941636435,0.7830083706893376
WA,3123,Electrical Engineering Draftspersons and Technicians,0.4173464362301962,0.6736533275838665
WA,3124,Electronic Engineering Draftspersons and Technicians,0.24864124939119758,0.5116063969472457
WA,3125,Mechanical Engineering Draftspersons and Technicians,0.6595255936940272,0.7242187323545108
WA,3126,Safety Inspectors,0.9786717656708408,0.8596123801446489
WA,3129,Other Building and Engineering Technicians,0.465078604652267,0.5908067506803807
WA,3131,ICT Support Technicians,0.25349283481861296,0.3341899899115246
WA,3132,Telecommunications Technical Specialists,0.5710847531723882,0.6286085936329024
WA,3211,Automotive Electricians,0.20350523788013408,0.28181475789575305
WA,3212,Motor Mechanics,0.4988736638048481,0.5052877356786238
WA,3221,"Metal Casting, Forging and Finishing Trades Workers",0.5619557194844543,0.6654953790510771
WA,3222,Sheetmetal Trades Workers,0.5396868424833992,0.4859104798714067
WA,3223,Structural Steel and Welding Trades Workers,0.5418218972304922,0.4797503345383811
WA,3231,Aircraft Maintenance Engineers,0.5086492681498735,0.4054651326179699
WA,3232,Metal Fitters and Machinists,0.3019852169637236,0.4204073806550115
WA,3233,Precision Metal Trades Workers,0.7146534452496496,0.46818180064371395
WA,3234,Toolmakers and Engineering Patternmakers,0.0752240462377829,0.13976194237515882
WA,3241,Panelbeaters,0.8531564231958617,0.5629071349896728
WA,3242,Vehicle Body Builders and Trimmers,0.032435271369240404,-0.1010960079311154
WA,3243,Vehicle Painters,1.1014091292218124,0.4688867280412867
WA,3311,Bricklayers and Stonemasons,0.9833548395676628,0.6920667914409049
WA,3312,Carpenters and Joiners,1.0707868623238719,0.6637725687840659
WA,3321,Floor Finishers,1.0316977623681027,0.6359887321179198
WA,3322,Painting Trades Workers,0.8975479468899277,0.7652057614916243
WA,3331,Glaziers,0.7577708751841894,0.4769240103619161
WA,3332,Plasterers,0.48064511803660626,0.38206449344581217
WA,3333,Roof Tilers,1.037987268567399,0.8266787071130626
WA,3334,Wall and Floor Tilers,0.9801533963301858,0.6790483976003177
WA,3341,Plumbers,0.6487336286963847,0.5439899057911246
WA,3411,Electricians,0.7806207195215418,0.8148566818478722
WA,3421,Airconditioning and Refrigeration Mechanics,0.6031420635673244,0.5137694162882411
WA,3422,Electrical Distribution Trades Workers,1.0152841806261619,0.7120410620550115
WA,3423,Electronics Trades Workers,0.21459646087546513,0.16885046036385676
WA,3424,Telecommunications Trades Workers,0.551334818961104,0.46572106165424154
WA,3511,Bakers and Pastrycooks,1.1201386416361347,0.9857797426169461
WA,3512,Butchers and Smallgoods Makers,0.8050975182120976,0.37335084354367476
WA,3513,Chefs,0.4745193022907017,0.48038701354012225
WA,3514,Cooks,0.8029579977601617,0.6306543548178736
WA,3611,Animal Attendants and Trainers,0.4153450754217154,0.07281242014111955
WA,3612,Shearers,-0.06899430005940038,-0.13353219619677625
WA,3613,Veterinary Nurses,1.420695587837243,1.1583313695235897
WA,3621,Florists,0.6410904369244301,-0.02264293305608489
WA,3622,Gardeners,0.9827324978652241,0.8182518293935175
WA,3623,Greenkeepers,1.1644041293817042,1.0418018111483889
WA,3624,Nurserypersons,0.41667422449001745,0.29835452127123196
WA,3911,Hairdressers,0.6177927117970214,0.19645274048209682
WA,3921,"Binders, Finishers and Screen Printers",0.5636888276088134,0.5355174030233758
WA,3922,Graphic Pre-press Trades Workers,0.3513979620258614,0.14188052625983616
WA,3923,Printers,0.34830615015055666,0.4723591431601313
WA,3931,Canvas and Leather Goods Makers,0.3973031049457958,0.34967480070971063
WA,3932,Clothing Trades Workers,0.7433368479550554,0.5561255748769486
WA,3933,Upholsterers,0.8368548589935234,0.4253460432193935
WA,3941,Cabinetmakers,0.7389936368632144,0.4338718651511817
WA,3942,Wood Machinists and Other Wood Trades Workers,0.7805589099361576,0.44821652023778613
WA,3991,Boat Builders and Shipwrights,0.43531769206483695,0.4353176920648367
WA,3992,"Chemical, Gas, Petroleum and Power Generation Plant Operators",0.26658174656555245,0.35379309756384325
WA,3993,"Gallery, Library and Museum Technicians",1.1490006582307926,1.164626054874034
WA,3994,Jewellers,1.2290291729920964,0.8087492776062095
WA,3995,Performing Arts Technicians,0.7219263974783738,0.8627836001759472
WA,3996,Signwriters,0.3794898781151932,0.3133497392003619
WA,3999,Other Miscellaneous Technicians and Trades Workers,0.8778408765313603,0.8327697460629029
WA,4111,Ambulance Officers and Paramedics,0.7437326773480519,0.4607786513054912
WA,4112,"Dental Hygienists, Technicians and Therapists",0.6864780415273368,0.4648126190132533
WA,4113,Diversional Therapists,0.6310753567343603,0.5596157509896125
WA,4114,Enrolled and Mothercraft Nurses,1.106372482869081,0.9319907592981869
WA,4115,Indigenous Health Workers,0.6775215513585915,0.7170529452540364
WA,4116,Massage Therapists,0.5308570941731601,0.39635345064020333
WA,4117,Welfare Support Workers,0.776381594510501,0.6531301439867843
WA,4211,Child Carers,0.8516294219220546,0.8926688566312793
WA,4221,Education Aides,0.7112047285634517,0.9162907383165324
WA,4231,Aged and Disabled Carers,0.7755620071552638,0.5961851697375744
WA,4232,Dental Assistants,0.6402247923423801,0.5862932039142126
WA,4233,Nursing Support and Personal Care Workers,0.8152607022110292,0.7322179781709268
WA,4234,Special Care Workers,0.6170479368608994,0.6344400289375909
WA,4311,Bar Attendants and Baristas,0.995979136537926,0.9086763367006752
WA,4312,Cafe Workers,0.6475697103465992,0.9860241478789002
WA,4313,Gaming Workers,0.043484048109385665,-0.061876067548360614
WA,4314,Hotel Service Managers,0.9149742470940554,0.673577046372162
WA,4315,Waiters,1.4554199940201924,1.3718790863434212
WA,4412,Fire and Emergency Workers,0.661398473604812,0.6578334964718384
WA,4413,Police,-0.25022471647288547,-0.30228146010840073
WA,4421,Prison Officers,1.038352632946061,0.49643684638487917
WA,4422,Security Officers and Guards,0.8187000751463174,0.6929307025848246
WA,4511,Beauty Therapists,0.5550589027812776,0.30514133743148264
WA,4512,Driving Instructors,-0.14792044257657322,0.007272686336381673
WA,4513,Funeral Workers,0.8312971606178587,1.0590812529872469
WA,4514,"Gallery, Museum and Tour Guides",1.0752931304292677,0.8780129984199994
WA,4515,Personal Care Consultants,-0.27087496543482703,-0.08515571310141326
WA,4516,Tourism and Travel Advisers,0.413481123055516,1.2702130831901686
WA,4517,Travel Attendants,0.879429384758631,1.4390443869798522
WA,4521,Fitness Instructors,0.3822938574778769,0.36228521830478444
WA,4522,Outdoor Adventure Guides,0.7014463965976955,0.668656412484395
WA,4523,"Sports Coaches, Instructors and Officials",1.0323519413205764,0.8157742362551614
WA,4524,Sportspersons,0.43428548484143237,0.4226575644814279
WA,5111,"Contract, Program and Project Administrators",0.5139457461080754,0.7252456517660502
WA,5121,Office Managers,0.7253994119826324,0.7904934644324353
WA,5122,Practice Managers,0.7657977061208121,0.5935740642240122
WA,5211,Personal Assistants,-0.1427453242921266,0.06295998215039544
WA,5212,Secretaries,0.6354567578786581,0.9814680393677735
WA,5311,General Clerks,0.7572473793171133,0.8104205918810683
WA,5321,Keyboard Operators,0.42075927136862346,0.6012331965631019
WA,5411,Call or Contact Centre Workers,0.9500271934475526,0.9304118605773786
WA,5412,Information Officers,1.0461076826374818,1.1231511131579488
WA,5421,Receptionists,0.77088292765236055,0.8264360031140265
WA,5511,Accounting Clerks,0.40401587270586603,0.6837892327186159
WA,5512,Bookkeepers,0.32367400915298017,0.567739092396057
WA,5513,Payroll Clerks,0.3571950204274055,0.6135492266773577
WA,5521,Bank Workers,0.8392087665425669,1.060174445491179
WA,5522,Credit and Loans Officers,0.5827193090524494,0.8057630908023086
WA,5523,"Insurance, Money Market and Statistical Clerks",0.8790850595067174,0.5551131595627645
WA,5611,Betting Clerks,0.1431009462048494,-6.666668889987459e-7
WA,5612,Couriers and Postal Deliverers,0.8984631131940306,0.8908099763992556
WA,5613,Filing and Registry Clerks,0.4335692856819895,0.7421707383593126
WA,5614,Mail Sorters,0.4700036292457356,0.4700036292457357
WA,5615,Survey Interviewers,0.27506347436807266,0.15137670921679058
WA,5616,Switchboard Operators,0.46034222020109217,0.3720491645179983
WA,5619,Other Clerical and Office Support Workers,0.18038180825520467,0.597542781023956
WA,5911,Purchasing and Supply Logistics Clerks,0.6771454453552179,0.7690263935480335
WA,5912,Transport and Despatch Clerks,0.6498220558215717,0.7023793065602475
WA,5991,Conveyancers and Legal Executives,0.20078886911230542,0.35363998415073583
WA,5992,Court and Legal Clerks,0.4104443382299019,0.7545999597736088
WA,5993,Debt Collectors,0.2206715846355145,0.3956129106750488
WA,5994,Human Resource Clerks,0.6994298605826568,0.7780731173899265
WA,5995,Inspectors and Regulatory Officers,0.6589483540144547,0.8565585688407404
WA,5996,"Insurance Investigators, Loss Adjusters and Risk Surveyors",0.7169659181854597,0.9449420470368404
WA,5997,Library Assistants,0.6135944409524283,0.54538719545105
WA,5999,Other Miscellaneous Clerical and Administrative Workers,0.42993800349680367,0.5673377978678213
WA,6111,"Auctioneers, and Stock and Station Agents",0.06899296672517813,0.2231422179799875
WA,6112,Insurance Agents,0.5535896816563435,0.6414510385205365
WA,6113,Sales Representatives,0.3419377890004949,0.5608321728519492
WA,6121,Real Estate Sales Agents,0.49712500106975366,0.4054000308399148
WA,6211,Sales Assistants (General),1.0046771621912054,0.887571285855099
WA,6212,ICT Sales Assistants,0.09662709884693199,-0.12361346025114972
WA,6213,Motor Vehicle and Vehicle Parts Salespersons,0.5537811004318467,0.6598960484151588
WA,6214,Pharmacy Sales Assistants,1.415929694006807,1.4218643696506055
WA,6215,Retail Supervisors,0.8493872677411933,0.5948245046663545
WA,6216,Service Station Attendants,0.5210954194357131,-0.1848726104326932
WA,6217,Street Vendors and Related Salespersons,0.0763726496530237,0.3074858468072732
WA,6219,Other Sales Assistants and Salespersons,0.4439312923765828,0.4149435286126133
WA,6311,Checkout Operators and Office Cashiers,1.5732350880405053,1.1752047171263156
WA,6391,Models and Sales Demonstrators,1.147792401087711,1.187315625766054
WA,6392,Retail and Wool Buyers,0.30058563837659746,0.8602007931952964
WA,6393,Telemarketers,0.2200930659021676,0.2536447295749813
WA,6394,Ticket Salespersons,0.6697268589584806,1.0751915504000653
WA,6395,Visual Merchandisers,0.4664256936121438,1.32714655348207
WA,6399,Other Sales Support Workers,0.8999820122145845,1.7652092808020574
WA,7111,"Clay, Concrete, Glass and Stone Processing Machine Operators",0.28185155605805057,-0.1313362206846599
WA,7112,Industrial Spraypainters,0.6687731360019407,0.5142179386790833
WA,7113,Paper and Wood Processing Machine Operators,0.6136835762483807,0.04616227087925173
WA,7114,Photographic Developers and Printers,0.11247898646713378,0.26662823772194316
WA,7115,Plastics and Rubber Production Machine Operators,0.21195122179273795,-0.021593268570862634
WA,7116,Sewing Machinists,1.0388930539664876,0.6286085632685328
WA,7117,Textile and Footwear Production Machine Operators,0.0741078485272455,-0.13353212923205193
WA,7119,Other Machine Operators,0.6968834939388091,0.5499398007721084
WA,7121,"Crane, Hoist and Lift Operators",0.8144919277363516,0.6378201232826246
WA,7122,"Drillers, Miners and Shot Firers",0.34922299181624616,0.4048509152354791
WA,7123,Engineering Production Workers,0.09587583552674017,0.17126134459032727
WA,7129,Other Stationary Plant Operators,0.3548796072434177,0.46146386769760106
WA,7211,"Agricultural, Forestry and Horticultural Plant Operators",1.0364806319046311,0.7279335377390888
WA,7212,Earthmoving Plant Operators,0.07359376695512232,-0.12436525387177966
WA,7213,Forklift Drivers,0.9317910093311692,0.7092451423718185
WA,7219,Other Mobile Plant Operators,0.4022524512093364,0.17188119165629434
WA,7311,Automobile Drivers,0.47623374110829575,0.5596157413515758
WA,7312,Bus and Coach Drivers,0.9652574388181048,0.7930819696730707
WA,7313,Train and Tram Drivers,0.33013540891269066,-0.2108431905871364
WA,7321,Delivery Drivers,1.3342139629834842,0.9890129466894102
WA,7331,Truck Drivers,0.573482673534814,0.37973056947091965
WA,7411,Storepersons,0.9607784090580864,0.8413907862287457
WA,8111,Car Detailers,0.9612284449449486,0.8441357786635861
WA,8112,Commercial Cleaners,1.5434753822212226,1.1758535386548123
WA,8113,Domestic Cleaners,1.2173957095229504,0.9623346380195419
WA,8114,Housekeepers,1.1389755685739917,0.8692888433525168
WA,8115,Laundry Workers,1.1801623517106679,1.1416960634836846
WA,8116,Other Cleaners,0.9028673992297227,0.8736687545294832
WA,8211,Building and Plumbing Labourers,0.915927023925561,0.7407013119201595
WA,8212,Concreters,0.840448520878935,0.292110079654174
WA,8213,Fencers,0.5824817920037682,-0.09143450651735452
WA,8214,Insulation and Home Improvement Installers,1.048487948214512,0.50616357986977345
WA,8215,Paving and Surfacing Labourers,-0.07878086543384155,0.08552233737257486
WA,8216,Railway Track Workers,0.6361924260407874,0.4590744717570274
WA,8217,Structural Steel Construction Workers,0.8605380704965704,0.7394601566809378
WA,8219,Other Construction and Mining Labourers,0.19118244981422094,0.2368319687031475
WA,8311,Food and Drink Factory Workers,1.4619062509104408,1.2334131038159049
WA,8312,"Meat Boners and Slicers, and Slaughterers",0.6190394674329303,0.6139501430823855
WA,8313,"Meat, Poultry and Seafood Process Workers",0.7745878482035882,0.2280436729359363
WA,8321,Packers,1.2117853637087204,0.9161691451507425
WA,8322,Product Assemblers,0.7689308975855083,1.0998935829431404
WA,8391,Metal Engineering Process Workers,0.8430870542097609,0.985058309996947
WA,8392,Plastics and Rubber Factory Workers,0.10535951565732633,-0.024693856493280805
WA,8393,Product Quality Controllers,0.5413833062070847,0.6169629936671823
WA,8394,Timber and Wood Process Workers,0.7472142483215015,0.7198151502595724
WA,8399,Other Factory Process Workers,1.4150659841949431,1.070969828722634
WA,8411,Aquaculture Workers,-0.06899158577092096,0.0741080270988175
WA,8412,Crop Farm Workers,0.8295875955352137,0.6304588356791117
WA,8413,Forestry and Logging Workers,0.5381097512092428,0.5650652908803737
WA,8414,Garden and Nursery Labourers,0.4276290341606903,0.47914630077641673
WA,8415,Livestock Farm Workers,0.7717373827530025,0.45614680260649587
WA,8416,Mixed Crop and Livestock Farm Workers,0.8657180717831876,0.6883555372151697
WA,8419,"Other Farm, Forestry and Garden Workers",1.082738860141741,0.5703396641285874
WA,8511,Fast Food Cooks,0.5606577055431061,0.3626448714043069
WA,8512,Food Trades Assistants,0.19329062292388133,0.14310095552877122
WA,8513,Kitchenhands,1.293949873145884,1.0934821931370795
WA,8911,Freight and Furniture Handlers,0.8966940870220164,0.7377458697730166
WA,8912,Shelf Fillers,2.1478788349729303,0.9758388906450635
WA,8991,Caretakers,0.4036905291075299,0.7959453395130649
WA,8992,Deck and Fishing Hands,0.42810769765272694,0.7653435998672347
WA,8993,Handypersons,1.0058338352401934,0.8471245819235467
WA,8994,Motor Vehicle Parts and Accessories Fitters,0.8940081222991196,0.5744138397832463
WA,8995,Printing Assistants and Table Workers,0.6163830087040401,0.7366320194500471
WA,8996,Recycling and Rubbish Collectors,0.5322165113021233,0.03226126424787057
WA,8997,Vending Machine Attendants,0.6171627562528221,0.5695351156589306
WA,8999,Other Miscellaneous Labourers,0.7244482898730347,0.5590284556832747
