sample,key,idcountry,occupation_id,control,value
aus_l3,anzsco_4digit,ACT,1111,runup_from_2019,0.09929816993258322
aus_l3,anzsco_4digit,ACT,1111,runup_from_2020,0.46306254281522197
aus_l3,anzsco_4digit,ACT,1112,runup_from_2019,0.3096895879137418
aus_l3,anzsco_4digit,ACT,1112,runup_from_2020,0.5142461016699489
aus_l3,anzsco_4digit,ACT,1211,runup_from_2019,0
aus_l3,anzsco_4digit,ACT,1211,runup_from_2020,0
aus_l3,anzsco_4digit,ACT,1212,runup_from_2019,0.260282743533778
aus_l3,anzsco_4digit,ACT,1212,runup_from_2020,0.28768144745158564
aus_l3,anzsco_4digit,ACT,1213,runup_from_2019,0.24512224064165702
aus_l3,anzsco_4digit,ACT,1213,runup_from_2020,0.16508030219918565
aus_l3,anzsco_4digit,ACT,1214,runup_from_2019,0.19189120011781619
aus_l3,anzsco_4digit,ACT,1214,runup_from_2020,0.0487911641699319
aus_l3,anzsco_4digit,ACT,1311,runup_from_2019,0.045152031973136
aus_l3,anzsco_4digit,ACT,1311,runup_from_2020,0.40213388659497085
aus_l3,anzsco_4digit,ACT,1321,runup_from_2019,0.27954711760615103
aus_l3,anzsco_4digit,ACT,1321,runup_from_2020,0.5053950050886513
aus_l3,anzsco_4digit,ACT,1322,runup_from_2019,0.10114998042673395
aus_l3,anzsco_4digit,ACT,1322,runup_from_2020,0.3854143611929546
aus_l3,anzsco_4digit,ACT,1323,runup_from_2019,0.5603123605693843
aus_l3,anzsco_4digit,ACT,1323,runup_from_2020,0.8660426178985223
aus_l3,anzsco_4digit,ACT,1324,runup_from_2019,0.8435492119718466
aus_l3,anzsco_4digit,ACT,1324,runup_from_2020,0.7767055122001318
aus_l3,anzsco_4digit,ACT,1325,runup_from_2019,0.8765867867504771
aus_l3,anzsco_4digit,ACT,1325,runup_from_2020,0.6282597922012483
aus_l3,anzsco_4digit,ACT,1331,runup_from_2019,0.362520966129229
aus_l3,anzsco_4digit,ACT,1331,runup_from_2020,0.47514794796562576
aus_l3,anzsco_4digit,ACT,1332,runup_from_2019,0.8150369571853746
aus_l3,anzsco_4digit,ACT,1332,runup_from_2020,0.6688542470073131
aus_l3,anzsco_4digit,ACT,1333,runup_from_2019,0.23638891841519122
aus_l3,anzsco_4digit,ACT,1333,runup_from_2020,0.4595318030625122
aus_l3,anzsco_4digit,ACT,1334,runup_from_2019,0
aus_l3,anzsco_4digit,ACT,1334,runup_from_2020,-0.22314355131420976
aus_l3,anzsco_4digit,ACT,1335,runup_from_2019,0.6304089299240214
aus_l3,anzsco_4digit,ACT,1335,runup_from_2020,0.517355995550242
aus_l3,anzsco_4digit,ACT,1336,runup_from_2019,0.49986663632347117
aus_l3,anzsco_4digit,ACT,1336,runup_from_2020,0.4917254778560536
aus_l3,anzsco_4digit,ACT,1341,runup_from_2019,0.06713943947183232
aus_l3,anzsco_4digit,ACT,1341,runup_from_2020,0.17327179235160783
aus_l3,anzsco_4digit,ACT,1342,runup_from_2019,0.14934519253649325
aus_l3,anzsco_4digit,ACT,1342,runup_from_2020,0.2369671707512735
aus_l3,anzsco_4digit,ACT,1343,runup_from_2019,0.3978614976195053
aus_l3,anzsco_4digit,ACT,1343,runup_from_2020,0.5985317385360985
aus_l3,anzsco_4digit,ACT,1344,runup_from_2019,0.842182871808355
aus_l3,anzsco_4digit,ACT,1344,runup_from_2020,1.1394341562652919
aus_l3,anzsco_4digit,ACT,1351,runup_from_2019,0.34202540330763176
aus_l3,anzsco_4digit,ACT,1351,runup_from_2020,0.26209805230126015
aus_l3,anzsco_4digit,ACT,1399,runup_from_2019,0.2736958088085686
aus_l3,anzsco_4digit,ACT,1399,runup_from_2020,0.5213540171272442
aus_l3,anzsco_4digit,ACT,1411,runup_from_2019,-0.07384730339725287
aus_l3,anzsco_4digit,ACT,1411,runup_from_2020,0.2974621141491198
aus_l3,anzsco_4digit,ACT,1412,runup_from_2019,0
aus_l3,anzsco_4digit,ACT,1412,runup_from_2020,0
aus_l3,anzsco_4digit,ACT,1413,runup_from_2019,0.4418327522790393
aus_l3,anzsco_4digit,ACT,1413,runup_from_2020,0.9135473829147152
aus_l3,anzsco_4digit,ACT,1414,runup_from_2019,-0.09352540675029863
aus_l3,anzsco_4digit,ACT,1414,runup_from_2020,0.11411338110482949
aus_l3,anzsco_4digit,ACT,1419,runup_from_2019,0.3946541394092855
aus_l3,anzsco_4digit,ACT,1419,runup_from_2020,-0.02150599014233301
aus_l3,anzsco_4digit,ACT,1421,runup_from_2019,0.15287985093831225
aus_l3,anzsco_4digit,ACT,1421,runup_from_2020,0.5590621835058238
aus_l3,anzsco_4digit,ACT,1491,runup_from_2019,0.477726004051654
aus_l3,anzsco_4digit,ACT,1491,runup_from_2020,0.4547360259960873
aus_l3,anzsco_4digit,ACT,1492,runup_from_2019,0.5554388045114012
aus_l3,anzsco_4digit,ACT,1492,runup_from_2020,0.34995698599664893
aus_l3,anzsco_4digit,ACT,1493,runup_from_2019,0.4811107972768718
aus_l3,anzsco_4digit,ACT,1493,runup_from_2020,1.0098398398504846
aus_l3,anzsco_4digit,ACT,1494,runup_from_2019,0.09909048597765091
aus_l3,anzsco_4digit,ACT,1494,runup_from_2020,0.36842401824601345
aus_l3,anzsco_4digit,ACT,1499,runup_from_2019,0.25919010943204146
aus_l3,anzsco_4digit,ACT,1499,runup_from_2020,0.5811612941221451
aus_l3,anzsco_4digit,ACT,2111,runup_from_2019,0.353085434315092
aus_l3,anzsco_4digit,ACT,2111,runup_from_2020,0.4309588759565255
aus_l3,anzsco_4digit,ACT,2112,runup_from_2019,-0.37605129103945667
aus_l3,anzsco_4digit,ACT,2112,runup_from_2020,0.19105475621352122
aus_l3,anzsco_4digit,ACT,2113,runup_from_2019,0.13534116625177284
aus_l3,anzsco_4digit,ACT,2113,runup_from_2020,0.1950611434282643
aus_l3,anzsco_4digit,ACT,2114,runup_from_2019,0
aus_l3,anzsco_4digit,ACT,2114,runup_from_2020,0
aus_l3,anzsco_4digit,ACT,2121,runup_from_2019,0.0674399916134108
aus_l3,anzsco_4digit,ACT,2121,runup_from_2020,-0.14165279352001153
aus_l3,anzsco_4digit,ACT,2122,runup_from_2019,0.5443013401964454
aus_l3,anzsco_4digit,ACT,2122,runup_from_2020,0.21494698819168478
aus_l3,anzsco_4digit,ACT,2123,runup_from_2019,0.49247612146149655
aus_l3,anzsco_4digit,ACT,2123,runup_from_2020,0.189010679172948
aus_l3,anzsco_4digit,ACT,2124,runup_from_2019,0.22920923431219187
aus_l3,anzsco_4digit,ACT,2124,runup_from_2020,0.1472266797099171
aus_l3,anzsco_4digit,ACT,2211,runup_from_2019,-0.08864278665006609
aus_l3,anzsco_4digit,ACT,2211,runup_from_2020,0.17826047733192585
aus_l3,anzsco_4digit,ACT,2212,runup_from_2019,0.12279944186190495
aus_l3,anzsco_4digit,ACT,2212,runup_from_2020,0.7700477794176357
aus_l3,anzsco_4digit,ACT,2221,runup_from_2019,0.3724041428548608
aus_l3,anzsco_4digit,ACT,2221,runup_from_2020,0.1890670044395264
aus_l3,anzsco_4digit,ACT,2222,runup_from_2019,0.25995650222334676
aus_l3,anzsco_4digit,ACT,2222,runup_from_2020,0.46759568671328683
aus_l3,anzsco_4digit,ACT,2223,runup_from_2019,0.25654183171605727
aus_l3,anzsco_4digit,ACT,2223,runup_from_2020,0.35389814587910307
aus_l3,anzsco_4digit,ACT,2231,runup_from_2019,0.35059152425053863
aus_l3,anzsco_4digit,ACT,2231,runup_from_2020,0.5901008843737268
aus_l3,anzsco_4digit,ACT,2232,runup_from_2019,-0.5198760489665927
aus_l3,anzsco_4digit,ACT,2232,runup_from_2020,0.0229892962373075
aus_l3,anzsco_4digit,ACT,2233,runup_from_2019,0.4429860277075943
aus_l3,anzsco_4digit,ACT,2233,runup_from_2020,0.44460282677941043
aus_l3,anzsco_4digit,ACT,2241,runup_from_2019,0.048201972551380035
aus_l3,anzsco_4digit,ACT,2241,runup_from_2020,0.2580600355903375
aus_l3,anzsco_4digit,ACT,2242,runup_from_2019,0.5539357286833122
aus_l3,anzsco_4digit,ACT,2242,runup_from_2020,0.8729401344988312
aus_l3,anzsco_4digit,ACT,2243,runup_from_2019,0.7298792226155599
aus_l3,anzsco_4digit,ACT,2243,runup_from_2020,1.0381805822700765
aus_l3,anzsco_4digit,ACT,2244,runup_from_2019,0.27306540967982507
aus_l3,anzsco_4digit,ACT,2244,runup_from_2020,0.3066055271974122
aus_l3,anzsco_4digit,ACT,2245,runup_from_2019,0.17384678302143053
aus_l3,anzsco_4digit,ACT,2245,runup_from_2020,0.3486021013403442
aus_l3,anzsco_4digit,ACT,2246,runup_from_2019,0.35667529458811265
aus_l3,anzsco_4digit,ACT,2246,runup_from_2020,0.5108254874023761
aus_l3,anzsco_4digit,ACT,2247,runup_from_2019,0.32443160972180873
aus_l3,anzsco_4digit,ACT,2247,runup_from_2020,0.4775924884347398
aus_l3,anzsco_4digit,ACT,2249,runup_from_2019,0.5154660263360578
aus_l3,anzsco_4digit,ACT,2249,runup_from_2020,0.4868107148996894
aus_l3,anzsco_4digit,ACT,2251,runup_from_2019,0.36572478873508807
aus_l3,anzsco_4digit,ACT,2251,runup_from_2020,0.6295743403104499
aus_l3,anzsco_4digit,ACT,2252,runup_from_2019,0.6562423228725696
aus_l3,anzsco_4digit,ACT,2252,runup_from_2020,0.2363884773123055
aus_l3,anzsco_4digit,ACT,2253,runup_from_2019,0.39250832186374396
aus_l3,anzsco_4digit,ACT,2253,runup_from_2020,0.6870613776200836
aus_l3,anzsco_4digit,ACT,2254,runup_from_2019,-0.3048606409735526
aus_l3,anzsco_4digit,ACT,2254,runup_from_2020,0.2023223558138707
aus_l3,anzsco_4digit,ACT,2311,runup_from_2019,0.1466030973976452
aus_l3,anzsco_4digit,ACT,2311,runup_from_2020,0.1868773966797561
aus_l3,anzsco_4digit,ACT,2312,runup_from_2019,-0.07755702827889976
aus_l3,anzsco_4digit,ACT,2312,runup_from_2020,0.342944003326644
aus_l3,anzsco_4digit,ACT,2321,runup_from_2019,-0.19192633224638556
aus_l3,anzsco_4digit,ACT,2321,runup_from_2020,-0.3206784038689312
aus_l3,anzsco_4digit,ACT,2322,runup_from_2019,0.4317821904515313
aus_l3,anzsco_4digit,ACT,2322,runup_from_2020,0.46844641631687955
aus_l3,anzsco_4digit,ACT,2323,runup_from_2019,0.6205764264347793
aus_l3,anzsco_4digit,ACT,2323,runup_from_2020,0.4054650274629932
aus_l3,anzsco_4digit,ACT,2324,runup_from_2019,0.21029539342917092
aus_l3,anzsco_4digit,ACT,2324,runup_from_2020,0.12236247949089663
aus_l3,anzsco_4digit,ACT,2325,runup_from_2019,-2.220446049250313e-16
aus_l3,anzsco_4digit,ACT,2325,runup_from_2020,0.40741262601015693
aus_l3,anzsco_4digit,ACT,2326,runup_from_2019,0.011976430576262631
aus_l3,anzsco_4digit,ACT,2326,runup_from_2020,0.3364725223355054
aus_l3,anzsco_4digit,ACT,2331,runup_from_2019,0.07232003367182437
aus_l3,anzsco_4digit,ACT,2331,runup_from_2020,-0.15082471764286542
aus_l3,anzsco_4digit,ACT,2332,runup_from_2019,-0.06548249272146478
aus_l3,anzsco_4digit,ACT,2332,runup_from_2020,0.4361547047086938
aus_l3,anzsco_4digit,ACT,2333,runup_from_2019,-0.07382021759950796
aus_l3,anzsco_4digit,ACT,2333,runup_from_2020,-0.03174873989724403
aus_l3,anzsco_4digit,ACT,2334,runup_from_2019,-0.1761865385863588
aus_l3,anzsco_4digit,ACT,2334,runup_from_2020,-0.15283917822352833
aus_l3,anzsco_4digit,ACT,2335,runup_from_2019,0.08099200054219402
aus_l3,anzsco_4digit,ACT,2335,runup_from_2020,0.19415620554966262
aus_l3,anzsco_4digit,ACT,2336,runup_from_2019,0.6099966849372184
aus_l3,anzsco_4digit,ACT,2336,runup_from_2020,0.5283188917200996
aus_l3,anzsco_4digit,ACT,2339,runup_from_2019,0.12866219993593475
aus_l3,anzsco_4digit,ACT,2339,runup_from_2020,0.4568784456456414
aus_l3,anzsco_4digit,ACT,2341,runup_from_2019,1.0549381729679257
aus_l3,anzsco_4digit,ACT,2341,runup_from_2020,1.1075814074925894
aus_l3,anzsco_4digit,ACT,2342,runup_from_2019,1.1039312375197095
aus_l3,anzsco_4digit,ACT,2342,runup_from_2020,1.3072719474201324
aus_l3,anzsco_4digit,ACT,2343,runup_from_2019,0.33463883559130836
aus_l3,anzsco_4digit,ACT,2343,runup_from_2020,0.42866777259964417
aus_l3,anzsco_4digit,ACT,2344,runup_from_2019,0.09531017980432488
aus_l3,anzsco_4digit,ACT,2344,runup_from_2020,-0.029852669031990908
aus_l3,anzsco_4digit,ACT,2345,runup_from_2019,0.6836082503267353
aus_l3,anzsco_4digit,ACT,2345,runup_from_2020,0.4329969385950858
aus_l3,anzsco_4digit,ACT,2346,runup_from_2019,0.5166909483267421
aus_l3,anzsco_4digit,ACT,2346,runup_from_2020,0.7379979700473593
aus_l3,anzsco_4digit,ACT,2347,runup_from_2019,1.6897621865704964
aus_l3,anzsco_4digit,ACT,2347,runup_from_2020,1.3026443989470575
aus_l3,anzsco_4digit,ACT,2349,runup_from_2019,-0.5413408629124411
aus_l3,anzsco_4digit,ACT,2349,runup_from_2020,-0.4468501834259583
aus_l3,anzsco_4digit,ACT,2411,runup_from_2019,0.44615931043370294
aus_l3,anzsco_4digit,ACT,2411,runup_from_2020,0.27257294071878
aus_l3,anzsco_4digit,ACT,2412,runup_from_2019,0.43606578781857075
aus_l3,anzsco_4digit,ACT,2412,runup_from_2020,0.38244436403312343
aus_l3,anzsco_4digit,ACT,2413,runup_from_2019,0
aus_l3,anzsco_4digit,ACT,2413,runup_from_2020,-0.12675054733700172
aus_l3,anzsco_4digit,ACT,2414,runup_from_2019,0.6315262320672475
aus_l3,anzsco_4digit,ACT,2414,runup_from_2020,0.8388592447323713
aus_l3,anzsco_4digit,ACT,2415,runup_from_2019,0.3610149265640925
aus_l3,anzsco_4digit,ACT,2415,runup_from_2020,0.4054662444708969
aus_l3,anzsco_4digit,ACT,2421,runup_from_2019,0.4846192153523652
aus_l3,anzsco_4digit,ACT,2421,runup_from_2020,1.091525072861676
aus_l3,anzsco_4digit,ACT,2422,runup_from_2019,0.38711761253835214
aus_l3,anzsco_4digit,ACT,2422,runup_from_2020,0.4432065756923782
aus_l3,anzsco_4digit,ACT,2491,runup_from_2019,0.22631385543060334
aus_l3,anzsco_4digit,ACT,2491,runup_from_2020,0.30900475025760027
aus_l3,anzsco_4digit,ACT,2492,runup_from_2019,-0.110665674270504
aus_l3,anzsco_4digit,ACT,2492,runup_from_2020,0.1365751847203569
aus_l3,anzsco_4digit,ACT,2493,runup_from_2019,0.02739870391780766
aus_l3,anzsco_4digit,ACT,2493,runup_from_2020,0.02739870391780766
aus_l3,anzsco_4digit,ACT,2511,runup_from_2019,0.6174348461839885
aus_l3,anzsco_4digit,ACT,2511,runup_from_2020,0.01129978124984754
aus_l3,anzsco_4digit,ACT,2512,runup_from_2019,0.028462258372578653
aus_l3,anzsco_4digit,ACT,2512,runup_from_2020,0.7348200153669668
aus_l3,anzsco_4digit,ACT,2513,runup_from_2019,0.30580961448555577
aus_l3,anzsco_4digit,ACT,2513,runup_from_2020,0.4930211766597874
aus_l3,anzsco_4digit,ACT,2514,runup_from_2019,0.5837128915304203
aus_l3,anzsco_4digit,ACT,2514,runup_from_2020,0.9128947692998524
aus_l3,anzsco_4digit,ACT,2515,runup_from_2019,-0.03971926547051163
aus_l3,anzsco_4digit,ACT,2515,runup_from_2020,0.23046362079396765
aus_l3,anzsco_4digit,ACT,2519,runup_from_2019,0.3340065400389592
aus_l3,anzsco_4digit,ACT,2519,runup_from_2020,0.3513991538942831
aus_l3,anzsco_4digit,ACT,2521,runup_from_2019,0.07755792380182258
aus_l3,anzsco_4digit,ACT,2521,runup_from_2020,0.09381827809511367
aus_l3,anzsco_4digit,ACT,2522,runup_from_2019,-0.47000386001490413
aus_l3,anzsco_4digit,ACT,2522,runup_from_2020,-0.030304150872521696
aus_l3,anzsco_4digit,ACT,2523,runup_from_2019,0.0834810607099774
aus_l3,anzsco_4digit,ACT,2523,runup_from_2020,0.032560970282720536
aus_l3,anzsco_4digit,ACT,2524,runup_from_2019,-0.14258982038490275
aus_l3,anzsco_4digit,ACT,2524,runup_from_2020,0.016417538564167167
aus_l3,anzsco_4digit,ACT,2525,runup_from_2019,0.21834744847471566
aus_l3,anzsco_4digit,ACT,2525,runup_from_2020,0.2413369191307022
aus_l3,anzsco_4digit,ACT,2526,runup_from_2019,-0.011975709119120825
aus_l3,anzsco_4digit,ACT,2526,runup_from_2020,0.34981433548638186
aus_l3,anzsco_4digit,ACT,2527,runup_from_2019,0.48007031956818347
aus_l3,anzsco_4digit,ACT,2527,runup_from_2020,0.17813005288006334
aus_l3,anzsco_4digit,ACT,2531,runup_from_2019,0.4703997344196664
aus_l3,anzsco_4digit,ACT,2531,runup_from_2020,0.525788516617836
aus_l3,anzsco_4digit,ACT,2532,runup_from_2019,0.07232003367182437
aus_l3,anzsco_4digit,ACT,2532,runup_from_2020,-0.38193623860627196
aus_l3,anzsco_4digit,ACT,2533,runup_from_2019,0.678758370644075
aus_l3,anzsco_4digit,ACT,2533,runup_from_2020,0.3733767210928933
aus_l3,anzsco_4digit,ACT,2534,runup_from_2019,0.36876451039158
aus_l3,anzsco_4digit,ACT,2534,runup_from_2020,-0.11466256486216908
aus_l3,anzsco_4digit,ACT,2535,runup_from_2019,0.2942394110784008
aus_l3,anzsco_4digit,ACT,2535,runup_from_2020,0.12516388805276107
aus_l3,anzsco_4digit,ACT,2539,runup_from_2019,-0.1780750964209925
aus_l3,anzsco_4digit,ACT,2539,runup_from_2020,-0.08134554808743832
aus_l3,anzsco_4digit,ACT,2541,runup_from_2019,0.7992540035934566
aus_l3,anzsco_4digit,ACT,2541,runup_from_2020,0.6156894135297728
aus_l3,anzsco_4digit,ACT,2542,runup_from_2019,0.5648925545879349
aus_l3,anzsco_4digit,ACT,2542,runup_from_2020,0.6757554015504321
aus_l3,anzsco_4digit,ACT,2543,runup_from_2019,0.3342888678082092
aus_l3,anzsco_4digit,ACT,2543,runup_from_2020,0.5460470115595437
aus_l3,anzsco_4digit,ACT,2544,runup_from_2019,0.5573803656284557
aus_l3,anzsco_4digit,ACT,2544,runup_from_2020,0.6357456532458547
aus_l3,anzsco_4digit,ACT,2611,runup_from_2019,0.1698839416744855
aus_l3,anzsco_4digit,ACT,2611,runup_from_2020,0.22871345481378214
aus_l3,anzsco_4digit,ACT,2612,runup_from_2019,-0.3511245632954658
aus_l3,anzsco_4digit,ACT,2612,runup_from_2020,-0.21944677077769636
aus_l3,anzsco_4digit,ACT,2613,runup_from_2019,0.1368557367253116
aus_l3,anzsco_4digit,ACT,2613,runup_from_2020,0.08432914448242457
aus_l3,anzsco_4digit,ACT,2621,runup_from_2019,0.2291440262904958
aus_l3,anzsco_4digit,ACT,2621,runup_from_2020,0.08246164107076304
aus_l3,anzsco_4digit,ACT,2631,runup_from_2019,0.2450218455632509
aus_l3,anzsco_4digit,ACT,2631,runup_from_2020,0.3853855057255604
aus_l3,anzsco_4digit,ACT,2632,runup_from_2019,0.16634842032509578
aus_l3,anzsco_4digit,ACT,2632,runup_from_2020,0.11921436195566226
aus_l3,anzsco_4digit,ACT,2633,runup_from_2019,0.44382564499006083
aus_l3,anzsco_4digit,ACT,2633,runup_from_2020,0.689568965970929
aus_l3,anzsco_4digit,ACT,2711,runup_from_2019,-0.23440081566703497
aus_l3,anzsco_4digit,ACT,2711,runup_from_2020,0.09909234132423966
aus_l3,anzsco_4digit,ACT,2713,runup_from_2019,0.3031781174062824
aus_l3,anzsco_4digit,ACT,2713,runup_from_2020,0.6376407103208206
aus_l3,anzsco_4digit,ACT,2721,runup_from_2019,0.25053307445272344
aus_l3,anzsco_4digit,ACT,2721,runup_from_2020,0.22451247347815428
aus_l3,anzsco_4digit,ACT,2722,runup_from_2019,-0.1726134902813623
aus_l3,anzsco_4digit,ACT,2722,runup_from_2020,-1.3043481096319809e-6
aus_l3,anzsco_4digit,ACT,2723,runup_from_2019,-0.11286477018906194
aus_l3,anzsco_4digit,ACT,2723,runup_from_2020,-0.0964901940880103
aus_l3,anzsco_4digit,ACT,2724,runup_from_2019,0.18187812074834664
aus_l3,anzsco_4digit,ACT,2724,runup_from_2020,0.022422475896489047
aus_l3,anzsco_4digit,ACT,2725,runup_from_2019,0.4103821123772189
aus_l3,anzsco_4digit,ACT,2725,runup_from_2020,0.3144000393969213
aus_l3,anzsco_4digit,ACT,2726,runup_from_2019,0.34105483321326213
aus_l3,anzsco_4digit,ACT,2726,runup_from_2020,0.2935610135981279
aus_l3,anzsco_4digit,ACT,3111,runup_from_2019,0.05826953076591407
aus_l3,anzsco_4digit,ACT,3111,runup_from_2020,-0.018691954815004297
aus_l3,anzsco_4digit,ACT,3112,runup_from_2019,0.1561606503208699
aus_l3,anzsco_4digit,ACT,3112,runup_from_2020,0.4714504730448137
aus_l3,anzsco_4digit,ACT,3113,runup_from_2019,-0.044450695376103494
aus_l3,anzsco_4digit,ACT,3113,runup_from_2020,-0.12783402605542274
aus_l3,anzsco_4digit,ACT,3114,runup_from_2019,0.27155243149755637
aus_l3,anzsco_4digit,ACT,3114,runup_from_2020,0.3636675140896599
aus_l3,anzsco_4digit,ACT,3121,runup_from_2019,0.2797912712959527
aus_l3,anzsco_4digit,ACT,3121,runup_from_2020,0.5638523982654524
aus_l3,anzsco_4digit,ACT,3122,runup_from_2019,-0.18632953843245414
aus_l3,anzsco_4digit,ACT,3122,runup_from_2020,0.7944996145792672
aus_l3,anzsco_4digit,ACT,3123,runup_from_2019,0.28240554166686516
aus_l3,anzsco_4digit,ACT,3123,runup_from_2020,0.6773989798418184
aus_l3,anzsco_4digit,ACT,3124,runup_from_2019,0.24419706689502674
aus_l3,anzsco_4digit,ACT,3124,runup_from_2020,0.49703202766108967
aus_l3,anzsco_4digit,ACT,3125,runup_from_2019,-0.19671072902875752
aus_l3,anzsco_4digit,ACT,3125,runup_from_2020,0.17366426616541686
aus_l3,anzsco_4digit,ACT,3126,runup_from_2019,0.6931467393835071
aus_l3,anzsco_4digit,ACT,3126,runup_from_2020,0.5559456555774023
aus_l3,anzsco_4digit,ACT,3129,runup_from_2019,-0.3047764756143181
aus_l3,anzsco_4digit,ACT,3129,runup_from_2020,0.1708926122765564
aus_l3,anzsco_4digit,ACT,3131,runup_from_2019,0.3273334406969992
aus_l3,anzsco_4digit,ACT,3131,runup_from_2020,0.3265932445108346
aus_l3,anzsco_4digit,ACT,3132,runup_from_2019,0.040821994520255034
aus_l3,anzsco_4digit,ACT,3132,runup_from_2020,-0.03922071315328157
aus_l3,anzsco_4digit,ACT,3211,runup_from_2019,0.4578334162061778
aus_l3,anzsco_4digit,ACT,3211,runup_from_2020,0.5245244681241528
aus_l3,anzsco_4digit,ACT,3212,runup_from_2019,0.2631059606274557
aus_l3,anzsco_4digit,ACT,3212,runup_from_2020,0.5416126931425
aus_l3,anzsco_4digit,ACT,3221,runup_from_2019,0.15415139411271747
aus_l3,anzsco_4digit,ACT,3221,runup_from_2020,0.0741094556702461
aus_l3,anzsco_4digit,ACT,3222,runup_from_2019,0.5151641121799484
aus_l3,anzsco_4digit,ACT,3222,runup_from_2020,0.7328878119472981
aus_l3,anzsco_4digit,ACT,3223,runup_from_2019,-0.051959802221848594
aus_l3,anzsco_4digit,ACT,3223,runup_from_2020,-0.03278988733911792
aus_l3,anzsco_4digit,ACT,3231,runup_from_2019,1.2992836135011763
aus_l3,anzsco_4digit,ACT,3231,runup_from_2020,1.0916434794918668
aus_l3,anzsco_4digit,ACT,3232,runup_from_2019,-0.08112567834080897
aus_l3,anzsco_4digit,ACT,3232,runup_from_2020,0.2593951928185363
aus_l3,anzsco_4digit,ACT,3233,runup_from_2019,0.3846746745734879
aus_l3,anzsco_4digit,ACT,3233,runup_from_2020,0.1941562485345436
aus_l3,anzsco_4digit,ACT,3234,runup_from_2019,-0.2876810010234009
aus_l3,anzsco_4digit,ACT,3234,runup_from_2020,-0.023530248240905827
aus_l3,anzsco_4digit,ACT,3241,runup_from_2019,0.7731900918534302
aus_l3,anzsco_4digit,ACT,3241,runup_from_2020,0.3875273169237552
aus_l3,anzsco_4digit,ACT,3242,runup_from_2019,-0.08004193844247137
aus_l3,anzsco_4digit,ACT,3242,runup_from_2020,-0.08004193844247137
aus_l3,anzsco_4digit,ACT,3243,runup_from_2019,0.19105619786115147
aus_l3,anzsco_4digit,ACT,3243,runup_from_2020,6.521738422637924e-7
aus_l3,anzsco_4digit,ACT,3311,runup_from_2019,-0.08004263075045626
aus_l3,anzsco_4digit,ACT,3311,runup_from_2020,0.17237201802030833
aus_l3,anzsco_4digit,ACT,3312,runup_from_2019,0.44620785196655444
aus_l3,anzsco_4digit,ACT,3312,runup_from_2020,0.5482735442262254
aus_l3,anzsco_4digit,ACT,3321,runup_from_2019,0.25671995729424923
aus_l3,anzsco_4digit,ACT,3321,runup_from_2020,-0.12405302602854062
aus_l3,anzsco_4digit,ACT,3322,runup_from_2019,0.5892162862218282
aus_l3,anzsco_4digit,ACT,3322,runup_from_2020,0.6511831898757927
aus_l3,anzsco_4digit,ACT,3331,runup_from_2019,0.3231292230477354
aus_l3,anzsco_4digit,ACT,3331,runup_from_2020,0.37605173880061715
aus_l3,anzsco_4digit,ACT,3332,runup_from_2019,0.03774032798284688
aus_l3,anzsco_4digit,ACT,3332,runup_from_2020,0.23556669631296223
aus_l3,anzsco_4digit,ACT,3333,runup_from_2019,0.8362480901346677
aus_l3,anzsco_4digit,ACT,3333,runup_from_2020,0.4054657509653301
aus_l3,anzsco_4digit,ACT,3334,runup_from_2019,0.541916312876833
aus_l3,anzsco_4digit,ACT,3334,runup_from_2020,0.3802753344548149
aus_l3,anzsco_4digit,ACT,3341,runup_from_2019,0.09574921384955548
aus_l3,anzsco_4digit,ACT,3341,runup_from_2020,0.29031939271970897
aus_l3,anzsco_4digit,ACT,3411,runup_from_2019,-0.06269861702999346
aus_l3,anzsco_4digit,ACT,3411,runup_from_2020,0.16807065307740343
aus_l3,anzsco_4digit,ACT,3421,runup_from_2019,0.06453871370514097
aus_l3,anzsco_4digit,ACT,3421,runup_from_2020,0.2180889071288492
aus_l3,anzsco_4digit,ACT,3422,runup_from_2019,0.37538683353267466
aus_l3,anzsco_4digit,ACT,3422,runup_from_2020,0.22123682037186088
aus_l3,anzsco_4digit,ACT,3423,runup_from_2019,-0.5263667263015535
aus_l3,anzsco_4digit,ACT,3423,runup_from_2020,0.015174828139716379
aus_l3,anzsco_4digit,ACT,3424,runup_from_2019,-0.0067798234994624895
aus_l3,anzsco_4digit,ACT,3424,runup_from_2020,-0.16285926960416264
aus_l3,anzsco_4digit,ACT,3511,runup_from_2019,0.6078626455637945
aus_l3,anzsco_4digit,ACT,3511,runup_from_2020,0.6116721356674002
aus_l3,anzsco_4digit,ACT,3512,runup_from_2019,0.46012395813108975
aus_l3,anzsco_4digit,ACT,3512,runup_from_2020,0.3536399499792562
aus_l3,anzsco_4digit,ACT,3513,runup_from_2019,0.08865932049363812
aus_l3,anzsco_4digit,ACT,3513,runup_from_2020,0.22995889913727163
aus_l3,anzsco_4digit,ACT,3514,runup_from_2019,0.3808105621448479
aus_l3,anzsco_4digit,ACT,3514,runup_from_2020,0.5361034865508838
aus_l3,anzsco_4digit,ACT,3611,runup_from_2019,0.6564459071674571
aus_l3,anzsco_4digit,ACT,3611,runup_from_2020,0.5217891007613604
aus_l3,anzsco_4digit,ACT,3612,runup_from_2019,0
aus_l3,anzsco_4digit,ACT,3612,runup_from_2020,0
aus_l3,anzsco_4digit,ACT,3613,runup_from_2019,0.851049890668117
aus_l3,anzsco_4digit,ACT,3613,runup_from_2020,0.9622760830538919
aus_l3,anzsco_4digit,ACT,3621,runup_from_2019,0.3566760459798411
aus_l3,anzsco_4digit,ACT,3621,runup_from_2020,0.07410856556032186
aus_l3,anzsco_4digit,ACT,3622,runup_from_2019,0.1366729816959853
aus_l3,anzsco_4digit,ACT,3622,runup_from_2020,0.05962719840553188
aus_l3,anzsco_4digit,ACT,3623,runup_from_2019,0.3282967191057937
aus_l3,anzsco_4digit,ACT,3623,runup_from_2020,0.09381898276840883
aus_l3,anzsco_4digit,ACT,3624,runup_from_2019,-0.04317174311621563
aus_l3,anzsco_4digit,ACT,3624,runup_from_2020,-0.12429730987847099
aus_l3,anzsco_4digit,ACT,3911,runup_from_2019,0.5103888515485306
aus_l3,anzsco_4digit,ACT,3911,runup_from_2020,0.3200934068505763
aus_l3,anzsco_4digit,ACT,3921,runup_from_2019,0.08004193844247137
aus_l3,anzsco_4digit,ACT,3921,runup_from_2020,0
aus_l3,anzsco_4digit,ACT,3922,runup_from_2019,0.2876819162017688
aus_l3,anzsco_4digit,ACT,3922,runup_from_2020,0.11583218559103747
aus_l3,anzsco_4digit,ACT,3923,runup_from_2019,0.14458161342641823
aus_l3,anzsco_4digit,ACT,3923,runup_from_2020,0.2876832262981566
aus_l3,anzsco_4digit,ACT,3931,runup_from_2019,0.22314355131420976
aus_l3,anzsco_4digit,ACT,3931,runup_from_2020,0.22314355131420976
aus_l3,anzsco_4digit,ACT,3932,runup_from_2019,0
aus_l3,anzsco_4digit,ACT,3932,runup_from_2020,0
aus_l3,anzsco_4digit,ACT,3933,runup_from_2019,-0.05264323452466371
aus_l3,anzsco_4digit,ACT,3933,runup_from_2020,-0.05264323452466371
aus_l3,anzsco_4digit,ACT,3941,runup_from_2019,0.1445811189209918
aus_l3,anzsco_4digit,ACT,3941,runup_from_2020,0.09806110328609918
aus_l3,anzsco_4digit,ACT,3942,runup_from_2019,0.27625485781996695
aus_l3,anzsco_4digit,ACT,3942,runup_from_2020,0.09015181918038612
aus_l3,anzsco_4digit,ACT,3991,runup_from_2019,0
aus_l3,anzsco_4digit,ACT,3991,runup_from_2020,0
aus_l3,anzsco_4digit,ACT,3992,runup_from_2019,-7.317079415980476e-7
aus_l3,anzsco_4digit,ACT,3992,runup_from_2020,-0.07061901399959347
aus_l3,anzsco_4digit,ACT,3993,runup_from_2019,0.17934068878363413
aus_l3,anzsco_4digit,ACT,3993,runup_from_2020,0.21570742025618678
aus_l3,anzsco_4digit,ACT,3994,runup_from_2019,0.07550737068994678
aus_l3,anzsco_4digit,ACT,3994,runup_from_2020,0.4238140649581626
aus_l3,anzsco_4digit,ACT,3995,runup_from_2019,0.6931471805599452
aus_l3,anzsco_4digit,ACT,3995,runup_from_2020,0.4131871917691534
aus_l3,anzsco_4digit,ACT,3996,runup_from_2019,0.1431016128717384
aus_l3,anzsco_4digit,ACT,3996,runup_from_2020,0.22314355131420976
aus_l3,anzsco_4digit,ACT,3999,runup_from_2019,0.8883068113810526
aus_l3,anzsco_4digit,ACT,3999,runup_from_2020,0.8143004487395573
aus_l3,anzsco_4digit,ACT,4111,runup_from_2019,0.06385147878385977
aus_l3,anzsco_4digit,ACT,4111,runup_from_2020,0.052921863579039385
aus_l3,anzsco_4digit,ACT,4112,runup_from_2019,0.5745414586199373
aus_l3,anzsco_4digit,ACT,4112,runup_from_2020,0.6784410680445447
aus_l3,anzsco_4digit,ACT,4113,runup_from_2019,-0.3364724815191772
aus_l3,anzsco_4digit,ACT,4113,runup_from_2020,0.10536084899126286
aus_l3,anzsco_4digit,ACT,4114,runup_from_2019,0.4473758480817902
aus_l3,anzsco_4digit,ACT,4114,runup_from_2020,0.718337327347693
aus_l3,anzsco_4digit,ACT,4115,runup_from_2019,0.3983489898838985
aus_l3,anzsco_4digit,ACT,4115,runup_from_2020,0.3566748214897953
aus_l3,anzsco_4digit,ACT,4116,runup_from_2019,0.3156383194726041
aus_l3,anzsco_4digit,ACT,4116,runup_from_2020,0.18081930284919845
aus_l3,anzsco_4digit,ACT,4117,runup_from_2019,0.22692290630993384
aus_l3,anzsco_4digit,ACT,4117,runup_from_2020,0.1847937459393436
aus_l3,anzsco_4digit,ACT,4211,runup_from_2019,0.16907633462926075
aus_l3,anzsco_4digit,ACT,4211,runup_from_2020,0.43975858584240957
aus_l3,anzsco_4digit,ACT,4221,runup_from_2019,0.21658614324925374
aus_l3,anzsco_4digit,ACT,4221,runup_from_2020,0.6304901200032829
aus_l3,anzsco_4digit,ACT,4231,runup_from_2019,0.368756766803676
aus_l3,anzsco_4digit,ACT,4231,runup_from_2020,0.38151492114127095
aus_l3,anzsco_4digit,ACT,4232,runup_from_2019,0.1805305520340661
aus_l3,anzsco_4digit,ACT,4232,runup_from_2020,0.199106937894578
aus_l3,anzsco_4digit,ACT,4233,runup_from_2019,0.6183869749429753
aus_l3,anzsco_4digit,ACT,4233,runup_from_2020,0.6043616400445382
aus_l3,anzsco_4digit,ACT,4234,runup_from_2019,-0.04348665803989599
aus_l3,anzsco_4digit,ACT,4234,runup_from_2020,-0.04348601974195565
aus_l3,anzsco_4digit,ACT,4311,runup_from_2019,0.32670658463975766
aus_l3,anzsco_4digit,ACT,4311,runup_from_2020,0.6387185014618435
aus_l3,anzsco_4digit,ACT,4312,runup_from_2019,0.0029807768588048233
aus_l3,anzsco_4digit,ACT,4312,runup_from_2020,0.1576291924614095
aus_l3,anzsco_4digit,ACT,4313,runup_from_2019,0.37776229004957407
aus_l3,anzsco_4digit,ACT,4313,runup_from_2020,0.4281936439590727
aus_l3,anzsco_4digit,ACT,4314,runup_from_2019,-0.09237346718982775
aus_l3,anzsco_4digit,ACT,4314,runup_from_2020,0.21511097961702563
aus_l3,anzsco_4digit,ACT,4315,runup_from_2019,0.6326158671371696
aus_l3,anzsco_4digit,ACT,4315,runup_from_2020,1.0810518794526383
aus_l3,anzsco_4digit,ACT,4412,runup_from_2019,0.6121795718424208
aus_l3,anzsco_4digit,ACT,4412,runup_from_2020,0.34130413183078495
aus_l3,anzsco_4digit,ACT,4413,runup_from_2019,0.10536057121341119
aus_l3,anzsco_4digit,ACT,4413,runup_from_2020,0.016806448824745246
aus_l3,anzsco_4digit,ACT,4421,runup_from_2019,0.25593416042770545
aus_l3,anzsco_4digit,ACT,4421,runup_from_2020,0.1381516108828551
aus_l3,anzsco_4digit,ACT,4422,runup_from_2019,0.20857135376215208
aus_l3,anzsco_4digit,ACT,4422,runup_from_2020,0.2444702842121984
aus_l3,anzsco_4digit,ACT,4511,runup_from_2019,0.24283155215798757
aus_l3,anzsco_4digit,ACT,4511,runup_from_2020,0.46817038414552936
aus_l3,anzsco_4digit,ACT,4512,runup_from_2019,-0.09180668892870064
aus_l3,anzsco_4digit,ACT,4512,runup_from_2020,0.3677245878176065
aus_l3,anzsco_4digit,ACT,4513,runup_from_2019,0.352821702065579
aus_l3,anzsco_4digit,ACT,4513,runup_from_2020,0.055569272004477366
aus_l3,anzsco_4digit,ACT,4514,runup_from_2019,0.5596156905328429
aus_l3,anzsco_4digit,ACT,4514,runup_from_2020,0.41198050723494684
aus_l3,anzsco_4digit,ACT,4515,runup_from_2019,-0.17869236977100147
aus_l3,anzsco_4digit,ACT,4515,runup_from_2020,-0.10318386539109156
aus_l3,anzsco_4digit,ACT,4516,runup_from_2019,0.30616697938437065
aus_l3,anzsco_4digit,ACT,4516,runup_from_2020,1.0219567520524098
aus_l3,anzsco_4digit,ACT,4517,runup_from_2019,0.3483075766216498
aus_l3,anzsco_4digit,ACT,4517,runup_from_2020,0.47235960264969057
aus_l3,anzsco_4digit,ACT,4521,runup_from_2019,-0.023347442737151614
aus_l3,anzsco_4digit,ACT,4521,runup_from_2020,-0.01303809898502628
aus_l3,anzsco_4digit,ACT,4522,runup_from_2019,0
aus_l3,anzsco_4digit,ACT,4522,runup_from_2020,-0.08004193844247137
aus_l3,anzsco_4digit,ACT,4523,runup_from_2019,0.6701576215620668
aus_l3,anzsco_4digit,ACT,4523,runup_from_2020,0.7708394135424781
aus_l3,anzsco_4digit,ACT,4524,runup_from_2019,-0.2738900217239657
aus_l3,anzsco_4digit,ACT,4524,runup_from_2020,-0.1868785595070862
aus_l3,anzsco_4digit,ACT,5111,runup_from_2019,0.2659281671393172
aus_l3,anzsco_4digit,ACT,5111,runup_from_2020,0.5473476711170235
aus_l3,anzsco_4digit,ACT,5121,runup_from_2019,0.22426337785586936
aus_l3,anzsco_4digit,ACT,5121,runup_from_2020,0.48795902401708835
aus_l3,anzsco_4digit,ACT,5122,runup_from_2019,0.29417558515943965
aus_l3,anzsco_4digit,ACT,5122,runup_from_2020,0.26212159247019295
aus_l3,anzsco_4digit,ACT,5211,runup_from_2019,-0.7508681122729848
aus_l3,anzsco_4digit,ACT,5211,runup_from_2020,-0.380164606540943
aus_l3,anzsco_4digit,ACT,5212,runup_from_2019,0.8471746098476807
aus_l3,anzsco_4digit,ACT,5212,runup_from_2020,1.1895313289369165
aus_l3,anzsco_4digit,ACT,5311,runup_from_2019,0.3001284797399375
aus_l3,anzsco_4digit,ACT,5311,runup_from_2020,0.4444374049143729
aus_l3,anzsco_4digit,ACT,5321,runup_from_2019,-0.13108546804098076
aus_l3,anzsco_4digit,ACT,5321,runup_from_2020,0.1433513686382233
aus_l3,anzsco_4digit,ACT,5411,runup_from_2019,-0.15026185227240818
aus_l3,anzsco_4digit,ACT,5411,runup_from_2020,0.11997650113184566
aus_l3,anzsco_4digit,ACT,5412,runup_from_2019,0.5679387182098341
aus_l3,anzsco_4digit,ACT,5412,runup_from_2020,0.7944894040941777
aus_l3,anzsco_4digit,ACT,5421,runup_from_2019,0.42904796773904863
aus_l3,anzsco_4digit,ACT,5421,runup_from_2020,0.7316996642519444
aus_l3,anzsco_4digit,ACT,5511,runup_from_2019,-0.3607482581978756
aus_l3,anzsco_4digit,ACT,5511,runup_from_2020,0.20437048158912718
aus_l3,anzsco_4digit,ACT,5512,runup_from_2019,0.095715876700873
aus_l3,anzsco_4digit,ACT,5512,runup_from_2020,0.5034158014815064
aus_l3,anzsco_4digit,ACT,5513,runup_from_2019,-0.12101774692991496
aus_l3,anzsco_4digit,ACT,5513,runup_from_2020,0.4188475744661422
aus_l3,anzsco_4digit,ACT,5521,runup_from_2019,0.34857775944512515
aus_l3,anzsco_4digit,ACT,5521,runup_from_2020,0.6564313391940173
aus_l3,anzsco_4digit,ACT,5522,runup_from_2019,0.4200915235677276
aus_l3,anzsco_4digit,ACT,5522,runup_from_2020,0.8685911753640223
aus_l3,anzsco_4digit,ACT,5523,runup_from_2019,-0.01129944417117712
aus_l3,anzsco_4digit,ACT,5523,runup_from_2020,0.4519859029642286
aus_l3,anzsco_4digit,ACT,5611,runup_from_2019,0
aus_l3,anzsco_4digit,ACT,5611,runup_from_2020,0
aus_l3,anzsco_4digit,ACT,5612,runup_from_2019,0.6207793655083418
aus_l3,anzsco_4digit,ACT,5612,runup_from_2020,0.8534016230412456
aus_l3,anzsco_4digit,ACT,5613,runup_from_2019,-0.05547908520613687
aus_l3,anzsco_4digit,ACT,5613,runup_from_2020,0.3405072317776736
aus_l3,anzsco_4digit,ACT,5614,runup_from_2019,0.060625320346912426
aus_l3,anzsco_4digit,ACT,5614,runup_from_2020,0.019801250824919403
aus_l3,anzsco_4digit,ACT,5615,runup_from_2019,-0.06637527131943943
aus_l3,anzsco_4digit,ACT,5615,runup_from_2020,0.20613106799684455
aus_l3,anzsco_4digit,ACT,5616,runup_from_2019,-0.2967318195195903
aus_l3,anzsco_4digit,ACT,5616,runup_from_2020,-0.05311035195967351
aus_l3,anzsco_4digit,ACT,5619,runup_from_2019,0.5753633710944757
aus_l3,anzsco_4digit,ACT,5619,runup_from_2020,0.428039334745551
aus_l3,anzsco_4digit,ACT,5911,runup_from_2019,0.022147065818890255
aus_l3,anzsco_4digit,ACT,5911,runup_from_2020,0.165498499297553
aus_l3,anzsco_4digit,ACT,5912,runup_from_2019,0.8029282019480806
aus_l3,anzsco_4digit,ACT,5912,runup_from_2020,0.8071564951483612
aus_l3,anzsco_4digit,ACT,5991,runup_from_2019,0.681451307300573
aus_l3,anzsco_4digit,ACT,5991,runup_from_2020,0.7466543682209612
aus_l3,anzsco_4digit,ACT,5992,runup_from_2019,0.23967278769164757
aus_l3,anzsco_4digit,ACT,5992,runup_from_2020,0.7298795324182512
aus_l3,anzsco_4digit,ACT,5993,runup_from_2019,-0.13268644955492892
aus_l3,anzsco_4digit,ACT,5993,runup_from_2020,-0.09038375866539972
aus_l3,anzsco_4digit,ACT,5994,runup_from_2019,0.6793539954139202
aus_l3,anzsco_4digit,ACT,5994,runup_from_2020,0.9267620317414503
aus_l3,anzsco_4digit,ACT,5995,runup_from_2019,0.5085568082591867
aus_l3,anzsco_4digit,ACT,5995,runup_from_2020,0.5076129478598306
aus_l3,anzsco_4digit,ACT,5996,runup_from_2019,0.6455193153483683
aus_l3,anzsco_4digit,ACT,5996,runup_from_2020,0.5067688147757181
aus_l3,anzsco_4digit,ACT,5997,runup_from_2019,0.24686039043147712
aus_l3,anzsco_4digit,ACT,5997,runup_from_2020,0.7576866808643566
aus_l3,anzsco_4digit,ACT,5999,runup_from_2019,0.29711604510968126
aus_l3,anzsco_4digit,ACT,5999,runup_from_2020,0.625093884105153
aus_l3,anzsco_4digit,ACT,6111,runup_from_2019,0
aus_l3,anzsco_4digit,ACT,6111,runup_from_2020,0
aus_l3,anzsco_4digit,ACT,6112,runup_from_2019,0.33024180507710166
aus_l3,anzsco_4digit,ACT,6112,runup_from_2020,0.3002608859086404
aus_l3,anzsco_4digit,ACT,6113,runup_from_2019,0.21048895955722946
aus_l3,anzsco_4digit,ACT,6113,runup_from_2020,0.38862769279792353
aus_l3,anzsco_4digit,ACT,6121,runup_from_2019,0.17531815088539027
aus_l3,anzsco_4digit,ACT,6121,runup_from_2020,0.15008901983096168
aus_l3,anzsco_4digit,ACT,6211,runup_from_2019,0.40277896692943127
aus_l3,anzsco_4digit,ACT,6211,runup_from_2020,0.6524701996650837
aus_l3,anzsco_4digit,ACT,6212,runup_from_2019,0.4367182669966948
aus_l3,anzsco_4digit,ACT,6212,runup_from_2020,0.46081630638075244
aus_l3,anzsco_4digit,ACT,6213,runup_from_2019,0.2727904326713344
aus_l3,anzsco_4digit,ACT,6213,runup_from_2020,0.3228664298608366
aus_l3,anzsco_4digit,ACT,6214,runup_from_2019,0.5858182387984405
aus_l3,anzsco_4digit,ACT,6214,runup_from_2020,0.8415671442989052
aus_l3,anzsco_4digit,ACT,6215,runup_from_2019,0.7259370437055159
aus_l3,anzsco_4digit,ACT,6215,runup_from_2020,0.9387176017986335
aus_l3,anzsco_4digit,ACT,6216,runup_from_2019,0.42199547973120155
aus_l3,anzsco_4digit,ACT,6216,runup_from_2020,-0.4324206303396495
aus_l3,anzsco_4digit,ACT,6217,runup_from_2019,0.019417904861503632
aus_l3,anzsco_4digit,ACT,6217,runup_from_2020,0.21357475963944283
aus_l3,anzsco_4digit,ACT,6219,runup_from_2019,0.00851009427457683
aus_l3,anzsco_4digit,ACT,6219,runup_from_2020,0.49401858313325475
aus_l3,anzsco_4digit,ACT,6311,runup_from_2019,0.44183260942188607
aus_l3,anzsco_4digit,ACT,6311,runup_from_2020,0.7519879922712834
aus_l3,anzsco_4digit,ACT,6391,runup_from_2019,0.5946460530896265
aus_l3,anzsco_4digit,ACT,6391,runup_from_2020,0.513106846913955
aus_l3,anzsco_4digit,ACT,6392,runup_from_2019,0.22314355131420976
aus_l3,anzsco_4digit,ACT,6392,runup_from_2020,0.22314355131420976
aus_l3,anzsco_4digit,ACT,6393,runup_from_2019,0.714966665957157
aus_l3,anzsco_4digit,ACT,6393,runup_from_2020,0.7448188804437965
aus_l3,anzsco_4digit,ACT,6394,runup_from_2019,0.11778361898969258
aus_l3,anzsco_4digit,ACT,6394,runup_from_2020,0.3409275453040663
aus_l3,anzsco_4digit,ACT,6395,runup_from_2019,0.009949932833366537
aus_l3,anzsco_4digit,ACT,6395,runup_from_2020,0.6261368278128734
aus_l3,anzsco_4digit,ACT,6399,runup_from_2019,-1.700836419023015
aus_l3,anzsco_4digit,ACT,6399,runup_from_2020,0.3315759482490874
aus_l3,anzsco_4digit,ACT,7111,runup_from_2019,0
aus_l3,anzsco_4digit,ACT,7111,runup_from_2020,-0.08004193844247137
aus_l3,anzsco_4digit,ACT,7112,runup_from_2019,0.26826418051840517
aus_l3,anzsco_4digit,ACT,7112,runup_from_2020,0.16400325832370144
aus_l3,anzsco_4digit,ACT,7113,runup_from_2019,-0.07410874138478699
aus_l3,anzsco_4digit,ACT,7113,runup_from_2020,-0.07410731281233801
aus_l3,anzsco_4digit,ACT,7114,runup_from_2019,0
aus_l3,anzsco_4digit,ACT,7114,runup_from_2020,0
aus_l3,anzsco_4digit,ACT,7115,runup_from_2019,0.05264323452466371
aus_l3,anzsco_4digit,ACT,7115,runup_from_2020,-0.050011433708135766
aus_l3,anzsco_4digit,ACT,7116,runup_from_2019,0.06453793780367886
aus_l3,anzsco_4digit,ACT,7116,runup_from_2020,0.06453727113678986
aus_l3,anzsco_4digit,ACT,7117,runup_from_2019,-0.13353148191029676
aus_l3,anzsco_4digit,ACT,7117,runup_from_2020,-0.02353028146317271
aus_l3,anzsco_4digit,ACT,7119,runup_from_2019,0.29065381316734773
aus_l3,anzsco_4digit,ACT,7119,runup_from_2020,0.17463593236415775
aus_l3,anzsco_4digit,ACT,7121,runup_from_2019,0.0310902777252251
aus_l3,anzsco_4digit,ACT,7121,runup_from_2020,0.35086033520914484
aus_l3,anzsco_4digit,ACT,7122,runup_from_2019,-0.07480214197268276
aus_l3,anzsco_4digit,ACT,7122,runup_from_2020,0.49159387348851324
aus_l3,anzsco_4digit,ACT,7123,runup_from_2019,0.20067024091659336
aus_l3,anzsco_4digit,ACT,7123,runup_from_2020,0.36101310838310074
aus_l3,anzsco_4digit,ACT,7129,runup_from_2019,0.42956303715553634
aus_l3,anzsco_4digit,ACT,7129,runup_from_2020,0.46683332512934206
aus_l3,anzsco_4digit,ACT,7211,runup_from_2019,0.3513984131538166
aus_l3,anzsco_4digit,ACT,7211,runup_from_2020,0.6102606571184597
aus_l3,anzsco_4digit,ACT,7212,runup_from_2019,0.046600425997175066
aus_l3,anzsco_4digit,ACT,7212,runup_from_2020,0.17058629743894027
aus_l3,anzsco_4digit,ACT,7213,runup_from_2019,-0.23074801375749177
aus_l3,anzsco_4digit,ACT,7213,runup_from_2020,0.15372678752636526
aus_l3,anzsco_4digit,ACT,7219,runup_from_2019,0
aus_l3,anzsco_4digit,ACT,7219,runup_from_2020,0.19415649063154694
aus_l3,anzsco_4digit,ACT,7311,runup_from_2019,0.33451309816331476
aus_l3,anzsco_4digit,ACT,7311,runup_from_2020,0.14763611244243469
aus_l3,anzsco_4digit,ACT,7312,runup_from_2019,0.47142340230226687
aus_l3,anzsco_4digit,ACT,7312,runup_from_2020,0.6180261049632517
aus_l3,anzsco_4digit,ACT,7313,runup_from_2019,0.06453922947159813
aus_l3,anzsco_4digit,ACT,7313,runup_from_2020,0.04255920680992861
aus_l3,anzsco_4digit,ACT,7321,runup_from_2019,0.4769907409784966
aus_l3,anzsco_4digit,ACT,7321,runup_from_2020,0.48670895100713985
aus_l3,anzsco_4digit,ACT,7331,runup_from_2019,0.1523900242067886
aus_l3,anzsco_4digit,ACT,7331,runup_from_2020,0.3750476372213227
aus_l3,anzsco_4digit,ACT,7411,runup_from_2019,0.3649946730960907
aus_l3,anzsco_4digit,ACT,7411,runup_from_2020,0.7491690643245064
aus_l3,anzsco_4digit,ACT,8111,runup_from_2019,0.20810582320341164
aus_l3,anzsco_4digit,ACT,8111,runup_from_2020,0.5415972824327443
aus_l3,anzsco_4digit,ACT,8112,runup_from_2019,0.6211736660094829
aus_l3,anzsco_4digit,ACT,8112,runup_from_2020,0.507101246924357
aus_l3,anzsco_4digit,ACT,8113,runup_from_2019,0.44839036843776436
aus_l3,anzsco_4digit,ACT,8113,runup_from_2020,0.5596161660867228
aus_l3,anzsco_4digit,ACT,8114,runup_from_2019,0.7774249367736563
aus_l3,anzsco_4digit,ACT,8114,runup_from_2020,1.1049715944252343
aus_l3,anzsco_4digit,ACT,8115,runup_from_2019,0.5016933236889399
aus_l3,anzsco_4digit,ACT,8115,runup_from_2020,0.7023634635956899
aus_l3,anzsco_4digit,ACT,8116,runup_from_2019,0.5164435592587632
aus_l3,anzsco_4digit,ACT,8116,runup_from_2020,0.5164431367237007
aus_l3,anzsco_4digit,ACT,8211,runup_from_2019,0.4718572140644044
aus_l3,anzsco_4digit,ACT,8211,runup_from_2020,0.5610637714714266
aus_l3,anzsco_4digit,ACT,8212,runup_from_2019,0.18751635229800412
aus_l3,anzsco_4digit,ACT,8212,runup_from_2020,-0.07002835580599931
aus_l3,anzsco_4digit,ACT,8213,runup_from_2019,0.627549845612493
aus_l3,anzsco_4digit,ACT,8213,runup_from_2020,0.4666190090447204
aus_l3,anzsco_4digit,ACT,8214,runup_from_2019,0.5296139130910964
aus_l3,anzsco_4digit,ACT,8214,runup_from_2020,0.13570916427256785
aus_l3,anzsco_4digit,ACT,8215,runup_from_2019,-0.26826475582574444
aus_l3,anzsco_4digit,ACT,8215,runup_from_2020,-0.4635736694368197
aus_l3,anzsco_4digit,ACT,8216,runup_from_2019,0
aus_l3,anzsco_4digit,ACT,8216,runup_from_2020,-0.08004193844247137
aus_l3,anzsco_4digit,ACT,8217,runup_from_2019,-0.1633249997621533
aus_l3,anzsco_4digit,ACT,8217,runup_from_2020,-0.14953160628277318
aus_l3,anzsco_4digit,ACT,8219,runup_from_2019,6.250005860075625e-7
aus_l3,anzsco_4digit,ACT,8219,runup_from_2020,0.08701052471673304
aus_l3,anzsco_4digit,ACT,8311,runup_from_2019,0.035091523013401404
aus_l3,anzsco_4digit,ACT,8311,runup_from_2020,0.017391579372386945
aus_l3,anzsco_4digit,ACT,8312,runup_from_2019,0
aus_l3,anzsco_4digit,ACT,8312,runup_from_2020,0
aus_l3,anzsco_4digit,ACT,8313,runup_from_2019,-0.07410731281233801
aus_l3,anzsco_4digit,ACT,8313,runup_from_2020,-0.1431016128717384
aus_l3,anzsco_4digit,ACT,8321,runup_from_2019,0.23767154868767104
aus_l3,anzsco_4digit,ACT,8321,runup_from_2020,0.6931479497907146
aus_l3,anzsco_4digit,ACT,8322,runup_from_2019,0.6131044728864087
aus_l3,anzsco_4digit,ACT,8322,runup_from_2020,0.7651203816776163
aus_l3,anzsco_4digit,ACT,8391,runup_from_2019,-0.15414925125480938
aus_l3,anzsco_4digit,ACT,8391,runup_from_2020,0
aus_l3,anzsco_4digit,ACT,8392,runup_from_2019,0
aus_l3,anzsco_4digit,ACT,8392,runup_from_2020,0
aus_l3,anzsco_4digit,ACT,8393,runup_from_2019,0.31315796773995963
aus_l3,anzsco_4digit,ACT,8393,runup_from_2020,0.5417847062923502
aus_l3,anzsco_4digit,ACT,8394,runup_from_2019,0.26028461853319196
aus_l3,anzsco_4digit,ACT,8394,runup_from_2020,0.15763141371574052
aus_l3,anzsco_4digit,ACT,8399,runup_from_2019,0.03409421521806921
aus_l3,anzsco_4digit,ACT,8399,runup_from_2020,0.1439607062219248
aus_l3,anzsco_4digit,ACT,8411,runup_from_2019,0
aus_l3,anzsco_4digit,ACT,8411,runup_from_2020,0
aus_l3,anzsco_4digit,ACT,8412,runup_from_2019,0.05000997029278775
aus_l3,anzsco_4digit,ACT,8412,runup_from_2020,-0.09309097591206164
aus_l3,anzsco_4digit,ACT,8413,runup_from_2019,0.5108251237658656
aus_l3,anzsco_4digit,ACT,8413,runup_from_2020,0.2231430513140848
aus_l3,anzsco_4digit,ACT,8414,runup_from_2019,0.45736705276359113
aus_l3,anzsco_4digit,ACT,8414,runup_from_2020,0.8291589503011374
aus_l3,anzsco_4digit,ACT,8415,runup_from_2019,0.4480249399182883
aus_l3,anzsco_4digit,ACT,8415,runup_from_2020,0.40546635810894566
aus_l3,anzsco_4digit,ACT,8416,runup_from_2019,0.14058216404531165
aus_l3,anzsco_4digit,ACT,8416,runup_from_2020,-0.16579241877718365
aus_l3,anzsco_4digit,ACT,8419,runup_from_2019,0.4379000471768545
aus_l3,anzsco_4digit,ACT,8419,runup_from_2020,0.15296964019199355
aus_l3,anzsco_4digit,ACT,8511,runup_from_2019,0.5232482595052097
aus_l3,anzsco_4digit,ACT,8511,runup_from_2020,0.14595565336404626
aus_l3,anzsco_4digit,ACT,8512,runup_from_2019,-0.3617915281220271
aus_l3,anzsco_4digit,ACT,8512,runup_from_2020,-1.0638267648225932
aus_l3,anzsco_4digit,ACT,8513,runup_from_2019,0.6484596245459353
aus_l3,anzsco_4digit,ACT,8513,runup_from_2020,1.1017155108649637
aus_l3,anzsco_4digit,ACT,8911,runup_from_2019,0.09149195267552179
aus_l3,anzsco_4digit,ACT,8911,runup_from_2020,0.2327519446209152
aus_l3,anzsco_4digit,ACT,8912,runup_from_2019,1.120591195386885
aus_l3,anzsco_4digit,ACT,8912,runup_from_2020,0.6645740898060699
aus_l3,anzsco_4digit,ACT,8991,runup_from_2019,0.48356681204712415
aus_l3,anzsco_4digit,ACT,8991,runup_from_2020,0.8559710117783864
aus_l3,anzsco_4digit,ACT,8992,runup_from_2019,0.15414925125480938
aus_l3,anzsco_4digit,ACT,8992,runup_from_2020,0.15414925125480938
aus_l3,anzsco_4digit,ACT,8993,runup_from_2019,0.5629185562188437
aus_l3,anzsco_4digit,ACT,8993,runup_from_2020,0.5297892541976279
aus_l3,anzsco_4digit,ACT,8994,runup_from_2019,0.2990847962927161
aus_l3,anzsco_4digit,ACT,8994,runup_from_2020,0.46864422712102394
aus_l3,anzsco_4digit,ACT,8995,runup_from_2019,-0.21985911373153155
aus_l3,anzsco_4digit,ACT,8995,runup_from_2020,0.06782295872024935
aus_l3,anzsco_4digit,ACT,8996,runup_from_2019,0.30830176781769864
aus_l3,anzsco_4digit,ACT,8996,runup_from_2020,0.1782483956670915
aus_l3,anzsco_4digit,ACT,8997,runup_from_2019,0.10535951565732633
aus_l3,anzsco_4digit,ACT,8997,runup_from_2020,0.02531757721485496
aus_l3,anzsco_4digit,ACT,8999,runup_from_2019,-0.025611173840885293
aus_l3,anzsco_4digit,ACT,8999,runup_from_2020,0.2244569504972418
aus_l3,anzsco_4digit,NSW,1111,runup_from_2019,0.17105866520041157
aus_l3,anzsco_4digit,NSW,1111,runup_from_2020,0.3015358260085197
aus_l3,anzsco_4digit,NSW,1112,runup_from_2019,0.3487316354228911
aus_l3,anzsco_4digit,NSW,1112,runup_from_2020,0.4982866702901374
aus_l3,anzsco_4digit,NSW,1211,runup_from_2019,1.2500007812166203e-6
aus_l3,anzsco_4digit,NSW,1211,runup_from_2020,0.08701183153518763
aus_l3,anzsco_4digit,NSW,1212,runup_from_2019,0.25489224962879
aus_l3,anzsco_4digit,NSW,1212,runup_from_2020,0.4502011980280063
aus_l3,anzsco_4digit,NSW,1213,runup_from_2019,0.4397624433577443
aus_l3,anzsco_4digit,NSW,1213,runup_from_2020,0.5209193070826332
aus_l3,anzsco_4digit,NSW,1214,runup_from_2019,0.7875755866867591
aus_l3,anzsco_4digit,NSW,1214,runup_from_2020,0.8563706581912847
aus_l3,anzsco_4digit,NSW,1311,runup_from_2019,-0.1982799768567327
aus_l3,anzsco_4digit,NSW,1311,runup_from_2020,0.34528358204332665
aus_l3,anzsco_4digit,NSW,1321,runup_from_2019,0.22838233218013482
aus_l3,anzsco_4digit,NSW,1321,runup_from_2020,0.5717978075444252
aus_l3,anzsco_4digit,NSW,1322,runup_from_2019,0.03807385226935889
aus_l3,anzsco_4digit,NSW,1322,runup_from_2020,0.4819838118868036
aus_l3,anzsco_4digit,NSW,1323,runup_from_2019,0.304403282060826
aus_l3,anzsco_4digit,NSW,1323,runup_from_2020,0.6362286553260965
aus_l3,anzsco_4digit,NSW,1324,runup_from_2019,0.42338148010180543
aus_l3,anzsco_4digit,NSW,1324,runup_from_2020,0.7292668905248822
aus_l3,anzsco_4digit,NSW,1325,runup_from_2019,0.2563963102649911
aus_l3,anzsco_4digit,NSW,1325,runup_from_2020,0.6388039320084218
aus_l3,anzsco_4digit,NSW,1331,runup_from_2019,0.07263640181452136
aus_l3,anzsco_4digit,NSW,1331,runup_from_2020,0.5815014879552551
aus_l3,anzsco_4digit,NSW,1332,runup_from_2019,0.7145330401758612
aus_l3,anzsco_4digit,NSW,1332,runup_from_2020,1.0104645326880228
aus_l3,anzsco_4digit,NSW,1333,runup_from_2019,0.012945327039545429
aus_l3,anzsco_4digit,NSW,1333,runup_from_2020,0.5303066275577408
aus_l3,anzsco_4digit,NSW,1334,runup_from_2019,1.0422821565141787
aus_l3,anzsco_4digit,NSW,1334,runup_from_2020,1.1052567648304878
aus_l3,anzsco_4digit,NSW,1335,runup_from_2019,0.4609433496424282
aus_l3,anzsco_4digit,NSW,1335,runup_from_2020,0.6740230305505772
aus_l3,anzsco_4digit,NSW,1336,runup_from_2019,0.4031222800067038
aus_l3,anzsco_4digit,NSW,1336,runup_from_2020,0.7102326137979826
aus_l3,anzsco_4digit,NSW,1341,runup_from_2019,0.6004176786629625
aus_l3,anzsco_4digit,NSW,1341,runup_from_2020,0.43012676793619864
aus_l3,anzsco_4digit,NSW,1342,runup_from_2019,0.48694820067108857
aus_l3,anzsco_4digit,NSW,1342,runup_from_2020,0.28800649419075697
aus_l3,anzsco_4digit,NSW,1343,runup_from_2019,1.1872391851206077
aus_l3,anzsco_4digit,NSW,1343,runup_from_2020,0.40244738140716674
aus_l3,anzsco_4digit,NSW,1344,runup_from_2019,0.3546407951985855
aus_l3,anzsco_4digit,NSW,1344,runup_from_2020,0.4152653708920271
aus_l3,anzsco_4digit,NSW,1351,runup_from_2019,0.4192294668044694
aus_l3,anzsco_4digit,NSW,1351,runup_from_2020,0.6174913603344843
aus_l3,anzsco_4digit,NSW,1399,runup_from_2019,0.4724993810147664
aus_l3,anzsco_4digit,NSW,1399,runup_from_2020,0.6595490843891154
aus_l3,anzsco_4digit,NSW,1411,runup_from_2019,0.5087280928393891
aus_l3,anzsco_4digit,NSW,1411,runup_from_2020,0.8424452638004105
aus_l3,anzsco_4digit,NSW,1412,runup_from_2019,-0.257829407239462
aus_l3,anzsco_4digit,NSW,1412,runup_from_2020,0.06959258319155981
aus_l3,anzsco_4digit,NSW,1413,runup_from_2019,0.5671100862955214
aus_l3,anzsco_4digit,NSW,1413,runup_from_2020,0.8351687491130226
aus_l3,anzsco_4digit,NSW,1414,runup_from_2019,0.5723909903197733
aus_l3,anzsco_4digit,NSW,1414,runup_from_2020,0.8283590515177637
aus_l3,anzsco_4digit,NSW,1419,runup_from_2019,0.6913942967062621
aus_l3,anzsco_4digit,NSW,1419,runup_from_2020,0.6302547173801143
aus_l3,anzsco_4digit,NSW,1421,runup_from_2019,0.25503085552028537
aus_l3,anzsco_4digit,NSW,1421,runup_from_2020,0.7828664625446402
aus_l3,anzsco_4digit,NSW,1491,runup_from_2019,0.5623006222177747
aus_l3,anzsco_4digit,NSW,1491,runup_from_2020,0.8351675703303822
aus_l3,anzsco_4digit,NSW,1492,runup_from_2019,0.3326533776388265
aus_l3,anzsco_4digit,NSW,1492,runup_from_2020,0.652303071941672
aus_l3,anzsco_4digit,NSW,1493,runup_from_2019,0.21440183103378008
aus_l3,anzsco_4digit,NSW,1493,runup_from_2020,1.132067763674744
aus_l3,anzsco_4digit,NSW,1494,runup_from_2019,0.2909286164728675
aus_l3,anzsco_4digit,NSW,1494,runup_from_2020,0.6704582585899761
aus_l3,anzsco_4digit,NSW,1499,runup_from_2019,0.048508081922102875
aus_l3,anzsco_4digit,NSW,1499,runup_from_2020,0.38939215243823533
aus_l3,anzsco_4digit,NSW,2111,runup_from_2019,0.4155669286093193
aus_l3,anzsco_4digit,NSW,2111,runup_from_2020,0.6252874338513625
aus_l3,anzsco_4digit,NSW,2112,runup_from_2019,0.24889598109385846
aus_l3,anzsco_4digit,NSW,2112,runup_from_2020,0.4666194384992495
aus_l3,anzsco_4digit,NSW,2113,runup_from_2019,0.23280539445148918
aus_l3,anzsco_4digit,NSW,2113,runup_from_2020,0.5702489229652112
aus_l3,anzsco_4digit,NSW,2114,runup_from_2019,-1.5830055695743963
aus_l3,anzsco_4digit,NSW,2114,runup_from_2020,-0.04256110898419596
aus_l3,anzsco_4digit,NSW,2121,runup_from_2019,0.42411607133255913
aus_l3,anzsco_4digit,NSW,2121,runup_from_2020,0.9494430769536562
aus_l3,anzsco_4digit,NSW,2122,runup_from_2019,0.685909621345492
aus_l3,anzsco_4digit,NSW,2122,runup_from_2020,0.8221919271495897
aus_l3,anzsco_4digit,NSW,2123,runup_from_2019,0.49261019858053157
aus_l3,anzsco_4digit,NSW,2123,runup_from_2020,0.7631910074530128
aus_l3,anzsco_4digit,NSW,2124,runup_from_2019,0.44734481220905664
aus_l3,anzsco_4digit,NSW,2124,runup_from_2020,0.7703585575628251
aus_l3,anzsco_4digit,NSW,2211,runup_from_2019,-0.018398520001047025
aus_l3,anzsco_4digit,NSW,2211,runup_from_2020,0.43986813360985977
aus_l3,anzsco_4digit,NSW,2212,runup_from_2019,0.2802697814140416
aus_l3,anzsco_4digit,NSW,2212,runup_from_2020,0.6033558197343423
aus_l3,anzsco_4digit,NSW,2221,runup_from_2019,0.2851157024664408
aus_l3,anzsco_4digit,NSW,2221,runup_from_2020,0.4125070484370479
aus_l3,anzsco_4digit,NSW,2222,runup_from_2019,0.5053484456060513
aus_l3,anzsco_4digit,NSW,2222,runup_from_2020,0.9923016541739633
aus_l3,anzsco_4digit,NSW,2223,runup_from_2019,-0.08975312031025506
aus_l3,anzsco_4digit,NSW,2223,runup_from_2020,0.284028083158125
aus_l3,anzsco_4digit,NSW,2231,runup_from_2019,0.07062324309735679
aus_l3,anzsco_4digit,NSW,2231,runup_from_2020,0.6636091231179897
aus_l3,anzsco_4digit,NSW,2232,runup_from_2019,-0.24971062677585598
aus_l3,anzsco_4digit,NSW,2232,runup_from_2020,0.655406804500174
aus_l3,anzsco_4digit,NSW,2233,runup_from_2019,0.29471642810440724
aus_l3,anzsco_4digit,NSW,2233,runup_from_2020,0.6401348151320994
aus_l3,anzsco_4digit,NSW,2241,runup_from_2019,0.08416430546047504
aus_l3,anzsco_4digit,NSW,2241,runup_from_2020,0.5014438969824022
aus_l3,anzsco_4digit,NSW,2242,runup_from_2019,0.19009666569072126
aus_l3,anzsco_4digit,NSW,2242,runup_from_2020,0.36254966365499497
aus_l3,anzsco_4digit,NSW,2243,runup_from_2019,0.40235329415258914
aus_l3,anzsco_4digit,NSW,2243,runup_from_2020,0.5060877291777048
aus_l3,anzsco_4digit,NSW,2244,runup_from_2019,0.35587074396676766
aus_l3,anzsco_4digit,NSW,2244,runup_from_2020,0.5387688345888364
aus_l3,anzsco_4digit,NSW,2245,runup_from_2019,0.6086031080602377
aus_l3,anzsco_4digit,NSW,2245,runup_from_2020,0.5897600469254245
aus_l3,anzsco_4digit,NSW,2246,runup_from_2019,0.22372875761998978
aus_l3,anzsco_4digit,NSW,2246,runup_from_2020,0.5071920926088946
aus_l3,anzsco_4digit,NSW,2247,runup_from_2019,0.07454575261381624
aus_l3,anzsco_4digit,NSW,2247,runup_from_2020,0.5732064238818815
aus_l3,anzsco_4digit,NSW,2249,runup_from_2019,0.47188235905954823
aus_l3,anzsco_4digit,NSW,2249,runup_from_2020,0.6261026756621604
aus_l3,anzsco_4digit,NSW,2251,runup_from_2019,0.310825393143892
aus_l3,anzsco_4digit,NSW,2251,runup_from_2020,0.7500060050360826
aus_l3,anzsco_4digit,NSW,2252,runup_from_2019,0.17129141491685607
aus_l3,anzsco_4digit,NSW,2252,runup_from_2020,0.3965602325646649
aus_l3,anzsco_4digit,NSW,2253,runup_from_2019,0.253380564765906
aus_l3,anzsco_4digit,NSW,2253,runup_from_2020,0.758940979295148
aus_l3,anzsco_4digit,NSW,2254,runup_from_2019,-0.2986192673375534
aus_l3,anzsco_4digit,NSW,2254,runup_from_2020,0.2939970806850507
aus_l3,anzsco_4digit,NSW,2311,runup_from_2019,0.33248026384342255
aus_l3,anzsco_4digit,NSW,2311,runup_from_2020,0.707535946583473
aus_l3,anzsco_4digit,NSW,2312,runup_from_2019,0.3836361725962498
aus_l3,anzsco_4digit,NSW,2312,runup_from_2020,1.0178271299301154
aus_l3,anzsco_4digit,NSW,2321,runup_from_2019,-0.03943090976428554
aus_l3,anzsco_4digit,NSW,2321,runup_from_2020,0.3929623822121737
aus_l3,anzsco_4digit,NSW,2322,runup_from_2019,0.24737141216039227
aus_l3,anzsco_4digit,NSW,2322,runup_from_2020,0.6583521069703426
aus_l3,anzsco_4digit,NSW,2323,runup_from_2019,0.6760527500725289
aus_l3,anzsco_4digit,NSW,2323,runup_from_2020,0.8709604885044717
aus_l3,anzsco_4digit,NSW,2324,runup_from_2019,0.2196829590192939
aus_l3,anzsco_4digit,NSW,2324,runup_from_2020,0.6508334630173991
aus_l3,anzsco_4digit,NSW,2325,runup_from_2019,0.10195903503754611
aus_l3,anzsco_4digit,NSW,2325,runup_from_2020,0.94009038907878
aus_l3,anzsco_4digit,NSW,2326,runup_from_2019,0.3311461857671132
aus_l3,anzsco_4digit,NSW,2326,runup_from_2020,0.6451675074594263
aus_l3,anzsco_4digit,NSW,2331,runup_from_2019,0.4005366993724886
aus_l3,anzsco_4digit,NSW,2331,runup_from_2020,0.7293684454521785
aus_l3,anzsco_4digit,NSW,2332,runup_from_2019,0.22510949796431579
aus_l3,anzsco_4digit,NSW,2332,runup_from_2020,0.7001091866974649
aus_l3,anzsco_4digit,NSW,2333,runup_from_2019,0.07450481351276839
aus_l3,anzsco_4digit,NSW,2333,runup_from_2020,0.6721195750269295
aus_l3,anzsco_4digit,NSW,2334,runup_from_2019,0.44373755164364104
aus_l3,anzsco_4digit,NSW,2334,runup_from_2020,0.7131079231224833
aus_l3,anzsco_4digit,NSW,2335,runup_from_2019,0.2668462235827578
aus_l3,anzsco_4digit,NSW,2335,runup_from_2020,0.6582157597968754
aus_l3,anzsco_4digit,NSW,2336,runup_from_2019,0.26844915743798126
aus_l3,anzsco_4digit,NSW,2336,runup_from_2020,0.6374342034312468
aus_l3,anzsco_4digit,NSW,2339,runup_from_2019,0.26992235205780357
aus_l3,anzsco_4digit,NSW,2339,runup_from_2020,0.575903354869495
aus_l3,anzsco_4digit,NSW,2341,runup_from_2019,0.8447989774580529
aus_l3,anzsco_4digit,NSW,2341,runup_from_2020,0.8020578621077108
aus_l3,anzsco_4digit,NSW,2342,runup_from_2019,1.3751603404134571
aus_l3,anzsco_4digit,NSW,2342,runup_from_2020,1.480779889876643
aus_l3,anzsco_4digit,NSW,2343,runup_from_2019,0.15544854697936383
aus_l3,anzsco_4digit,NSW,2343,runup_from_2020,0.5458011356644743
aus_l3,anzsco_4digit,NSW,2344,runup_from_2019,0.4493077191626891
aus_l3,anzsco_4digit,NSW,2344,runup_from_2020,0.9847092729009623
aus_l3,anzsco_4digit,NSW,2345,runup_from_2019,0.951247027868408
aus_l3,anzsco_4digit,NSW,2345,runup_from_2020,0.8540045042676829
aus_l3,anzsco_4digit,NSW,2346,runup_from_2019,0.6321795372617469
aus_l3,anzsco_4digit,NSW,2346,runup_from_2020,0.49986842089861394
aus_l3,anzsco_4digit,NSW,2347,runup_from_2019,1.6212914780764498
aus_l3,anzsco_4digit,NSW,2347,runup_from_2020,1.6856492892557862
aus_l3,anzsco_4digit,NSW,2349,runup_from_2019,-0.8476989516438733
aus_l3,anzsco_4digit,NSW,2349,runup_from_2020,-0.6747199419406895
aus_l3,anzsco_4digit,NSW,2411,runup_from_2019,0.582405583628204
aus_l3,anzsco_4digit,NSW,2411,runup_from_2020,0.5694830683686414
aus_l3,anzsco_4digit,NSW,2412,runup_from_2019,0.9304635595800161
aus_l3,anzsco_4digit,NSW,2412,runup_from_2020,0.6510015715342847
aus_l3,anzsco_4digit,NSW,2413,runup_from_2019,-0.22778416342887847
aus_l3,anzsco_4digit,NSW,2413,runup_from_2020,-0.04546193996803505
aus_l3,anzsco_4digit,NSW,2414,runup_from_2019,0.48494864909065694
aus_l3,anzsco_4digit,NSW,2414,runup_from_2020,0.37199755330972284
aus_l3,anzsco_4digit,NSW,2415,runup_from_2019,0.18954180047770608
aus_l3,anzsco_4digit,NSW,2415,runup_from_2020,-0.18949000020737827
aus_l3,anzsco_4digit,NSW,2421,runup_from_2019,0.5400793270372835
aus_l3,anzsco_4digit,NSW,2421,runup_from_2020,1.127432727203602
aus_l3,anzsco_4digit,NSW,2422,runup_from_2019,0.7629857197713119
aus_l3,anzsco_4digit,NSW,2422,runup_from_2020,0.7110581075542219
aus_l3,anzsco_4digit,NSW,2491,runup_from_2019,0.5457843126036526
aus_l3,anzsco_4digit,NSW,2491,runup_from_2020,0.3361936932530769
aus_l3,anzsco_4digit,NSW,2492,runup_from_2019,0.2733449087914792
aus_l3,anzsco_4digit,NSW,2492,runup_from_2020,0.5395123429034201
aus_l3,anzsco_4digit,NSW,2493,runup_from_2019,-0.21451784100314164
aus_l3,anzsco_4digit,NSW,2493,runup_from_2020,0.28156560003554176
aus_l3,anzsco_4digit,NSW,2511,runup_from_2019,0.45575501963365994
aus_l3,anzsco_4digit,NSW,2511,runup_from_2020,0.19603914882385975
aus_l3,anzsco_4digit,NSW,2512,runup_from_2019,0.05360460511258314
aus_l3,anzsco_4digit,NSW,2512,runup_from_2020,0.4074103609180888
aus_l3,anzsco_4digit,NSW,2513,runup_from_2019,0.21734763569554527
aus_l3,anzsco_4digit,NSW,2513,runup_from_2020,0.6241681472422016
aus_l3,anzsco_4digit,NSW,2514,runup_from_2019,0.824137964756178
aus_l3,anzsco_4digit,NSW,2514,runup_from_2020,1.34858879058757
aus_l3,anzsco_4digit,NSW,2515,runup_from_2019,0.03383813804236535
aus_l3,anzsco_4digit,NSW,2515,runup_from_2020,0.21415547355446396
aus_l3,anzsco_4digit,NSW,2519,runup_from_2019,-0.3040105802576747
aus_l3,anzsco_4digit,NSW,2519,runup_from_2020,0.039036900333227376
aus_l3,anzsco_4digit,NSW,2521,runup_from_2019,0.6613984157131005
aus_l3,anzsco_4digit,NSW,2521,runup_from_2020,0.3072265394924849
aus_l3,anzsco_4digit,NSW,2522,runup_from_2019,0.24492298360738607
aus_l3,anzsco_4digit,NSW,2522,runup_from_2020,0.24263198604175518
aus_l3,anzsco_4digit,NSW,2523,runup_from_2019,0.4772296743374751
aus_l3,anzsco_4digit,NSW,2523,runup_from_2020,0.47454724786512426
aus_l3,anzsco_4digit,NSW,2524,runup_from_2019,0.4424986058605107
aus_l3,anzsco_4digit,NSW,2524,runup_from_2020,0.347958670746392
aus_l3,anzsco_4digit,NSW,2525,runup_from_2019,0.26276556769276826
aus_l3,anzsco_4digit,NSW,2525,runup_from_2020,0.22365371151629798
aus_l3,anzsco_4digit,NSW,2526,runup_from_2019,0.7157764748735858
aus_l3,anzsco_4digit,NSW,2526,runup_from_2020,0.5446678030569019
aus_l3,anzsco_4digit,NSW,2527,runup_from_2019,0.8876368018921763
aus_l3,anzsco_4digit,NSW,2527,runup_from_2020,0.42432025140211316
aus_l3,anzsco_4digit,NSW,2531,runup_from_2019,0.6566343964377275
aus_l3,anzsco_4digit,NSW,2531,runup_from_2020,0.5419910817656355
aus_l3,anzsco_4digit,NSW,2532,runup_from_2019,0.22868292828283887
aus_l3,anzsco_4digit,NSW,2532,runup_from_2020,-0.32695633444700123
aus_l3,anzsco_4digit,NSW,2533,runup_from_2019,0.1805026625647077
aus_l3,anzsco_4digit,NSW,2533,runup_from_2020,0.15436745072029545
aus_l3,anzsco_4digit,NSW,2534,runup_from_2019,-0.03979304750164525
aus_l3,anzsco_4digit,NSW,2534,runup_from_2020,-0.5981075953927224
aus_l3,anzsco_4digit,NSW,2535,runup_from_2019,0.09413866299004492
aus_l3,anzsco_4digit,NSW,2535,runup_from_2020,0.222167357871631
aus_l3,anzsco_4digit,NSW,2539,runup_from_2019,0.3994948913996761
aus_l3,anzsco_4digit,NSW,2539,runup_from_2020,0.27118549869622033
aus_l3,anzsco_4digit,NSW,2541,runup_from_2019,0.6223693522745961
aus_l3,anzsco_4digit,NSW,2541,runup_from_2020,0.4068765427170895
aus_l3,anzsco_4digit,NSW,2542,runup_from_2019,0.5845933666782952
aus_l3,anzsco_4digit,NSW,2542,runup_from_2020,0.16177863055003616
aus_l3,anzsco_4digit,NSW,2543,runup_from_2019,0.3725447336101748
aus_l3,anzsco_4digit,NSW,2543,runup_from_2020,0.4843021123651834
aus_l3,anzsco_4digit,NSW,2544,runup_from_2019,0.5615408248064364
aus_l3,anzsco_4digit,NSW,2544,runup_from_2020,0.4271594685762503
aus_l3,anzsco_4digit,NSW,2611,runup_from_2019,0.20768488588825917
aus_l3,anzsco_4digit,NSW,2611,runup_from_2020,0.5513251363744276
aus_l3,anzsco_4digit,NSW,2612,runup_from_2019,-0.059188849854534986
aus_l3,anzsco_4digit,NSW,2612,runup_from_2020,0.36793013872923286
aus_l3,anzsco_4digit,NSW,2613,runup_from_2019,0.2240080672508098
aus_l3,anzsco_4digit,NSW,2613,runup_from_2020,0.5021639087508492
aus_l3,anzsco_4digit,NSW,2621,runup_from_2019,0.23551663124169142
aus_l3,anzsco_4digit,NSW,2621,runup_from_2020,0.5888947169354282
aus_l3,anzsco_4digit,NSW,2631,runup_from_2019,0.08879750577575685
aus_l3,anzsco_4digit,NSW,2631,runup_from_2020,0.3745405124559431
aus_l3,anzsco_4digit,NSW,2632,runup_from_2019,0.419036880871162
aus_l3,anzsco_4digit,NSW,2632,runup_from_2020,0.8438684437555573
aus_l3,anzsco_4digit,NSW,2633,runup_from_2019,0.3512337956101863
aus_l3,anzsco_4digit,NSW,2633,runup_from_2020,0.5092679365533375
aus_l3,anzsco_4digit,NSW,2711,runup_from_2019,0.420850065115582
aus_l3,anzsco_4digit,NSW,2711,runup_from_2020,0.5939121352064305
aus_l3,anzsco_4digit,NSW,2713,runup_from_2019,-0.060320937979830624
aus_l3,anzsco_4digit,NSW,2713,runup_from_2020,0.34587339751298796
aus_l3,anzsco_4digit,NSW,2721,runup_from_2019,0.41975734709042545
aus_l3,anzsco_4digit,NSW,2721,runup_from_2020,0.36689712632175375
aus_l3,anzsco_4digit,NSW,2722,runup_from_2019,0.33924907668011217
aus_l3,anzsco_4digit,NSW,2722,runup_from_2020,0.824452695989107
aus_l3,anzsco_4digit,NSW,2723,runup_from_2019,0.4089992032590555
aus_l3,anzsco_4digit,NSW,2723,runup_from_2020,0.07897694567019897
aus_l3,anzsco_4digit,NSW,2724,runup_from_2019,0.445944084804867
aus_l3,anzsco_4digit,NSW,2724,runup_from_2020,0.6954785838060609
aus_l3,anzsco_4digit,NSW,2725,runup_from_2019,0.5749970835132858
aus_l3,anzsco_4digit,NSW,2725,runup_from_2020,0.3540515063476928
aus_l3,anzsco_4digit,NSW,2726,runup_from_2019,0.6555675246276067
aus_l3,anzsco_4digit,NSW,2726,runup_from_2020,0.5886613848946016
aus_l3,anzsco_4digit,NSW,3111,runup_from_2019,0.5667519306538318
aus_l3,anzsco_4digit,NSW,3111,runup_from_2020,0.5880862606701687
aus_l3,anzsco_4digit,NSW,3112,runup_from_2019,0.6386749940046199
aus_l3,anzsco_4digit,NSW,3112,runup_from_2020,0.586067893854259
aus_l3,anzsco_4digit,NSW,3113,runup_from_2019,0.24316673596130634
aus_l3,anzsco_4digit,NSW,3113,runup_from_2020,0.2264532512629387
aus_l3,anzsco_4digit,NSW,3114,runup_from_2019,0.22380629517955652
aus_l3,anzsco_4digit,NSW,3114,runup_from_2020,0.5955908815597786
aus_l3,anzsco_4digit,NSW,3121,runup_from_2019,0.04978761492032824
aus_l3,anzsco_4digit,NSW,3121,runup_from_2020,0.48181838289430257
aus_l3,anzsco_4digit,NSW,3122,runup_from_2019,0.3179012964314518
aus_l3,anzsco_4digit,NSW,3122,runup_from_2020,0.7374381876270832
aus_l3,anzsco_4digit,NSW,3123,runup_from_2019,0.22501092678067858
aus_l3,anzsco_4digit,NSW,3123,runup_from_2020,0.6182018755416183
aus_l3,anzsco_4digit,NSW,3124,runup_from_2019,0.4287362198400171
aus_l3,anzsco_4digit,NSW,3124,runup_from_2020,0.7127077683819785
aus_l3,anzsco_4digit,NSW,3125,runup_from_2019,0.192452301793975
aus_l3,anzsco_4digit,NSW,3125,runup_from_2020,0.6490414852352209
aus_l3,anzsco_4digit,NSW,3126,runup_from_2019,0.4110450270859518
aus_l3,anzsco_4digit,NSW,3126,runup_from_2020,0.5996211004051286
aus_l3,anzsco_4digit,NSW,3129,runup_from_2019,0.19671028254878742
aus_l3,anzsco_4digit,NSW,3129,runup_from_2020,0.4751774558615365
aus_l3,anzsco_4digit,NSW,3131,runup_from_2019,0.10406935793171623
aus_l3,anzsco_4digit,NSW,3131,runup_from_2020,0.556910146600039
aus_l3,anzsco_4digit,NSW,3132,runup_from_2019,0.34174939898520895
aus_l3,anzsco_4digit,NSW,3132,runup_from_2020,0.4553745904680462
aus_l3,anzsco_4digit,NSW,3211,runup_from_2019,0.1937859844687324
aus_l3,anzsco_4digit,NSW,3211,runup_from_2020,0.5799418477889571
aus_l3,anzsco_4digit,NSW,3212,runup_from_2019,0.3454209554518064
aus_l3,anzsco_4digit,NSW,3212,runup_from_2020,0.6764426580643832
aus_l3,anzsco_4digit,NSW,3221,runup_from_2019,0.282862978323543
aus_l3,anzsco_4digit,NSW,3221,runup_from_2020,0.254424757237359
aus_l3,anzsco_4digit,NSW,3222,runup_from_2019,0.33720082682003216
aus_l3,anzsco_4digit,NSW,3222,runup_from_2020,0.48384012120231557
aus_l3,anzsco_4digit,NSW,3223,runup_from_2019,0.4388100804589987
aus_l3,anzsco_4digit,NSW,3223,runup_from_2020,0.5498445418649736
aus_l3,anzsco_4digit,NSW,3231,runup_from_2019,0.507514445106966
aus_l3,anzsco_4digit,NSW,3231,runup_from_2020,0.7600101523848166
aus_l3,anzsco_4digit,NSW,3232,runup_from_2019,0.21427906854543366
aus_l3,anzsco_4digit,NSW,3232,runup_from_2020,0.6520455048416496
aus_l3,anzsco_4digit,NSW,3233,runup_from_2019,0.21276732951056454
aus_l3,anzsco_4digit,NSW,3233,runup_from_2020,0.6118015631072975
aus_l3,anzsco_4digit,NSW,3234,runup_from_2019,0.2585737517301281
aus_l3,anzsco_4digit,NSW,3234,runup_from_2020,0.26680453842928675
aus_l3,anzsco_4digit,NSW,3241,runup_from_2019,0.35276159749792413
aus_l3,anzsco_4digit,NSW,3241,runup_from_2020,0.582930529878682
aus_l3,anzsco_4digit,NSW,3242,runup_from_2019,0.21511129058467993
aus_l3,anzsco_4digit,NSW,3242,runup_from_2020,0.21111930899641984
aus_l3,anzsco_4digit,NSW,3243,runup_from_2019,0.7937904444497978
aus_l3,anzsco_4digit,NSW,3243,runup_from_2020,0.8544151765603305
aus_l3,anzsco_4digit,NSW,3311,runup_from_2019,0.631559972388049
aus_l3,anzsco_4digit,NSW,3311,runup_from_2020,0.6108401817924287
aus_l3,anzsco_4digit,NSW,3312,runup_from_2019,0.5632063993580969
aus_l3,anzsco_4digit,NSW,3312,runup_from_2020,0.7183069804686708
aus_l3,anzsco_4digit,NSW,3321,runup_from_2019,0.3180225223039197
aus_l3,anzsco_4digit,NSW,3321,runup_from_2020,0.07889369542899205
aus_l3,anzsco_4digit,NSW,3322,runup_from_2019,0.6718463312095784
aus_l3,anzsco_4digit,NSW,3322,runup_from_2020,0.5956123057335097
aus_l3,anzsco_4digit,NSW,3331,runup_from_2019,0.5587224002139064
aus_l3,anzsco_4digit,NSW,3331,runup_from_2020,0.5808402676180817
aus_l3,anzsco_4digit,NSW,3332,runup_from_2019,0.5715400484651587
aus_l3,anzsco_4digit,NSW,3332,runup_from_2020,0.425052219405448
aus_l3,anzsco_4digit,NSW,3333,runup_from_2019,0.2840141853054652
aus_l3,anzsco_4digit,NSW,3333,runup_from_2020,0.1685584196282579
aus_l3,anzsco_4digit,NSW,3334,runup_from_2019,0.6615863963104118
aus_l3,anzsco_4digit,NSW,3334,runup_from_2020,0.7113479456951146
aus_l3,anzsco_4digit,NSW,3341,runup_from_2019,0.5346296012140765
aus_l3,anzsco_4digit,NSW,3341,runup_from_2020,0.5717270224141862
aus_l3,anzsco_4digit,NSW,3411,runup_from_2019,0.2466387931412788
aus_l3,anzsco_4digit,NSW,3411,runup_from_2020,0.7137976565748945
aus_l3,anzsco_4digit,NSW,3421,runup_from_2019,0.022122390707877138
aus_l3,anzsco_4digit,NSW,3421,runup_from_2020,0.42046224803324606
aus_l3,anzsco_4digit,NSW,3422,runup_from_2019,0.7647303887878802
aus_l3,anzsco_4digit,NSW,3422,runup_from_2020,0.6965062767087535
aus_l3,anzsco_4digit,NSW,3423,runup_from_2019,0.16968501174739714
aus_l3,anzsco_4digit,NSW,3423,runup_from_2020,0.4885954721633903
aus_l3,anzsco_4digit,NSW,3424,runup_from_2019,0.12040886649829297
aus_l3,anzsco_4digit,NSW,3424,runup_from_2020,0.3411451423206051
aus_l3,anzsco_4digit,NSW,3511,runup_from_2019,1.0461074593953734
aus_l3,anzsco_4digit,NSW,3511,runup_from_2020,0.9320841294676159
aus_l3,anzsco_4digit,NSW,3512,runup_from_2019,0.8823171719923018
aus_l3,anzsco_4digit,NSW,3512,runup_from_2020,0.5459940651869459
aus_l3,anzsco_4digit,NSW,3513,runup_from_2019,0.642851108588828
aus_l3,anzsco_4digit,NSW,3513,runup_from_2020,0.8993977261039108
aus_l3,anzsco_4digit,NSW,3514,runup_from_2019,0.809866174272095
aus_l3,anzsco_4digit,NSW,3514,runup_from_2020,0.9675628047912985
aus_l3,anzsco_4digit,NSW,3611,runup_from_2019,0.5970127440875705
aus_l3,anzsco_4digit,NSW,3611,runup_from_2020,0.6188772900315844
aus_l3,anzsco_4digit,NSW,3612,runup_from_2019,-0.2429471786108895
aus_l3,anzsco_4digit,NSW,3612,runup_from_2020,-0.24294659037542227
aus_l3,anzsco_4digit,NSW,3613,runup_from_2019,1.1878802142574378
aus_l3,anzsco_4digit,NSW,3613,runup_from_2020,1.0166643913000168
aus_l3,anzsco_4digit,NSW,3621,runup_from_2019,0.5925600072607606
aus_l3,anzsco_4digit,NSW,3621,runup_from_2020,0.46052498786681406
aus_l3,anzsco_4digit,NSW,3622,runup_from_2019,0.5541845740347124
aus_l3,anzsco_4digit,NSW,3622,runup_from_2020,0.5665875935213291
aus_l3,anzsco_4digit,NSW,3623,runup_from_2019,0.72714895916612
aus_l3,anzsco_4digit,NSW,3623,runup_from_2020,0.7339388530470754
aus_l3,anzsco_4digit,NSW,3624,runup_from_2019,0.5593383264283469
aus_l3,anzsco_4digit,NSW,3624,runup_from_2020,0.530628277699241
aus_l3,anzsco_4digit,NSW,3911,runup_from_2019,0.4160073668898594
aus_l3,anzsco_4digit,NSW,3911,runup_from_2020,0.3130532370567396
aus_l3,anzsco_4digit,NSW,3921,runup_from_2019,0.4320244803590294
aus_l3,anzsco_4digit,NSW,3921,runup_from_2020,0.7094080266564746
aus_l3,anzsco_4digit,NSW,3922,runup_from_2019,-0.04295132449967687
aus_l3,anzsco_4digit,NSW,3922,runup_from_2020,0.5834075028291377
aus_l3,anzsco_4digit,NSW,3923,runup_from_2019,0.28417938926899833
aus_l3,anzsco_4digit,NSW,3923,runup_from_2020,0.5285250589481008
aus_l3,anzsco_4digit,NSW,3931,runup_from_2019,0.2036000248510379
aus_l3,anzsco_4digit,NSW,3931,runup_from_2020,0.5020943808705026
aus_l3,anzsco_4digit,NSW,3932,runup_from_2019,0.48158871883520593
aus_l3,anzsco_4digit,NSW,3932,runup_from_2020,0.8414974205725931
aus_l3,anzsco_4digit,NSW,3933,runup_from_2019,0.5885221337954558
aus_l3,anzsco_4digit,NSW,3933,runup_from_2020,0.2682640714363087
aus_l3,anzsco_4digit,NSW,3941,runup_from_2019,0.4016574451881363
aus_l3,anzsco_4digit,NSW,3941,runup_from_2020,0.5967859201823824
aus_l3,anzsco_4digit,NSW,3942,runup_from_2019,-0.08083949757577269
aus_l3,anzsco_4digit,NSW,3942,runup_from_2020,0.32641933305076787
aus_l3,anzsco_4digit,NSW,3991,runup_from_2019,0.6093092559421596
aus_l3,anzsco_4digit,NSW,3991,runup_from_2020,0.5095590496874538
aus_l3,anzsco_4digit,NSW,3992,runup_from_2019,0.020865106477612638
aus_l3,anzsco_4digit,NSW,3992,runup_from_2020,0.026907541415496006
aus_l3,anzsco_4digit,NSW,3993,runup_from_2019,0.1249891006499042
aus_l3,anzsco_4digit,NSW,3993,runup_from_2020,0.438646397904217
aus_l3,anzsco_4digit,NSW,3994,runup_from_2019,0.3488563453228384
aus_l3,anzsco_4digit,NSW,3994,runup_from_2020,0.43332184916357486
aus_l3,anzsco_4digit,NSW,3995,runup_from_2019,0.7969727304167376
aus_l3,anzsco_4digit,NSW,3995,runup_from_2020,1.041300282930286
aus_l3,anzsco_4digit,NSW,3996,runup_from_2019,0.08338180340546608
aus_l3,anzsco_4digit,NSW,3996,runup_from_2020,0.13197436651466954
aus_l3,anzsco_4digit,NSW,3999,runup_from_2019,0.6754985242098632
aus_l3,anzsco_4digit,NSW,3999,runup_from_2020,0.7735560012087612
aus_l3,anzsco_4digit,NSW,4111,runup_from_2019,0.10145143125453648
aus_l3,anzsco_4digit,NSW,4111,runup_from_2020,0.4432767009420542
aus_l3,anzsco_4digit,NSW,4112,runup_from_2019,0.7766411556575936
aus_l3,anzsco_4digit,NSW,4112,runup_from_2020,0.5932278027678652
aus_l3,anzsco_4digit,NSW,4113,runup_from_2019,0.8064987431485577
aus_l3,anzsco_4digit,NSW,4113,runup_from_2020,0.7075774394917262
aus_l3,anzsco_4digit,NSW,4114,runup_from_2019,0.9096035500588489
aus_l3,anzsco_4digit,NSW,4114,runup_from_2020,0.48765719811006214
aus_l3,anzsco_4digit,NSW,4115,runup_from_2019,0.6916490005549374
aus_l3,anzsco_4digit,NSW,4115,runup_from_2020,0.31145060239986755
aus_l3,anzsco_4digit,NSW,4116,runup_from_2019,0.7195592869752199
aus_l3,anzsco_4digit,NSW,4116,runup_from_2020,0.6990889271488916
aus_l3,anzsco_4digit,NSW,4117,runup_from_2019,0.5268004068147043
aus_l3,anzsco_4digit,NSW,4117,runup_from_2020,0.5737806117131319
aus_l3,anzsco_4digit,NSW,4211,runup_from_2019,0.4476240938944285
aus_l3,anzsco_4digit,NSW,4211,runup_from_2020,0.8194197182575849
aus_l3,anzsco_4digit,NSW,4221,runup_from_2019,0.4420304255930434
aus_l3,anzsco_4digit,NSW,4221,runup_from_2020,0.6034788514200287
aus_l3,anzsco_4digit,NSW,4231,runup_from_2019,0.7433081499502467
aus_l3,anzsco_4digit,NSW,4231,runup_from_2020,0.6269347959632636
aus_l3,anzsco_4digit,NSW,4232,runup_from_2019,0.5188825511591126
aus_l3,anzsco_4digit,NSW,4232,runup_from_2020,0.47869448569463646
aus_l3,anzsco_4digit,NSW,4233,runup_from_2019,0.9943528362760565
aus_l3,anzsco_4digit,NSW,4233,runup_from_2020,0.6408273220890219
aus_l3,anzsco_4digit,NSW,4234,runup_from_2019,0.9409831361312151
aus_l3,anzsco_4digit,NSW,4234,runup_from_2020,0.5401585694012376
aus_l3,anzsco_4digit,NSW,4311,runup_from_2019,0.8577719216767008
aus_l3,anzsco_4digit,NSW,4311,runup_from_2020,1.0510594806288456
aus_l3,anzsco_4digit,NSW,4312,runup_from_2019,0.8598350114867088
aus_l3,anzsco_4digit,NSW,4312,runup_from_2020,1.1802193706503576
aus_l3,anzsco_4digit,NSW,4313,runup_from_2019,0.684433518415346
aus_l3,anzsco_4digit,NSW,4313,runup_from_2020,0.7563661470703078
aus_l3,anzsco_4digit,NSW,4314,runup_from_2019,0.6937665426074968
aus_l3,anzsco_4digit,NSW,4314,runup_from_2020,1.0002109101021612
aus_l3,anzsco_4digit,NSW,4315,runup_from_2019,1.0983313870967342
aus_l3,anzsco_4digit,NSW,4315,runup_from_2020,1.3430581589013402
aus_l3,anzsco_4digit,NSW,4412,runup_from_2019,0.5662805746981134
aus_l3,anzsco_4digit,NSW,4412,runup_from_2020,0.5410691542922017
aus_l3,anzsco_4digit,NSW,4413,runup_from_2019,0.055262773982941216
aus_l3,anzsco_4digit,NSW,4413,runup_from_2020,-0.28768191116149733
aus_l3,anzsco_4digit,NSW,4421,runup_from_2019,0.23956285931884969
aus_l3,anzsco_4digit,NSW,4421,runup_from_2020,0.22182407893751277
aus_l3,anzsco_4digit,NSW,4422,runup_from_2019,0.5356803215163879
aus_l3,anzsco_4digit,NSW,4422,runup_from_2020,0.5641423971543054
aus_l3,anzsco_4digit,NSW,4511,runup_from_2019,0.4230121696055358
aus_l3,anzsco_4digit,NSW,4511,runup_from_2020,0.48461521400021734
aus_l3,anzsco_4digit,NSW,4512,runup_from_2019,0.514267907967624
aus_l3,anzsco_4digit,NSW,4512,runup_from_2020,0.32979356223600664
aus_l3,anzsco_4digit,NSW,4513,runup_from_2019,0.7666265765013973
aus_l3,anzsco_4digit,NSW,4513,runup_from_2020,1.0263551269782927
aus_l3,anzsco_4digit,NSW,4514,runup_from_2019,0.45666775708565943
aus_l3,anzsco_4digit,NSW,4514,runup_from_2020,1.1552647335215216
aus_l3,anzsco_4digit,NSW,4515,runup_from_2019,-0.3930425186651217
aus_l3,anzsco_4digit,NSW,4515,runup_from_2020,-0.5857276936803641
aus_l3,anzsco_4digit,NSW,4516,runup_from_2019,-0.5798806765961801
aus_l3,anzsco_4digit,NSW,4516,runup_from_2020,0.7750566980315936
aus_l3,anzsco_4digit,NSW,4517,runup_from_2019,0.47712104777447406
aus_l3,anzsco_4digit,NSW,4517,runup_from_2020,1.2474581802531293
aus_l3,anzsco_4digit,NSW,4521,runup_from_2019,0.09737416422793732
aus_l3,anzsco_4digit,NSW,4521,runup_from_2020,0.2967102756989659
aus_l3,anzsco_4digit,NSW,4522,runup_from_2019,0.8960883204751071
aus_l3,anzsco_4digit,NSW,4522,runup_from_2020,0.8007785497619796
aus_l3,anzsco_4digit,NSW,4523,runup_from_2019,0.671318215044642
aus_l3,anzsco_4digit,NSW,4523,runup_from_2020,0.8047669935489621
aus_l3,anzsco_4digit,NSW,4524,runup_from_2019,0.39668030770695095
aus_l3,anzsco_4digit,NSW,4524,runup_from_2020,0.6231091221378713
aus_l3,anzsco_4digit,NSW,5111,runup_from_2019,0.15040841547547856
aus_l3,anzsco_4digit,NSW,5111,runup_from_2020,0.7091925983750986
aus_l3,anzsco_4digit,NSW,5121,runup_from_2019,0.1976665984005468
aus_l3,anzsco_4digit,NSW,5121,runup_from_2020,0.6912792788304571
aus_l3,anzsco_4digit,NSW,5122,runup_from_2019,0.5902562833721703
aus_l3,anzsco_4digit,NSW,5122,runup_from_2020,0.6195641510457257
aus_l3,anzsco_4digit,NSW,5211,runup_from_2019,-0.7930550650046051
aus_l3,anzsco_4digit,NSW,5211,runup_from_2020,-0.0658337574116521
aus_l3,anzsco_4digit,NSW,5212,runup_from_2019,0.10910413110268458
aus_l3,anzsco_4digit,NSW,5212,runup_from_2020,0.80829532472801
aus_l3,anzsco_4digit,NSW,5311,runup_from_2019,0.40204517353773905
aus_l3,anzsco_4digit,NSW,5311,runup_from_2020,0.7214252871623001
aus_l3,anzsco_4digit,NSW,5321,runup_from_2019,-0.03091577393261513
aus_l3,anzsco_4digit,NSW,5321,runup_from_2020,0.5819048341868398
aus_l3,anzsco_4digit,NSW,5411,runup_from_2019,0.18349090437093452
aus_l3,anzsco_4digit,NSW,5411,runup_from_2020,0.703600760750847
aus_l3,anzsco_4digit,NSW,5412,runup_from_2019,0.6757838621206185
aus_l3,anzsco_4digit,NSW,5412,runup_from_2020,0.9940350970357237
aus_l3,anzsco_4digit,NSW,5421,runup_from_2019,0.36485271960034016
aus_l3,anzsco_4digit,NSW,5421,runup_from_2020,0.7806776848584533
aus_l3,anzsco_4digit,NSW,5511,runup_from_2019,-0.030695230797934236
aus_l3,anzsco_4digit,NSW,5511,runup_from_2020,0.6718670975164702
aus_l3,anzsco_4digit,NSW,5512,runup_from_2019,0.06954382314281471
aus_l3,anzsco_4digit,NSW,5512,runup_from_2020,0.5970831633042604
aus_l3,anzsco_4digit,NSW,5513,runup_from_2019,0.02421222388350497
aus_l3,anzsco_4digit,NSW,5513,runup_from_2020,0.4410034536842229
aus_l3,anzsco_4digit,NSW,5521,runup_from_2019,0.5229255590710373
aus_l3,anzsco_4digit,NSW,5521,runup_from_2020,0.7871432239517704
aus_l3,anzsco_4digit,NSW,5522,runup_from_2019,0.20745959504471134
aus_l3,anzsco_4digit,NSW,5522,runup_from_2020,0.6649994918837887
aus_l3,anzsco_4digit,NSW,5523,runup_from_2019,0.27964492259186136
aus_l3,anzsco_4digit,NSW,5523,runup_from_2020,0.6126748273373721
aus_l3,anzsco_4digit,NSW,5611,runup_from_2019,0.05505982772215734
aus_l3,anzsco_4digit,NSW,5611,runup_from_2020,0.28768260816668834
aus_l3,anzsco_4digit,NSW,5612,runup_from_2019,0.5304947113982426
aus_l3,anzsco_4digit,NSW,5612,runup_from_2020,0.9196352308292655
aus_l3,anzsco_4digit,NSW,5613,runup_from_2019,-0.08333704014618615
aus_l3,anzsco_4digit,NSW,5613,runup_from_2020,0.5362148521997794
aus_l3,anzsco_4digit,NSW,5614,runup_from_2019,0.1084395062446355
aus_l3,anzsco_4digit,NSW,5614,runup_from_2020,0.6581919392342841
aus_l3,anzsco_4digit,NSW,5615,runup_from_2019,0.2142192645367773
aus_l3,anzsco_4digit,NSW,5615,runup_from_2020,0.5809574634763282
aus_l3,anzsco_4digit,NSW,5616,runup_from_2019,0.14639847166321185
aus_l3,anzsco_4digit,NSW,5616,runup_from_2020,0.3505791477885196
aus_l3,anzsco_4digit,NSW,5619,runup_from_2019,0.2997266298750194
aus_l3,anzsco_4digit,NSW,5619,runup_from_2020,0.38118761323436967
aus_l3,anzsco_4digit,NSW,5911,runup_from_2019,0.4621697991969578
aus_l3,anzsco_4digit,NSW,5911,runup_from_2020,0.7747999024716092
aus_l3,anzsco_4digit,NSW,5912,runup_from_2019,0.31190609039420014
aus_l3,anzsco_4digit,NSW,5912,runup_from_2020,0.7680328636390943
aus_l3,anzsco_4digit,NSW,5991,runup_from_2019,0.12358274118271861
aus_l3,anzsco_4digit,NSW,5991,runup_from_2020,0.5347688644189912
aus_l3,anzsco_4digit,NSW,5992,runup_from_2019,0.31534236697565676
aus_l3,anzsco_4digit,NSW,5992,runup_from_2020,0.628491065206858
aus_l3,anzsco_4digit,NSW,5993,runup_from_2019,-0.46859812965947256
aus_l3,anzsco_4digit,NSW,5993,runup_from_2020,0.3038419286556291
aus_l3,anzsco_4digit,NSW,5994,runup_from_2019,0.3055748596446026
aus_l3,anzsco_4digit,NSW,5994,runup_from_2020,1.0950119335656257
aus_l3,anzsco_4digit,NSW,5995,runup_from_2019,0.12208366469389986
aus_l3,anzsco_4digit,NSW,5995,runup_from_2020,0.0898509592952097
aus_l3,anzsco_4digit,NSW,5996,runup_from_2019,-0.26861012896245295
aus_l3,anzsco_4digit,NSW,5996,runup_from_2020,0.2306599042450923
aus_l3,anzsco_4digit,NSW,5997,runup_from_2019,0.2780200457820179
aus_l3,anzsco_4digit,NSW,5997,runup_from_2020,0.46342325344386603
aus_l3,anzsco_4digit,NSW,5999,runup_from_2019,0.47155925439639823
aus_l3,anzsco_4digit,NSW,5999,runup_from_2020,0.9307240585578294
aus_l3,anzsco_4digit,NSW,6111,runup_from_2019,0.15906501410230794
aus_l3,anzsco_4digit,NSW,6111,runup_from_2020,0.2121753942754403
aus_l3,anzsco_4digit,NSW,6112,runup_from_2019,0.005792404787740679
aus_l3,anzsco_4digit,NSW,6112,runup_from_2020,0.40081487985240827
aus_l3,anzsco_4digit,NSW,6113,runup_from_2019,0.06591446507631016
aus_l3,anzsco_4digit,NSW,6113,runup_from_2020,0.5289446259101931
aus_l3,anzsco_4digit,NSW,6121,runup_from_2019,0.15894159663085006
aus_l3,anzsco_4digit,NSW,6121,runup_from_2020,0.2597986820255862
aus_l3,anzsco_4digit,NSW,6211,runup_from_2019,0.5694054731431484
aus_l3,anzsco_4digit,NSW,6211,runup_from_2020,0.8634135997348986
aus_l3,anzsco_4digit,NSW,6212,runup_from_2019,-0.34181978932850665
aus_l3,anzsco_4digit,NSW,6212,runup_from_2020,0.09853245943690991
aus_l3,anzsco_4digit,NSW,6213,runup_from_2019,0.3943669582314273
aus_l3,anzsco_4digit,NSW,6213,runup_from_2020,0.6352250186947774
aus_l3,anzsco_4digit,NSW,6214,runup_from_2019,1.1437125312168095
aus_l3,anzsco_4digit,NSW,6214,runup_from_2020,1.281121520418853
aus_l3,anzsco_4digit,NSW,6215,runup_from_2019,0.5230604175589657
aus_l3,anzsco_4digit,NSW,6215,runup_from_2020,0.7980309457979429
aus_l3,anzsco_4digit,NSW,6216,runup_from_2019,-0.15076378797936707
aus_l3,anzsco_4digit,NSW,6216,runup_from_2020,-0.8349652341318805
aus_l3,anzsco_4digit,NSW,6217,runup_from_2019,0.7602867020123052
aus_l3,anzsco_4digit,NSW,6217,runup_from_2020,0.738307519931203
aus_l3,anzsco_4digit,NSW,6219,runup_from_2019,0.20705950163148534
aus_l3,anzsco_4digit,NSW,6219,runup_from_2020,0.4423356187428271
aus_l3,anzsco_4digit,NSW,6311,runup_from_2019,1.4759792619866436
aus_l3,anzsco_4digit,NSW,6311,runup_from_2020,1.2432129291243283
aus_l3,anzsco_4digit,NSW,6391,runup_from_2019,0.6244886879865508
aus_l3,anzsco_4digit,NSW,6391,runup_from_2020,0.8448511508575267
aus_l3,anzsco_4digit,NSW,6392,runup_from_2019,0.15337650467832198
aus_l3,anzsco_4digit,NSW,6392,runup_from_2020,0.5824107822023326
aus_l3,anzsco_4digit,NSW,6393,runup_from_2019,-0.04517214310671225
aus_l3,anzsco_4digit,NSW,6393,runup_from_2020,0.3521647776335519
aus_l3,anzsco_4digit,NSW,6394,runup_from_2019,0.5160750585306157
aus_l3,anzsco_4digit,NSW,6394,runup_from_2020,1.4074592388768763
aus_l3,anzsco_4digit,NSW,6395,runup_from_2019,0.43294778560102065
aus_l3,anzsco_4digit,NSW,6395,runup_from_2020,0.9350396930541978
aus_l3,anzsco_4digit,NSW,6399,runup_from_2019,0.18719114132906078
aus_l3,anzsco_4digit,NSW,6399,runup_from_2020,0.9083418874502698
aus_l3,anzsco_4digit,NSW,7111,runup_from_2019,0.016000656246494493
aus_l3,anzsco_4digit,NSW,7111,runup_from_2020,-0.015747724527764073
aus_l3,anzsco_4digit,NSW,7112,runup_from_2019,0.3918426090218565
aus_l3,anzsco_4digit,NSW,7112,runup_from_2020,0.6196093751897562
aus_l3,anzsco_4digit,NSW,7113,runup_from_2019,0.1246425675800622
aus_l3,anzsco_4digit,NSW,7113,runup_from_2020,0.5278977520148029
aus_l3,anzsco_4digit,NSW,7114,runup_from_2019,0.40546534620354413
aus_l3,anzsco_4digit,NSW,7114,runup_from_2020,0.2719338642932474
aus_l3,anzsco_4digit,NSW,7115,runup_from_2019,0.3360675736264094
aus_l3,anzsco_4digit,NSW,7115,runup_from_2020,0.5641810607289512
aus_l3,anzsco_4digit,NSW,7116,runup_from_2019,0.5350579664161668
aus_l3,anzsco_4digit,NSW,7116,runup_from_2020,0.5364065708103718
aus_l3,anzsco_4digit,NSW,7117,runup_from_2019,0.5088431849806587
aus_l3,anzsco_4digit,NSW,7117,runup_from_2020,0.5492526161428858
aus_l3,anzsco_4digit,NSW,7119,runup_from_2019,0.6557715065734637
aus_l3,anzsco_4digit,NSW,7119,runup_from_2020,0.7513882488805121
aus_l3,anzsco_4digit,NSW,7121,runup_from_2019,0.37312376372539013
aus_l3,anzsco_4digit,NSW,7121,runup_from_2020,0.7975898318306851
aus_l3,anzsco_4digit,NSW,7122,runup_from_2019,0.5109096630920833
aus_l3,anzsco_4digit,NSW,7122,runup_from_2020,0.9365345880808529
aus_l3,anzsco_4digit,NSW,7123,runup_from_2019,0.19818374565390018
aus_l3,anzsco_4digit,NSW,7123,runup_from_2020,0.39481484766075203
aus_l3,anzsco_4digit,NSW,7129,runup_from_2019,0.43231841435661966
aus_l3,anzsco_4digit,NSW,7129,runup_from_2020,0.5458673222584522
aus_l3,anzsco_4digit,NSW,7211,runup_from_2019,0.6773491268784504
aus_l3,anzsco_4digit,NSW,7211,runup_from_2020,0.44608810969631074
aus_l3,anzsco_4digit,NSW,7212,runup_from_2019,0.45043488867731885
aus_l3,anzsco_4digit,NSW,7212,runup_from_2020,0.5274141852060836
aus_l3,anzsco_4digit,NSW,7213,runup_from_2019,0.29041005689682997
aus_l3,anzsco_4digit,NSW,7213,runup_from_2020,0.550909396442715
aus_l3,anzsco_4digit,NSW,7219,runup_from_2019,0.4744696881451418
aus_l3,anzsco_4digit,NSW,7219,runup_from_2020,0.7630298078949824
aus_l3,anzsco_4digit,NSW,7311,runup_from_2019,0.5315765678710296
aus_l3,anzsco_4digit,NSW,7311,runup_from_2020,0.5478371707100265
aus_l3,anzsco_4digit,NSW,7312,runup_from_2019,1.0247728603739379
aus_l3,anzsco_4digit,NSW,7312,runup_from_2020,1.3926768023921352
aus_l3,anzsco_4digit,NSW,7313,runup_from_2019,1.247272632575346
aus_l3,anzsco_4digit,NSW,7313,runup_from_2020,1.0318240197066357
aus_l3,anzsco_4digit,NSW,7321,runup_from_2019,1.1559544672136912
aus_l3,anzsco_4digit,NSW,7321,runup_from_2020,1.0443214880550933
aus_l3,anzsco_4digit,NSW,7331,runup_from_2019,0.6298582299948494
aus_l3,anzsco_4digit,NSW,7331,runup_from_2020,0.795026179853604
aus_l3,anzsco_4digit,NSW,7411,runup_from_2019,0.7218075314853385
aus_l3,anzsco_4digit,NSW,7411,runup_from_2020,0.8473315757229454
aus_l3,anzsco_4digit,NSW,8111,runup_from_2019,0.5697180539626929
aus_l3,anzsco_4digit,NSW,8111,runup_from_2020,0.7795211883549644
aus_l3,anzsco_4digit,NSW,8112,runup_from_2019,1.049610201548271
aus_l3,anzsco_4digit,NSW,8112,runup_from_2020,0.8671383679487858
aus_l3,anzsco_4digit,NSW,8113,runup_from_2019,1.7508884437631989
aus_l3,anzsco_4digit,NSW,8113,runup_from_2020,0.7910373986543449
aus_l3,anzsco_4digit,NSW,8114,runup_from_2019,1.259398049497281
aus_l3,anzsco_4digit,NSW,8114,runup_from_2020,1.137061285486225
aus_l3,anzsco_4digit,NSW,8115,runup_from_2019,0.9508937666598838
aus_l3,anzsco_4digit,NSW,8115,runup_from_2020,0.6723275320286688
aus_l3,anzsco_4digit,NSW,8116,runup_from_2019,0.5211616202431824
aus_l3,anzsco_4digit,NSW,8116,runup_from_2020,0.29715267725462047
aus_l3,anzsco_4digit,NSW,8211,runup_from_2019,0.7130326996855549
aus_l3,anzsco_4digit,NSW,8211,runup_from_2020,1.0092073956464933
aus_l3,anzsco_4digit,NSW,8212,runup_from_2019,0.38756691149103384
aus_l3,anzsco_4digit,NSW,8212,runup_from_2020,0.5912427240754381
aus_l3,anzsco_4digit,NSW,8213,runup_from_2019,0.855521557711374
aus_l3,anzsco_4digit,NSW,8213,runup_from_2020,0.5365424523075346
aus_l3,anzsco_4digit,NSW,8214,runup_from_2019,0.3981524520875661
aus_l3,anzsco_4digit,NSW,8214,runup_from_2020,0.44858326261101045
aus_l3,anzsco_4digit,NSW,8215,runup_from_2019,-0.08701113634787672
aus_l3,anzsco_4digit,NSW,8215,runup_from_2020,0.6159876504978643
aus_l3,anzsco_4digit,NSW,8216,runup_from_2019,-0.20983974522214677
aus_l3,anzsco_4digit,NSW,8216,runup_from_2020,0.15195052465809078
aus_l3,anzsco_4digit,NSW,8217,runup_from_2019,0.44842007537215567
aus_l3,anzsco_4digit,NSW,8217,runup_from_2020,0.640037355245997
aus_l3,anzsco_4digit,NSW,8219,runup_from_2019,0.6492529082509497
aus_l3,anzsco_4digit,NSW,8219,runup_from_2020,0.9348920689314506
aus_l3,anzsco_4digit,NSW,8311,runup_from_2019,0.7801584972878679
aus_l3,anzsco_4digit,NSW,8311,runup_from_2020,0.6994803177240541
aus_l3,anzsco_4digit,NSW,8312,runup_from_2019,-0.05175510460658472
aus_l3,anzsco_4digit,NSW,8312,runup_from_2020,0.10715841270323834
aus_l3,anzsco_4digit,NSW,8313,runup_from_2019,0.4708773776458761
aus_l3,anzsco_4digit,NSW,8313,runup_from_2020,0.27610452655491
aus_l3,anzsco_4digit,NSW,8321,runup_from_2019,0.9690533353007478
aus_l3,anzsco_4digit,NSW,8321,runup_from_2020,0.8889926211973807
aus_l3,anzsco_4digit,NSW,8322,runup_from_2019,0.53437591133188
aus_l3,anzsco_4digit,NSW,8322,runup_from_2020,0.8986786543381684
aus_l3,anzsco_4digit,NSW,8391,runup_from_2019,0.019047721458290923
aus_l3,anzsco_4digit,NSW,8391,runup_from_2020,0.13083890101965612
aus_l3,anzsco_4digit,NSW,8392,runup_from_2019,0
aus_l3,anzsco_4digit,NSW,8392,runup_from_2020,-0.08004193844247137
aus_l3,anzsco_4digit,NSW,8393,runup_from_2019,0.34435922807761177
aus_l3,anzsco_4digit,NSW,8393,runup_from_2020,0.69668516500571
aus_l3,anzsco_4digit,NSW,8394,runup_from_2019,0.14892339207863614
aus_l3,anzsco_4digit,NSW,8394,runup_from_2020,0.0319514638105578
aus_l3,anzsco_4digit,NSW,8399,runup_from_2019,0.9477263016038933
aus_l3,anzsco_4digit,NSW,8399,runup_from_2020,0.8855190920732445
aus_l3,anzsco_4digit,NSW,8411,runup_from_2019,-0.4265189428380021
aus_l3,anzsco_4digit,NSW,8411,runup_from_2020,0.11247827218065429
aus_l3,anzsco_4digit,NSW,8412,runup_from_2019,1.1012335484290579
aus_l3,anzsco_4digit,NSW,8412,runup_from_2020,0.7834958538750874
aus_l3,anzsco_4digit,NSW,8413,runup_from_2019,0.42168485274084877
aus_l3,anzsco_4digit,NSW,8413,runup_from_2020,0.8084580699752364
aus_l3,anzsco_4digit,NSW,8414,runup_from_2019,0.9536157738282967
aus_l3,anzsco_4digit,NSW,8414,runup_from_2020,0.7923810824271547
aus_l3,anzsco_4digit,NSW,8415,runup_from_2019,0.8958918735266908
aus_l3,anzsco_4digit,NSW,8415,runup_from_2020,0.7383128494452884
aus_l3,anzsco_4digit,NSW,8416,runup_from_2019,1.1630864340215998
aus_l3,anzsco_4digit,NSW,8416,runup_from_2020,0.8094025809468275
aus_l3,anzsco_4digit,NSW,8419,runup_from_2019,0.4994940088382225
aus_l3,anzsco_4digit,NSW,8419,runup_from_2020,0.4362367554841251
aus_l3,anzsco_4digit,NSW,8511,runup_from_2019,0.5358665362951904
aus_l3,anzsco_4digit,NSW,8511,runup_from_2020,0.7501212558685113
aus_l3,anzsco_4digit,NSW,8512,runup_from_2019,0.8741745465629474
aus_l3,anzsco_4digit,NSW,8512,runup_from_2020,1.1305699703435446
aus_l3,anzsco_4digit,NSW,8513,runup_from_2019,1.3444443950814788
aus_l3,anzsco_4digit,NSW,8513,runup_from_2020,1.4550916833040421
aus_l3,anzsco_4digit,NSW,8911,runup_from_2019,0.5894572773271256
aus_l3,anzsco_4digit,NSW,8911,runup_from_2020,0.7030595910401103
aus_l3,anzsco_4digit,NSW,8912,runup_from_2019,2.1762744826885374
aus_l3,anzsco_4digit,NSW,8912,runup_from_2020,0.7841662100122635
aus_l3,anzsco_4digit,NSW,8991,runup_from_2019,0.19852276128637136
aus_l3,anzsco_4digit,NSW,8991,runup_from_2020,0.5067671099949091
aus_l3,anzsco_4digit,NSW,8992,runup_from_2019,0.46122864872831304
aus_l3,anzsco_4digit,NSW,8992,runup_from_2020,0.9162907827216158
aus_l3,anzsco_4digit,NSW,8993,runup_from_2019,0.6587139901272963
aus_l3,anzsco_4digit,NSW,8993,runup_from_2020,0.8467590371614193
aus_l3,anzsco_4digit,NSW,8994,runup_from_2019,0.5329056654132542
aus_l3,anzsco_4digit,NSW,8994,runup_from_2020,0.5862409711195262
aus_l3,anzsco_4digit,NSW,8995,runup_from_2019,0.2593826119313163
aus_l3,anzsco_4digit,NSW,8995,runup_from_2020,0.7213180718123557
aus_l3,anzsco_4digit,NSW,8996,runup_from_2019,0.7576853266975534
aus_l3,anzsco_4digit,NSW,8996,runup_from_2020,0.7965250496885365
aus_l3,anzsco_4digit,NSW,8997,runup_from_2019,0.34830711093496924
aus_l3,anzsco_4digit,NSW,8997,runup_from_2020,0.8183109901808402
aus_l3,anzsco_4digit,NSW,8999,runup_from_2019,0.5708316402570972
aus_l3,anzsco_4digit,NSW,8999,runup_from_2020,0.7552724448819941
aus_l3,anzsco_4digit,NT,1111,runup_from_2019,0.31753523762168445
aus_l3,anzsco_4digit,NT,1111,runup_from_2020,0.6313697286978077
aus_l3,anzsco_4digit,NT,1112,runup_from_2019,0.3418486045837914
aus_l3,anzsco_4digit,NT,1112,runup_from_2020,0.579244093022464
aus_l3,anzsco_4digit,NT,1211,runup_from_2019,-0.28768269745158564
aus_l3,anzsco_4digit,NT,1211,runup_from_2020,-0.08004270767353636
aus_l3,anzsco_4digit,NT,1212,runup_from_2019,-0.3398689152116919
aus_l3,anzsco_4digit,NT,1212,runup_from_2020,-0.1541519043180537
aus_l3,anzsco_4digit,NT,1213,runup_from_2019,0.5318808600929233
aus_l3,anzsco_4digit,NT,1213,runup_from_2020,0.4307832334001573
aus_l3,anzsco_4digit,NT,1214,runup_from_2019,0.27443569307073024
aus_l3,anzsco_4digit,NT,1214,runup_from_2020,0.0943110190317723
aus_l3,anzsco_4digit,NT,1311,runup_from_2019,0.16189516186593744
aus_l3,anzsco_4digit,NT,1311,runup_from_2020,0.5724754219229253
aus_l3,anzsco_4digit,NT,1321,runup_from_2019,0.45857506508355184
aus_l3,anzsco_4digit,NT,1321,runup_from_2020,0.524326494279169
aus_l3,anzsco_4digit,NT,1322,runup_from_2019,0.5389964578755411
aus_l3,anzsco_4digit,NT,1322,runup_from_2020,0.3471960528143736
aus_l3,anzsco_4digit,NT,1323,runup_from_2019,0.3427267630998623
aus_l3,anzsco_4digit,NT,1323,runup_from_2020,0.4647416842631955
aus_l3,anzsco_4digit,NT,1324,runup_from_2019,0.5957730637298417
aus_l3,anzsco_4digit,NT,1324,runup_from_2020,0.6046488617751105
aus_l3,anzsco_4digit,NT,1325,runup_from_2019,0.35086107611412376
aus_l3,anzsco_4digit,NT,1325,runup_from_2020,0.5419157865611819
aus_l3,anzsco_4digit,NT,1331,runup_from_2019,0.6206111997859001
aus_l3,anzsco_4digit,NT,1331,runup_from_2020,0.6024773908829473
aus_l3,anzsco_4digit,NT,1332,runup_from_2019,0.5083228939238319
aus_l3,anzsco_4digit,NT,1332,runup_from_2020,0.5862836448531181
aus_l3,anzsco_4digit,NT,1333,runup_from_2019,0
aus_l3,anzsco_4digit,NT,1333,runup_from_2020,-0.08004193844247137
aus_l3,anzsco_4digit,NT,1334,runup_from_2019,0.22314355131420976
aus_l3,anzsco_4digit,NT,1334,runup_from_2020,0.22314355131420976
aus_l3,anzsco_4digit,NT,1335,runup_from_2019,0.38960966746607584
aus_l3,anzsco_4digit,NT,1335,runup_from_2020,0.4862691729616393
aus_l3,anzsco_4digit,NT,1336,runup_from_2019,0.29725131247893066
aus_l3,anzsco_4digit,NT,1336,runup_from_2020,0.42858773154408913
aus_l3,anzsco_4digit,NT,1341,runup_from_2019,1.1380539621368226
aus_l3,anzsco_4digit,NT,1341,runup_from_2020,1.522196513565345
aus_l3,anzsco_4digit,NT,1342,runup_from_2019,0.6001508254795025
aus_l3,anzsco_4digit,NT,1342,runup_from_2020,0.35184405572359134
aus_l3,anzsco_4digit,NT,1343,runup_from_2019,0.08929803245138612
aus_l3,anzsco_4digit,NT,1343,runup_from_2020,0.21813102173940968
aus_l3,anzsco_4digit,NT,1344,runup_from_2019,0.3513991538942831
aus_l3,anzsco_4digit,NT,1344,runup_from_2020,0.316912790490294
aus_l3,anzsco_4digit,NT,1351,runup_from_2019,0.2604554697847252
aus_l3,anzsco_4digit,NT,1351,runup_from_2020,0.2120591612389231
aus_l3,anzsco_4digit,NT,1399,runup_from_2019,0.13638087312578384
aus_l3,anzsco_4digit,NT,1399,runup_from_2020,0.6971394026263555
aus_l3,anzsco_4digit,NT,1411,runup_from_2019,0.39334380781678524
aus_l3,anzsco_4digit,NT,1411,runup_from_2020,0.5565716455541945
aus_l3,anzsco_4digit,NT,1412,runup_from_2019,0.2047956752737744
aus_l3,anzsco_4digit,NT,1412,runup_from_2020,0.3780658486346469
aus_l3,anzsco_4digit,NT,1413,runup_from_2019,0.2745854116114481
aus_l3,anzsco_4digit,NT,1413,runup_from_2020,0.431217606421338
aus_l3,anzsco_4digit,NT,1414,runup_from_2019,0.3070260051226339
aus_l3,anzsco_4digit,NT,1414,runup_from_2020,0.2762532669103336
aus_l3,anzsco_4digit,NT,1419,runup_from_2019,-0.03738827650143817
aus_l3,anzsco_4digit,NT,1419,runup_from_2020,0.23511969761048324
aus_l3,anzsco_4digit,NT,1421,runup_from_2019,0.39348891442101674
aus_l3,anzsco_4digit,NT,1421,runup_from_2020,0.5242412582428502
aus_l3,anzsco_4digit,NT,1491,runup_from_2019,0.9832305507418568
aus_l3,anzsco_4digit,NT,1491,runup_from_2020,0.700367572418314
aus_l3,anzsco_4digit,NT,1492,runup_from_2019,0.13045319621675655
aus_l3,anzsco_4digit,NT,1492,runup_from_2020,0.4018747451526532
aus_l3,anzsco_4digit,NT,1493,runup_from_2019,0.32127281964087295
aus_l3,anzsco_4digit,NT,1493,runup_from_2020,0.640503311939379
aus_l3,anzsco_4digit,NT,1494,runup_from_2019,0.376235639284737
aus_l3,anzsco_4digit,NT,1494,runup_from_2020,0.3886584092833255
aus_l3,anzsco_4digit,NT,1499,runup_from_2019,0.2050633272454765
aus_l3,anzsco_4digit,NT,1499,runup_from_2020,0.5517571763978784
aus_l3,anzsco_4digit,NT,2111,runup_from_2019,0.6993006144143267
aus_l3,anzsco_4digit,NT,2111,runup_from_2020,0.7499438085128873
aus_l3,anzsco_4digit,NT,2112,runup_from_2019,0.02739870391780766
aus_l3,anzsco_4digit,NT,2112,runup_from_2020,0.02739870391780766
aus_l3,anzsco_4digit,NT,2113,runup_from_2019,-0.0606246953459359
aus_l3,anzsco_4digit,NT,2113,runup_from_2020,0.0210532230274042
aus_l3,anzsco_4digit,NT,2114,runup_from_2019,-0.08004193844247137
aus_l3,anzsco_4digit,NT,2114,runup_from_2020,-0.08004193844247137
aus_l3,anzsco_4digit,NT,2121,runup_from_2019,0.08515827092554232
aus_l3,anzsco_4digit,NT,2121,runup_from_2020,0.3083011555728631
aus_l3,anzsco_4digit,NT,2122,runup_from_2019,-0.39834728471621256
aus_l3,anzsco_4digit,NT,2122,runup_from_2020,0.18658693757741196
aus_l3,anzsco_4digit,NT,2123,runup_from_2019,0.46262256334255314
aus_l3,anzsco_4digit,NT,2123,runup_from_2020,0.6102602867480209
aus_l3,anzsco_4digit,NT,2124,runup_from_2019,0.48977238034832093
aus_l3,anzsco_4digit,NT,2124,runup_from_2020,0.4161604837039863
aus_l3,anzsco_4digit,NT,2211,runup_from_2019,0.08410983309931241
aus_l3,anzsco_4digit,NT,2211,runup_from_2020,0.6441396471153498
aus_l3,anzsco_4digit,NT,2212,runup_from_2019,0.1670540247231065
aus_l3,anzsco_4digit,NT,2212,runup_from_2020,0.9413266417178916
aus_l3,anzsco_4digit,NT,2221,runup_from_2019,0.14107852648953534
aus_l3,anzsco_4digit,NT,2221,runup_from_2020,0.2363877517484274
aus_l3,anzsco_4digit,NT,2222,runup_from_2019,0.6517623755124583
aus_l3,anzsco_4digit,NT,2222,runup_from_2020,0.5250118281754566
aus_l3,anzsco_4digit,NT,2223,runup_from_2019,0.3273762175012658
aus_l3,anzsco_4digit,NT,2223,runup_from_2020,0.6582308139308697
aus_l3,anzsco_4digit,NT,2231,runup_from_2019,0.3486675082808821
aus_l3,anzsco_4digit,NT,2231,runup_from_2020,0.4145975788035705
aus_l3,anzsco_4digit,NT,2232,runup_from_2019,0
aus_l3,anzsco_4digit,NT,2232,runup_from_2020,0.08004193844247137
aus_l3,anzsco_4digit,NT,2233,runup_from_2019,0.31886483534037824
aus_l3,anzsco_4digit,NT,2233,runup_from_2020,0.2574421824328357
aus_l3,anzsco_4digit,NT,2241,runup_from_2019,0.12861668816668348
aus_l3,anzsco_4digit,NT,2241,runup_from_2020,0.39688144399242775
aus_l3,anzsco_4digit,NT,2242,runup_from_2019,1.0731328856556308
aus_l3,anzsco_4digit,NT,2242,runup_from_2020,1.0003737200524299
aus_l3,anzsco_4digit,NT,2243,runup_from_2019,0.3136578928632587
aus_l3,anzsco_4digit,NT,2243,runup_from_2020,0.3677245878176065
aus_l3,anzsco_4digit,NT,2244,runup_from_2019,0.7020888503402138
aus_l3,anzsco_4digit,NT,2244,runup_from_2020,0.5318158434578344
aus_l3,anzsco_4digit,NT,2245,runup_from_2019,0.37267527453248184
aus_l3,anzsco_4digit,NT,2245,runup_from_2020,0.32542237479359404
aus_l3,anzsco_4digit,NT,2246,runup_from_2019,0.9022393996558986
aus_l3,anzsco_4digit,NT,2246,runup_from_2020,0.6931477465977346
aus_l3,anzsco_4digit,NT,2247,runup_from_2019,0.7688261145755173
aus_l3,anzsco_4digit,NT,2247,runup_from_2020,0.4624520977908113
aus_l3,anzsco_4digit,NT,2249,runup_from_2019,0.9047965531090396
aus_l3,anzsco_4digit,NT,2249,runup_from_2020,0.8492264239619498
aus_l3,anzsco_4digit,NT,2251,runup_from_2019,0.22388143410223593
aus_l3,anzsco_4digit,NT,2251,runup_from_2020,0.8843576133425768
aus_l3,anzsco_4digit,NT,2252,runup_from_2019,0.041672279552979585
aus_l3,anzsco_4digit,NT,2252,runup_from_2020,0.17824924683760396
aus_l3,anzsco_4digit,NT,2253,runup_from_2019,0.6390800638780623
aus_l3,anzsco_4digit,NT,2253,runup_from_2020,0.7685709143138548
aus_l3,anzsco_4digit,NT,2254,runup_from_2019,0.10863321901630651
aus_l3,anzsco_4digit,NT,2254,runup_from_2020,0.15906509016740739
aus_l3,anzsco_4digit,NT,2311,runup_from_2019,0.5280672128092159
aus_l3,anzsco_4digit,NT,2311,runup_from_2020,0.840200499506546
aus_l3,anzsco_4digit,NT,2312,runup_from_2019,0.9313034733423124
aus_l3,anzsco_4digit,NT,2312,runup_from_2020,1.2217905683957677
aus_l3,anzsco_4digit,NT,2321,runup_from_2019,0.17904836163223625
aus_l3,anzsco_4digit,NT,2321,runup_from_2020,0.25014451551420414
aus_l3,anzsco_4digit,NT,2322,runup_from_2019,0.2998770410280216
aus_l3,anzsco_4digit,NT,2322,runup_from_2020,0.24613277144164702
aus_l3,anzsco_4digit,NT,2323,runup_from_2019,-0.15414925125480938
aus_l3,anzsco_4digit,NT,2323,runup_from_2020,-0.08004193844247137
aus_l3,anzsco_4digit,NT,2324,runup_from_2019,0.7719282596054217
aus_l3,anzsco_4digit,NT,2324,runup_from_2020,0.5923417529198566
aus_l3,anzsco_4digit,NT,2325,runup_from_2019,0.1957441807295131
aus_l3,anzsco_4digit,NT,2325,runup_from_2020,0.1431009462048494
aus_l3,anzsco_4digit,NT,2326,runup_from_2019,0.22957463188428828
aus_l3,anzsco_4digit,NT,2326,runup_from_2020,0.6678293853961618
aus_l3,anzsco_4digit,NT,2331,runup_from_2019,0.3285030669715361
aus_l3,anzsco_4digit,NT,2331,runup_from_2020,-0.03922209776909191
aus_l3,anzsco_4digit,NT,2332,runup_from_2019,0.6899471618548336
aus_l3,anzsco_4digit,NT,2332,runup_from_2020,0.7977956634484937
aus_l3,anzsco_4digit,NT,2333,runup_from_2019,0.382992365892463
aus_l3,anzsco_4digit,NT,2333,runup_from_2020,0.7317619728437794
aus_l3,anzsco_4digit,NT,2334,runup_from_2019,0.26415198617116603
aus_l3,anzsco_4digit,NT,2334,runup_from_2020,0.28768225102319356
aus_l3,anzsco_4digit,NT,2335,runup_from_2019,0.1964560321416715
aus_l3,anzsco_4digit,NT,2335,runup_from_2020,0.48770306348800396
aus_l3,anzsco_4digit,NT,2336,runup_from_2019,0.4700037748768069
aus_l3,anzsco_4digit,NT,2336,runup_from_2020,0.7227059813451793
aus_l3,anzsco_4digit,NT,2339,runup_from_2019,0.7343055824110032
aus_l3,anzsco_4digit,NT,2339,runup_from_2020,0.8594679858693601
aus_l3,anzsco_4digit,NT,2341,runup_from_2019,-1.4634153480130863e-6
aus_l3,anzsco_4digit,NT,2341,runup_from_2020,-0.09309097591206164
aus_l3,anzsco_4digit,NT,2342,runup_from_2019,0.7368228805098592
aus_l3,anzsco_4digit,NT,2342,runup_from_2020,0.9335324992897
aus_l3,anzsco_4digit,NT,2343,runup_from_2019,0.6177978451414385
aus_l3,anzsco_4digit,NT,2343,runup_from_2020,0.5986279284212235
aus_l3,anzsco_4digit,NT,2344,runup_from_2019,0.42285697526908894
aus_l3,anzsco_4digit,NT,2344,runup_from_2020,0.46901925680495826
aus_l3,anzsco_4digit,NT,2345,runup_from_2019,0.7268202677521466
aus_l3,anzsco_4digit,NT,2345,runup_from_2020,0.24659503219432843
aus_l3,anzsco_4digit,NT,2346,runup_from_2019,0.22054263974403088
aus_l3,anzsco_4digit,NT,2346,runup_from_2020,0.1698994071658363
aus_l3,anzsco_4digit,NT,2347,runup_from_2019,0.21007176092927837
aus_l3,anzsco_4digit,NT,2347,runup_from_2020,0.6826763017451929
aus_l3,anzsco_4digit,NT,2349,runup_from_2019,-0.2903097746342185
aus_l3,anzsco_4digit,NT,2349,runup_from_2020,0.08796887820910948
aus_l3,anzsco_4digit,NT,2411,runup_from_2019,0.8391009146116124
aus_l3,anzsco_4digit,NT,2411,runup_from_2020,0.8074641466481562
aus_l3,anzsco_4digit,NT,2412,runup_from_2019,0.36624420264720925
aus_l3,anzsco_4digit,NT,2412,runup_from_2020,0.5108256237659907
aus_l3,anzsco_4digit,NT,2413,runup_from_2019,-0.19105480198000602
aus_l3,anzsco_4digit,NT,2413,runup_from_2020,0.37948962170490386
aus_l3,anzsco_4digit,NT,2414,runup_from_2019,0.25189316702932496
aus_l3,anzsco_4digit,NT,2414,runup_from_2020,0.5121763328605613
aus_l3,anzsco_4digit,NT,2415,runup_from_2019,-0.2831257552933119
aus_l3,anzsco_4digit,NT,2415,runup_from_2020,0.03704201267520851
aus_l3,anzsco_4digit,NT,2421,runup_from_2019,0.8323440113584839
aus_l3,anzsco_4digit,NT,2421,runup_from_2020,0.7694302548424281
aus_l3,anzsco_4digit,NT,2422,runup_from_2019,0.5780786779223979
aus_l3,anzsco_4digit,NT,2422,runup_from_2020,0.47489422429583905
aus_l3,anzsco_4digit,NT,2491,runup_from_2019,0.07796118673982322
aus_l3,anzsco_4digit,NT,2491,runup_from_2020,0.23889080709179056
aus_l3,anzsco_4digit,NT,2492,runup_from_2019,0.05798799551051348
aus_l3,anzsco_4digit,NT,2492,runup_from_2020,0.4340394909628765
aus_l3,anzsco_4digit,NT,2493,runup_from_2019,-0.05264323452466371
aus_l3,anzsco_4digit,NT,2493,runup_from_2020,0.02739870391780766
aus_l3,anzsco_4digit,NT,2511,runup_from_2019,0.7985082438369302
aus_l3,anzsco_4digit,NT,2511,runup_from_2020,0.43078342708155937
aus_l3,anzsco_4digit,NT,2512,runup_from_2019,0.38434155319486685
aus_l3,anzsco_4digit,NT,2512,runup_from_2020,0.8302162037237908
aus_l3,anzsco_4digit,NT,2513,runup_from_2019,0.5113531521167687
aus_l3,anzsco_4digit,NT,2513,runup_from_2020,0.3396417605386124
aus_l3,anzsco_4digit,NT,2514,runup_from_2019,0.9431989933218755
aus_l3,anzsco_4digit,NT,2514,runup_from_2020,1.1438692342384689
aus_l3,anzsco_4digit,NT,2515,runup_from_2019,0.09398237079139804
aus_l3,anzsco_4digit,NT,2515,runup_from_2020,0.5423244144134007
aus_l3,anzsco_4digit,NT,2519,runup_from_2019,0.07729168094273309
aus_l3,anzsco_4digit,NT,2519,runup_from_2020,0.23144289648446847
aus_l3,anzsco_4digit,NT,2521,runup_from_2019,-0.08004193844247137
aus_l3,anzsco_4digit,NT,2521,runup_from_2020,-0.08004193844247137
aus_l3,anzsco_4digit,NT,2522,runup_from_2019,0.8446965588008364
aus_l3,anzsco_4digit,NT,2522,runup_from_2020,0.7248965290764515
aus_l3,anzsco_4digit,NT,2523,runup_from_2019,0.5055486982441031
aus_l3,anzsco_4digit,NT,2523,runup_from_2020,0.4174411786729597
aus_l3,anzsco_4digit,NT,2524,runup_from_2019,0.5603557879774046
aus_l3,anzsco_4digit,NT,2524,runup_from_2020,0.06099449511883037
aus_l3,anzsco_4digit,NT,2525,runup_from_2019,-0.014842480406131564
aus_l3,anzsco_4digit,NT,2525,runup_from_2020,0.08378806778687542
aus_l3,anzsco_4digit,NT,2526,runup_from_2019,0.5570157335083571
aus_l3,anzsco_4digit,NT,2526,runup_from_2020,0.6523261860401901
aus_l3,anzsco_4digit,NT,2527,runup_from_2019,0.6685758712857519
aus_l3,anzsco_4digit,NT,2527,runup_from_2020,0.05628080958280046
aus_l3,anzsco_4digit,NT,2531,runup_from_2019,0.5982819499640191
aus_l3,anzsco_4digit,NT,2531,runup_from_2020,0.24145866391499604
aus_l3,anzsco_4digit,NT,2532,runup_from_2019,0.4399509630372755
aus_l3,anzsco_4digit,NT,2532,runup_from_2020,0.20633558553984227
aus_l3,anzsco_4digit,NT,2533,runup_from_2019,0.4477674286272544
aus_l3,anzsco_4digit,NT,2533,runup_from_2020,0.06414412552562343
aus_l3,anzsco_4digit,NT,2534,runup_from_2019,0.2623646271048399
aus_l3,anzsco_4digit,NT,2534,runup_from_2020,-0.1525795564942488
aus_l3,anzsco_4digit,NT,2535,runup_from_2019,-0.1490357027869642
aus_l3,anzsco_4digit,NT,2535,runup_from_2020,0.1335313160938449
aus_l3,anzsco_4digit,NT,2539,runup_from_2019,0.7198155556648409
aus_l3,anzsco_4digit,NT,2539,runup_from_2020,0.8191878661057524
aus_l3,anzsco_4digit,NT,2541,runup_from_2019,1.5373341370212694
aus_l3,anzsco_4digit,NT,2541,runup_from_2020,1.4243936751864128
aus_l3,anzsco_4digit,NT,2542,runup_from_2019,0.5061093172421327
aus_l3,anzsco_4digit,NT,2542,runup_from_2020,0.6049549410307129
aus_l3,anzsco_4digit,NT,2543,runup_from_2019,0.3225773914842165
aus_l3,anzsco_4digit,NT,2543,runup_from_2020,0.4691808567048006
aus_l3,anzsco_4digit,NT,2544,runup_from_2019,0.5976233048473532
aus_l3,anzsco_4digit,NT,2544,runup_from_2020,0.52966695326759
aus_l3,anzsco_4digit,NT,2611,runup_from_2019,0.4383300465398645
aus_l3,anzsco_4digit,NT,2611,runup_from_2020,0.41301228401012136
aus_l3,anzsco_4digit,NT,2612,runup_from_2019,0.49643831488633994
aus_l3,anzsco_4digit,NT,2612,runup_from_2020,0.38395932841920616
aus_l3,anzsco_4digit,NT,2613,runup_from_2019,0.6978530951822641
aus_l3,anzsco_4digit,NT,2613,runup_from_2020,0.6791610774741041
aus_l3,anzsco_4digit,NT,2621,runup_from_2019,0.19065830862772737
aus_l3,anzsco_4digit,NT,2621,runup_from_2020,0.5892973146791809
aus_l3,anzsco_4digit,NT,2631,runup_from_2019,0.4613454259479004
aus_l3,anzsco_4digit,NT,2631,runup_from_2020,0.23820161601305667
aus_l3,anzsco_4digit,NT,2632,runup_from_2019,0.7874004589317984
aus_l3,anzsco_4digit,NT,2632,runup_from_2020,0.9650810547737331
aus_l3,anzsco_4digit,NT,2633,runup_from_2019,-0.5065616505115387
aus_l3,anzsco_4digit,NT,2633,runup_from_2020,-0.42651935950458203
aus_l3,anzsco_4digit,NT,2711,runup_from_2019,0.23556622756277912
aus_l3,anzsco_4digit,NT,2711,runup_from_2020,0.35139788683788853
aus_l3,anzsco_4digit,NT,2713,runup_from_2019,0.20763942727824247
aus_l3,anzsco_4digit,NT,2713,runup_from_2020,0.5073595128915795
aus_l3,anzsco_4digit,NT,2721,runup_from_2019,0.4069323350072045
aus_l3,anzsco_4digit,NT,2721,runup_from_2020,0.3164395366011825
aus_l3,anzsco_4digit,NT,2722,runup_from_2019,0.20763929266288494
aus_l3,anzsco_4digit,NT,2722,runup_from_2020,0.20763986958590636
aus_l3,anzsco_4digit,NT,2723,runup_from_2019,0.1792727245354171
aus_l3,anzsco_4digit,NT,2723,runup_from_2020,0.08354756860752355
aus_l3,anzsco_4digit,NT,2724,runup_from_2019,0.5671948978680221
aus_l3,anzsco_4digit,NT,2724,runup_from_2020,0.5209438210456672
aus_l3,anzsco_4digit,NT,2725,runup_from_2019,0.14348745799532514
aus_l3,anzsco_4digit,NT,2725,runup_from_2020,0.10257262648417598
aus_l3,anzsco_4digit,NT,2726,runup_from_2019,0.2848445740731602
aus_l3,anzsco_4digit,NT,2726,runup_from_2020,0.24217595186350582
aus_l3,anzsco_4digit,NT,3111,runup_from_2019,0.6649764178789566
aus_l3,anzsco_4digit,NT,3111,runup_from_2020,0.5013468054179271
aus_l3,anzsco_4digit,NT,3112,runup_from_2019,0.24783591238023805
aus_l3,anzsco_4digit,NT,3112,runup_from_2020,0.22466886025518984
aus_l3,anzsco_4digit,NT,3113,runup_from_2019,0.42050260894626107
aus_l3,anzsco_4digit,NT,3113,runup_from_2020,0.46702356613982476
aus_l3,anzsco_4digit,NT,3114,runup_from_2019,0.26933269893502915
aus_l3,anzsco_4digit,NT,3114,runup_from_2020,0.05715785011438235
aus_l3,anzsco_4digit,NT,3121,runup_from_2019,0.4875624435573971
aus_l3,anzsco_4digit,NT,3121,runup_from_2020,0.2719336292767487
aus_l3,anzsco_4digit,NT,3122,runup_from_2019,1.0749424248217188
aus_l3,anzsco_4digit,NT,3122,runup_from_2020,0.748545966771534
aus_l3,anzsco_4digit,NT,3123,runup_from_2019,0.40546579776357466
aus_l3,anzsco_4digit,NT,3123,runup_from_2020,0.16184329572072087
aus_l3,anzsco_4digit,NT,3124,runup_from_2019,0.08961260065394427
aus_l3,anzsco_4digit,NT,3124,runup_from_2020,0.04380260986521978
aus_l3,anzsco_4digit,NT,3125,runup_from_2019,0.4533200737608495
aus_l3,anzsco_4digit,NT,3125,runup_from_2020,0.8226811909940241
aus_l3,anzsco_4digit,NT,3126,runup_from_2019,0.265281545004473
aus_l3,anzsco_4digit,NT,3126,runup_from_2020,0.400622821327696
aus_l3,anzsco_4digit,NT,3129,runup_from_2019,-0.07707980189005825
aus_l3,anzsco_4digit,NT,3129,runup_from_2020,0.35850821676351696
aus_l3,anzsco_4digit,NT,3131,runup_from_2019,0.36665977590093135
aus_l3,anzsco_4digit,NT,3131,runup_from_2020,0.42728400844399106
aus_l3,anzsco_4digit,NT,3132,runup_from_2019,0.45953232937844013
aus_l3,anzsco_4digit,NT,3132,runup_from_2020,5.263159279511598e-7
aus_l3,anzsco_4digit,NT,3211,runup_from_2019,0.45006943341945105
aus_l3,anzsco_4digit,NT,3211,runup_from_2020,0.19583532403628623
aus_l3,anzsco_4digit,NT,3212,runup_from_2019,0.6866424665849955
aus_l3,anzsco_4digit,NT,3212,runup_from_2020,0.8229017871502111
aus_l3,anzsco_4digit,NT,3221,runup_from_2019,0
aus_l3,anzsco_4digit,NT,3221,runup_from_2020,0
aus_l3,anzsco_4digit,NT,3222,runup_from_2019,0.11715487240789457
aus_l3,anzsco_4digit,NT,3222,runup_from_2020,0.18735911875448874
aus_l3,anzsco_4digit,NT,3223,runup_from_2019,0.7114514243611554
aus_l3,anzsco_4digit,NT,3223,runup_from_2020,0.7213526184965686
aus_l3,anzsco_4digit,NT,3231,runup_from_2019,0.8252069171272888
aus_l3,anzsco_4digit,NT,3231,runup_from_2020,0.9371252420001362
aus_l3,anzsco_4digit,NT,3232,runup_from_2019,0.3513407919153515
aus_l3,anzsco_4digit,NT,3232,runup_from_2020,0.48124404897267015
aus_l3,anzsco_4digit,NT,3233,runup_from_2019,0.24256166432061632
aus_l3,anzsco_4digit,NT,3233,runup_from_2020,0.3677253955097434
aus_l3,anzsco_4digit,NT,3234,runup_from_2019,0.08004193844247137
aus_l3,anzsco_4digit,NT,3234,runup_from_2020,0.08004193844247137
aus_l3,anzsco_4digit,NT,3241,runup_from_2019,0.4450741491158269
aus_l3,anzsco_4digit,NT,3241,runup_from_2020,0.6093770218356905
aus_l3,anzsco_4digit,NT,3242,runup_from_2019,0.08004193844247137
aus_l3,anzsco_4digit,NT,3242,runup_from_2020,0.08004193844247137
aus_l3,anzsco_4digit,NT,3243,runup_from_2019,0.26072652406081837
aus_l3,anzsco_4digit,NT,3243,runup_from_2020,0.30421121046855176
aus_l3,anzsco_4digit,NT,3311,runup_from_2019,0.7932311654328559
aus_l3,anzsco_4digit,NT,3311,runup_from_2020,0.7419383447298773
aus_l3,anzsco_4digit,NT,3312,runup_from_2019,0.5902587550376119
aus_l3,anzsco_4digit,NT,3312,runup_from_2020,0.37706561358646695
aus_l3,anzsco_4digit,NT,3321,runup_from_2019,-0.022474674035529607
aus_l3,anzsco_4digit,NT,3321,runup_from_2020,0.046519626023870775
aus_l3,anzsco_4digit,NT,3322,runup_from_2019,0.836428110677043
aus_l3,anzsco_4digit,NT,3322,runup_from_2020,0.7386638489063915
aus_l3,anzsco_4digit,NT,3331,runup_from_2019,0.05334583660284897
aus_l3,anzsco_4digit,NT,3331,runup_from_2020,-0.02564217416092973
aus_l3,anzsco_4digit,NT,3332,runup_from_2019,0.25131371399544683
aus_l3,anzsco_4digit,NT,3332,runup_from_2020,0.18232255679445453
aus_l3,anzsco_4digit,NT,3333,runup_from_2019,0.6151863688204265
aus_l3,anzsco_4digit,NT,3333,runup_from_2020,0.4328650620267533
aus_l3,anzsco_4digit,NT,3334,runup_from_2019,0.38484747056527874
aus_l3,anzsco_4digit,NT,3334,runup_from_2020,0.10227906706897838
aus_l3,anzsco_4digit,NT,3341,runup_from_2019,0.2574556552352276
aus_l3,anzsco_4digit,NT,3341,runup_from_2020,0.45175844195432235
aus_l3,anzsco_4digit,NT,3411,runup_from_2019,0.6949687111182392
aus_l3,anzsco_4digit,NT,3411,runup_from_2020,0.7865483638566979
aus_l3,anzsco_4digit,NT,3421,runup_from_2019,0.07889401143517771
aus_l3,anzsco_4digit,NT,3421,runup_from_2020,0.4298991317395857
aus_l3,anzsco_4digit,NT,3422,runup_from_2019,-0.11778129954485034
aus_l3,anzsco_4digit,NT,3422,runup_from_2020,0.06453847947093136
aus_l3,anzsco_4digit,NT,3423,runup_from_2019,0.6733444591461417
aus_l3,anzsco_4digit,NT,3423,runup_from_2020,0.6831972477265789
aus_l3,anzsco_4digit,NT,3424,runup_from_2019,0.41197972419429085
aus_l3,anzsco_4digit,NT,3424,runup_from_2020,0.4936575424426233
aus_l3,anzsco_4digit,NT,3511,runup_from_2019,0.5663950281475802
aus_l3,anzsco_4digit,NT,3511,runup_from_2020,0.7610373122035148
aus_l3,anzsco_4digit,NT,3512,runup_from_2019,0.760807202865966
aus_l3,anzsco_4digit,NT,3512,runup_from_2020,0.5952926118458788
aus_l3,anzsco_4digit,NT,3513,runup_from_2019,0.45912740378754835
aus_l3,anzsco_4digit,NT,3513,runup_from_2020,0.5655568655544774
aus_l3,anzsco_4digit,NT,3514,runup_from_2019,0.5187937760238635
aus_l3,anzsco_4digit,NT,3514,runup_from_2020,0.8545706197162835
aus_l3,anzsco_4digit,NT,3611,runup_from_2019,-0.035090968826049396
aus_l3,anzsco_4digit,NT,3611,runup_from_2020,0.09352682481770336
aus_l3,anzsco_4digit,NT,3612,runup_from_2019,0
aus_l3,anzsco_4digit,NT,3612,runup_from_2020,0
aus_l3,anzsco_4digit,NT,3613,runup_from_2019,0.0953108811031812
aus_l3,anzsco_4digit,NT,3613,runup_from_2020,0.3925614485270674
aus_l3,anzsco_4digit,NT,3621,runup_from_2019,0.21256026617049262
aus_l3,anzsco_4digit,NT,3621,runup_from_2020,0.08894671412037883
aus_l3,anzsco_4digit,NT,3622,runup_from_2019,0.8035531906255402
aus_l3,anzsco_4digit,NT,3622,runup_from_2020,0.7919478770703232
aus_l3,anzsco_4digit,NT,3623,runup_from_2019,0.6876977112164921
aus_l3,anzsco_4digit,NT,3623,runup_from_2020,1.0047933768563755
aus_l3,anzsco_4digit,NT,3624,runup_from_2019,-0.21667178460877845
aus_l3,anzsco_4digit,NT,3624,runup_from_2020,-0.43721458263199575
aus_l3,anzsco_4digit,NT,3911,runup_from_2019,1.0015662046105234
aus_l3,anzsco_4digit,NT,3911,runup_from_2020,0.657689846012554
aus_l3,anzsco_4digit,NT,3921,runup_from_2019,-0.1431016128717384
aus_l3,anzsco_4digit,NT,3921,runup_from_2020,0.08004193844247137
aus_l3,anzsco_4digit,NT,3922,runup_from_2019,0.4499173252245561
aus_l3,anzsco_4digit,NT,3922,runup_from_2020,0.3629061186895637
aus_l3,anzsco_4digit,NT,3923,runup_from_2019,0
aus_l3,anzsco_4digit,NT,3923,runup_from_2020,0.15414925125480938
aus_l3,anzsco_4digit,NT,3931,runup_from_2019,0
aus_l3,anzsco_4digit,NT,3931,runup_from_2020,0
aus_l3,anzsco_4digit,NT,3932,runup_from_2019,0.1776816423536233
aus_l3,anzsco_4digit,NT,3932,runup_from_2020,-0.04546124229369766
aus_l3,anzsco_4digit,NT,3933,runup_from_2019,-0.08004193844247137
aus_l3,anzsco_4digit,NT,3933,runup_from_2020,-0.15415067982725836
aus_l3,anzsco_4digit,NT,3941,runup_from_2019,0.3184543371789571
aus_l3,anzsco_4digit,NT,3941,runup_from_2020,-0.04927053910020196
aus_l3,anzsco_4digit,NT,3942,runup_from_2019,0.08004193844247137
aus_l3,anzsco_4digit,NT,3942,runup_from_2020,-0.14310027953751614
aus_l3,anzsco_4digit,NT,3991,runup_from_2019,0.1776795493291507
aus_l3,anzsco_4digit,NT,3991,runup_from_2020,0.1776795493291507
aus_l3,anzsco_4digit,NT,3992,runup_from_2019,0.4855078446278508
aus_l3,anzsco_4digit,NT,3992,runup_from_2020,0.4980872581639453
aus_l3,anzsco_4digit,NT,3993,runup_from_2019,-0.06453789613737587
aus_l3,anzsco_4digit,NT,3993,runup_from_2020,0.11778403565688343
aus_l3,anzsco_4digit,NT,3994,runup_from_2019,0.20066887727868016
aus_l3,anzsco_4digit,NT,3994,runup_from_2020,0.046519626023870775
aus_l3,anzsco_4digit,NT,3995,runup_from_2019,0.17904855931778418
aus_l3,anzsco_4digit,NT,3995,runup_from_2020,0.527355253586
aus_l3,anzsco_4digit,NT,3996,runup_from_2019,0.13005190873525913
aus_l3,anzsco_4digit,NT,3996,runup_from_2020,0.05000997029278775
aus_l3,anzsco_4digit,NT,3999,runup_from_2019,0.4580826842688155
aus_l3,anzsco_4digit,NT,3999,runup_from_2020,0.9801847991955297
aus_l3,anzsco_4digit,NT,4111,runup_from_2019,0.40846394125496555
aus_l3,anzsco_4digit,NT,4111,runup_from_2020,0.42664580658162743
aus_l3,anzsco_4digit,NT,4112,runup_from_2019,0.6013397274606641
aus_l3,anzsco_4digit,NT,4112,runup_from_2020,0.14458165829833824
aus_l3,anzsco_4digit,NT,4113,runup_from_2019,0.08576683402485674
aus_l3,anzsco_4digit,NT,4113,runup_from_2020,-0.05334624756172501
aus_l3,anzsco_4digit,NT,4114,runup_from_2019,0.4206744298296101
aus_l3,anzsco_4digit,NT,4114,runup_from_2020,0.31187200012658134
aus_l3,anzsco_4digit,NT,4115,runup_from_2019,-0.293161975975321
aus_l3,anzsco_4digit,NT,4115,runup_from_2020,0.09201830690254142
aus_l3,anzsco_4digit,NT,4116,runup_from_2019,0.35794029558339524
aus_l3,anzsco_4digit,NT,4116,runup_from_2020,0.37067919964704144
aus_l3,anzsco_4digit,NT,4117,runup_from_2019,0.5165033822198262
aus_l3,anzsco_4digit,NT,4117,runup_from_2020,0.5552023354280946
aus_l3,anzsco_4digit,NT,4211,runup_from_2019,0.55375445892648
aus_l3,anzsco_4digit,NT,4211,runup_from_2020,0.8847869316880104
aus_l3,anzsco_4digit,NT,4221,runup_from_2019,0.23170894847741597
aus_l3,anzsco_4digit,NT,4221,runup_from_2020,0.4721382276832835
aus_l3,anzsco_4digit,NT,4231,runup_from_2019,0.7343978433660223
aus_l3,anzsco_4digit,NT,4231,runup_from_2020,0.503018762977983
aus_l3,anzsco_4digit,NT,4232,runup_from_2019,0.9906238778453915
aus_l3,anzsco_4digit,NT,4232,runup_from_2020,0.32947899145972825
aus_l3,anzsco_4digit,NT,4233,runup_from_2019,1.2909842813155605
aus_l3,anzsco_4digit,NT,4233,runup_from_2020,0.8022182269154285
aus_l3,anzsco_4digit,NT,4234,runup_from_2019,0.12921287568076772
aus_l3,anzsco_4digit,NT,4234,runup_from_2020,0.09531063434967624
aus_l3,anzsco_4digit,NT,4311,runup_from_2019,0.40690082263534233
aus_l3,anzsco_4digit,NT,4311,runup_from_2020,0.7032408924254439
aus_l3,anzsco_4digit,NT,4312,runup_from_2019,0.07816492322526503
aus_l3,anzsco_4digit,NT,4312,runup_from_2020,0.5336412211391557
aus_l3,anzsco_4digit,NT,4313,runup_from_2019,0.055879914916047935
aus_l3,anzsco_4digit,NT,4313,runup_from_2020,0.39465300336445786
aus_l3,anzsco_4digit,NT,4314,runup_from_2019,0.5245242253374369
aus_l3,anzsco_4digit,NT,4314,runup_from_2020,0.4740943722759917
aus_l3,anzsco_4digit,NT,4315,runup_from_2019,0.8181998875601599
aus_l3,anzsco_4digit,NT,4315,runup_from_2020,1.1203703505714269
aus_l3,anzsco_4digit,NT,4412,runup_from_2019,0.20479418537331184
aus_l3,anzsco_4digit,NT,4412,runup_from_2020,0.4924764850977942
aus_l3,anzsco_4digit,NT,4413,runup_from_2019,0.14571248914726548
aus_l3,anzsco_4digit,NT,4413,runup_from_2020,0.12629517252122907
aus_l3,anzsco_4digit,NT,4421,runup_from_2019,0.6931468680598964
aus_l3,anzsco_4digit,NT,4421,runup_from_2020,0.5940546446618207
aus_l3,anzsco_4digit,NT,4422,runup_from_2019,0.40326495332626333
aus_l3,anzsco_4digit,NT,4422,runup_from_2020,0.060532921733941425
aus_l3,anzsco_4digit,NT,4511,runup_from_2019,0.5373365419210658
aus_l3,anzsco_4digit,NT,4511,runup_from_2020,0.428995502735966
aus_l3,anzsco_4digit,NT,4512,runup_from_2019,0.325423169665693
aus_l3,anzsco_4digit,NT,4512,runup_from_2020,0.4054651081081644
aus_l3,anzsco_4digit,NT,4513,runup_from_2019,0.025319077215229982
aus_l3,anzsco_4digit,NT,4513,runup_from_2020,0.10536101565770135
aus_l3,anzsco_4digit,NT,4514,runup_from_2019,0.19506062229874255
aus_l3,anzsco_4digit,NT,4514,runup_from_2020,1.0736113099507572
aus_l3,anzsco_4digit,NT,4515,runup_from_2019,-0.08004193844247137
aus_l3,anzsco_4digit,NT,4515,runup_from_2020,-0.08004193844247137
aus_l3,anzsco_4digit,NT,4516,runup_from_2019,-0.07216271362102145
aus_l3,anzsco_4digit,NT,4516,runup_from_2020,0.7563258780998234
aus_l3,anzsco_4digit,NT,4517,runup_from_2019,0.3956126107332155
aus_l3,anzsco_4digit,NT,4517,runup_from_2020,0.6077870183773595
aus_l3,anzsco_4digit,NT,4521,runup_from_2019,0.1555641781060202
aus_l3,anzsco_4digit,NT,4521,runup_from_2020,0.14571198067290458
aus_l3,anzsco_4digit,NT,4522,runup_from_2019,0.3732047962414726
aus_l3,anzsco_4digit,NT,4522,runup_from_2020,0.44731282334029016
aus_l3,anzsco_4digit,NT,4523,runup_from_2019,0.4231201315148234
aus_l3,anzsco_4digit,NT,4523,runup_from_2020,0.6782585688051106
aus_l3,anzsco_4digit,NT,4524,runup_from_2019,0.4198541436971247
aus_l3,anzsco_4digit,NT,4524,runup_from_2020,0.32322578054793716
aus_l3,anzsco_4digit,NT,5111,runup_from_2019,0.5192485048939575
aus_l3,anzsco_4digit,NT,5111,runup_from_2020,0.658055853191577
aus_l3,anzsco_4digit,NT,5121,runup_from_2019,0.32997164434952664
aus_l3,anzsco_4digit,NT,5121,runup_from_2020,0.4787373247424407
aus_l3,anzsco_4digit,NT,5122,runup_from_2019,1.3555222088452847
aus_l3,anzsco_4digit,NT,5122,runup_from_2020,1.2547181012549813
aus_l3,anzsco_4digit,NT,5211,runup_from_2019,-0.7602866267958619
aus_l3,anzsco_4digit,NT,5211,runup_from_2020,-0.6861787895072744
aus_l3,anzsco_4digit,NT,5212,runup_from_2019,0.6735770448401555
aus_l3,anzsco_4digit,NT,5212,runup_from_2020,1.1831114483263994
aus_l3,anzsco_4digit,NT,5311,runup_from_2019,0.524655710024085
aus_l3,anzsco_4digit,NT,5311,runup_from_2020,0.6966283229038615
aus_l3,anzsco_4digit,NT,5321,runup_from_2019,0.2738888873057559
aus_l3,anzsco_4digit,NT,5321,runup_from_2020,0.22054302935444603
aus_l3,anzsco_4digit,NT,5411,runup_from_2019,0.8723878387443085
aus_l3,anzsco_4digit,NT,5411,runup_from_2020,0.9822326216040111
aus_l3,anzsco_4digit,NT,5412,runup_from_2019,0.6974115367932106
aus_l3,anzsco_4digit,NT,5412,runup_from_2020,0.8494277440918363
aus_l3,anzsco_4digit,NT,5421,runup_from_2019,0.8340315843900963
aus_l3,anzsco_4digit,NT,5421,runup_from_2020,1.0772083564755448
aus_l3,anzsco_4digit,NT,5511,runup_from_2019,0.25482624942797516
aus_l3,anzsco_4digit,NT,5511,runup_from_2020,0.6589728603462763
aus_l3,anzsco_4digit,NT,5512,runup_from_2019,0.12959277379697376
aus_l3,anzsco_4digit,NT,5512,runup_from_2020,0.2640233306563391
aus_l3,anzsco_4digit,NT,5513,runup_from_2019,0.35914099333047655
aus_l3,anzsco_4digit,NT,5513,runup_from_2020,0.5050946202393116
aus_l3,anzsco_4digit,NT,5521,runup_from_2019,0.718634838937855
aus_l3,anzsco_4digit,NT,5521,runup_from_2020,0.6865465226701071
aus_l3,anzsco_4digit,NT,5522,runup_from_2019,0.47972834975347833
aus_l3,anzsco_4digit,NT,5522,runup_from_2020,0.8129484661496924
aus_l3,anzsco_4digit,NT,5523,runup_from_2019,0.35222177067356214
aus_l3,anzsco_4digit,NT,5523,runup_from_2020,0.35222110400622886
aus_l3,anzsco_4digit,NT,5611,runup_from_2019,-0.28768260816668834
aus_l3,anzsco_4digit,NT,5611,runup_from_2020,0.07410731281233801
aus_l3,anzsco_4digit,NT,5612,runup_from_2019,0.9318988405871673
aus_l3,anzsco_4digit,NT,5612,runup_from_2020,0.8987467944818179
aus_l3,anzsco_4digit,NT,5613,runup_from_2019,0.4975805233318181
aus_l3,anzsco_4digit,NT,5613,runup_from_2020,0.39749653845890753
aus_l3,anzsco_4digit,NT,5614,runup_from_2019,0.02020312364430321
aus_l3,anzsco_4digit,NT,5614,runup_from_2020,0.17435370143066717
aus_l3,anzsco_4digit,NT,5615,runup_from_2019,0.2841039653896521
aus_l3,anzsco_4digit,NT,5615,runup_from_2020,0.3429442965814792
aus_l3,anzsco_4digit,NT,5616,runup_from_2019,0.07796081173951867
aus_l3,anzsco_4digit,NT,5616,runup_from_2020,0.10535951565732633
aus_l3,anzsco_4digit,NT,5619,runup_from_2019,0.5273547617827615
aus_l3,anzsco_4digit,NT,5619,runup_from_2020,0.3613693890144103
aus_l3,anzsco_4digit,NT,5911,runup_from_2019,0.8220450811786186
aus_l3,anzsco_4digit,NT,5911,runup_from_2020,1.0729368472894605
aus_l3,anzsco_4digit,NT,5912,runup_from_2019,0.3189347698020273
aus_l3,anzsco_4digit,NT,5912,runup_from_2020,0.5908684852856692
aus_l3,anzsco_4digit,NT,5991,runup_from_2019,0.2105647987750755
aus_l3,anzsco_4digit,NT,5991,runup_from_2020,0.585259228330756
aus_l3,anzsco_4digit,NT,5992,runup_from_2019,0.09662705880107791
aus_l3,anzsco_4digit,NT,5992,runup_from_2020,-0.05129276149302231
aus_l3,anzsco_4digit,NT,5993,runup_from_2019,-0.2578291093020997
aus_l3,anzsco_4digit,NT,5993,runup_from_2020,0.14763713517034668
aus_l3,anzsco_4digit,NT,5994,runup_from_2019,0.25534755992689684
aus_l3,anzsco_4digit,NT,5994,runup_from_2020,0.2373286842941476
aus_l3,anzsco_4digit,NT,5995,runup_from_2019,0.47482618806149857
aus_l3,anzsco_4digit,NT,5995,runup_from_2020,0.7104782540985561
aus_l3,anzsco_4digit,NT,5996,runup_from_2019,0.5461926131631158
aus_l3,anzsco_4digit,NT,5996,runup_from_2020,0.8563477232851535
aus_l3,anzsco_4digit,NT,5997,runup_from_2019,0.05406774758592675
aus_l3,anzsco_4digit,NT,5997,runup_from_2020,0.37949091725161976
aus_l3,anzsco_4digit,NT,5999,runup_from_2019,0.06351418504119166
aus_l3,anzsco_4digit,NT,5999,runup_from_2020,0.1854049498275172
aus_l3,anzsco_4digit,NT,6111,runup_from_2019,0
aus_l3,anzsco_4digit,NT,6111,runup_from_2020,-0.08004193844247137
aus_l3,anzsco_4digit,NT,6112,runup_from_2019,0.4941932062105304
aus_l3,anzsco_4digit,NT,6112,runup_from_2020,0.2897810658551705
aus_l3,anzsco_4digit,NT,6113,runup_from_2019,0.267338960557467
aus_l3,anzsco_4digit,NT,6113,runup_from_2020,0.6767411306246309
aus_l3,anzsco_4digit,NT,6121,runup_from_2019,0.20735116945875864
aus_l3,anzsco_4digit,NT,6121,runup_from_2020,0.2715826640081733
aus_l3,anzsco_4digit,NT,6211,runup_from_2019,0.8045215973230819
aus_l3,anzsco_4digit,NT,6211,runup_from_2020,1.003570388566073
aus_l3,anzsco_4digit,NT,6212,runup_from_2019,0
aus_l3,anzsco_4digit,NT,6212,runup_from_2020,0
aus_l3,anzsco_4digit,NT,6213,runup_from_2019,0.45690914678251127
aus_l3,anzsco_4digit,NT,6213,runup_from_2020,0.4257262645946911
aus_l3,anzsco_4digit,NT,6214,runup_from_2019,0.7571471351747294
aus_l3,anzsco_4digit,NT,6214,runup_from_2020,1.3312345088502295
aus_l3,anzsco_4digit,NT,6215,runup_from_2019,0.3025170301600757
aus_l3,anzsco_4digit,NT,6215,runup_from_2020,0.41150705892782957
aus_l3,anzsco_4digit,NT,6216,runup_from_2019,0.13353186881511225
aus_l3,anzsco_4digit,NT,6216,runup_from_2020,0.042559614418795855
aus_l3,anzsco_4digit,NT,6217,runup_from_2019,0
aus_l3,anzsco_4digit,NT,6217,runup_from_2020,0
aus_l3,anzsco_4digit,NT,6219,runup_from_2019,-0.07637268466688385
aus_l3,anzsco_4digit,NT,6219,runup_from_2020,0.03226102615266113
aus_l3,anzsco_4digit,NT,6311,runup_from_2019,0.5877864426798721
aus_l3,anzsco_4digit,NT,6311,runup_from_2020,1.0551267417401888
aus_l3,anzsco_4digit,NT,6391,runup_from_2019,0.4818381079011411
aus_l3,anzsco_4digit,NT,6391,runup_from_2020,1.1219928873528429
aus_l3,anzsco_4digit,NT,6392,runup_from_2019,-0.24512158846738946
aus_l3,anzsco_4digit,NT,6392,runup_from_2020,0
aus_l3,anzsco_4digit,NT,6393,runup_from_2019,0.22778555877901369
aus_l3,anzsco_4digit,NT,6393,runup_from_2020,0.09716456478051155
aus_l3,anzsco_4digit,NT,6394,runup_from_2019,0.6931478623782046
aus_l3,anzsco_4digit,NT,6394,runup_from_2020,0.47000458379142884
aus_l3,anzsco_4digit,NT,6395,runup_from_2019,0.4700040459123154
aus_l3,anzsco_4digit,NT,6395,runup_from_2020,0.6131056587840538
aus_l3,anzsco_4digit,NT,6399,runup_from_2019,-0.02230553858458051
aus_l3,anzsco_4digit,NT,6399,runup_from_2020,0.401712570942097
aus_l3,anzsco_4digit,NT,7111,runup_from_2019,0
aus_l3,anzsco_4digit,NT,7111,runup_from_2020,0
aus_l3,anzsco_4digit,NT,7112,runup_from_2019,0.13580029440481117
aus_l3,anzsco_4digit,NT,7112,runup_from_2020,-0.015748691789989944
aus_l3,anzsco_4digit,NT,7113,runup_from_2019,0.20067024091659338
aus_l3,anzsco_4digit,NT,7113,runup_from_2020,0.20067024091659338
aus_l3,anzsco_4digit,NT,7114,runup_from_2019,0
aus_l3,anzsco_4digit,NT,7114,runup_from_2020,-0.05406669495434781
aus_l3,anzsco_4digit,NT,7115,runup_from_2019,-0.15082272229267013
aus_l3,anzsco_4digit,NT,7115,runup_from_2020,0.1236142497249381
aus_l3,anzsco_4digit,NT,7116,runup_from_2019,-0.06187355265411987
aus_l3,anzsco_4digit,NT,7116,runup_from_2020,-0.21029438535908512
aus_l3,anzsco_4digit,NT,7117,runup_from_2019,0.02739870391780766
aus_l3,anzsco_4digit,NT,7117,runup_from_2020,0.02739870391780766
aus_l3,anzsco_4digit,NT,7119,runup_from_2019,0.4830756380174679
aus_l3,anzsco_4digit,NT,7119,runup_from_2020,0.673854073787068
aus_l3,anzsco_4digit,NT,7121,runup_from_2019,0.7009294772520125
aus_l3,anzsco_4digit,NT,7121,runup_from_2020,0.7907856501238613
aus_l3,anzsco_4digit,NT,7122,runup_from_2019,0.3054997549307088
aus_l3,anzsco_4digit,NT,7122,runup_from_2020,0.40961270460951216
aus_l3,anzsco_4digit,NT,7123,runup_from_2019,0.11034740791524789
aus_l3,anzsco_4digit,NT,7123,runup_from_2020,0.17934167225961584
aus_l3,anzsco_4digit,NT,7129,runup_from_2019,0.9516301702619128
aus_l3,anzsco_4digit,NT,7129,runup_from_2020,0.6234138943587433
aus_l3,anzsco_4digit,NT,7211,runup_from_2019,-0.2958466485847735
aus_l3,anzsco_4digit,NT,7211,runup_from_2020,-0.06351467684467182
aus_l3,anzsco_4digit,NT,7212,runup_from_2019,0.5006525512701478
aus_l3,anzsco_4digit,NT,7212,runup_from_2020,0.1929297481778356
aus_l3,anzsco_4digit,NT,7213,runup_from_2019,0.8813436808764181
aus_l3,anzsco_4digit,NT,7213,runup_from_2020,0.5564825321901852
aus_l3,anzsco_4digit,NT,7219,runup_from_2019,0.658260008288162
aus_l3,anzsco_4digit,NT,7219,runup_from_2020,0.5707722875981254
aus_l3,anzsco_4digit,NT,7311,runup_from_2019,-0.2876832262981566
aus_l3,anzsco_4digit,NT,7311,runup_from_2020,0.05264323452466371
aus_l3,anzsco_4digit,NT,7312,runup_from_2019,0.7325889469034936
aus_l3,anzsco_4digit,NT,7312,runup_from_2020,0.761745240437953
aus_l3,anzsco_4digit,NT,7313,runup_from_2019,0.4115064565180096
aus_l3,anzsco_4digit,NT,7313,runup_from_2020,0.21414753524955443
aus_l3,anzsco_4digit,NT,7321,runup_from_2019,1.114196758714353
aus_l3,anzsco_4digit,NT,7321,runup_from_2020,0.9068850522536664
aus_l3,anzsco_4digit,NT,7331,runup_from_2019,0.671966334528403
aus_l3,anzsco_4digit,NT,7331,runup_from_2020,0.7362653107122012
aus_l3,anzsco_4digit,NT,7411,runup_from_2019,0.7123307379032551
aus_l3,anzsco_4digit,NT,7411,runup_from_2020,0.949197917313485
aus_l3,anzsco_4digit,NT,8111,runup_from_2019,0.9607431229035751
aus_l3,anzsco_4digit,NT,8111,runup_from_2020,0.9382711458401809
aus_l3,anzsco_4digit,NT,8112,runup_from_2019,0.7925089113949761
aus_l3,anzsco_4digit,NT,8112,runup_from_2020,0.9235370895908535
aus_l3,anzsco_4digit,NT,8113,runup_from_2019,0.3083011555728631
aus_l3,anzsco_4digit,NT,8113,runup_from_2020,0.2282592171303917
aus_l3,anzsco_4digit,NT,8114,runup_from_2019,1.1473508367942178
aus_l3,anzsco_4digit,NT,8114,runup_from_2020,1.7151429824599396
aus_l3,anzsco_4digit,NT,8115,runup_from_2019,0.4442502377861211
aus_l3,anzsco_4digit,NT,8115,runup_from_2020,0.47873709182316215
aus_l3,anzsco_4digit,NT,8116,runup_from_2019,0.06062465858116295
aus_l3,anzsco_4digit,NT,8116,runup_from_2020,0.08167659171533237
aus_l3,anzsco_4digit,NT,8211,runup_from_2019,0.8126207153652465
aus_l3,anzsco_4digit,NT,8211,runup_from_2020,0.6886526337184415
aus_l3,anzsco_4digit,NT,8212,runup_from_2019,0.5020926417377992
aus_l3,anzsco_4digit,NT,8212,runup_from_2020,0.1310286255642692
aus_l3,anzsco_4digit,NT,8213,runup_from_2019,-0.341750507172287
aus_l3,anzsco_4digit,NT,8213,runup_from_2020,-0.08855361391404681
aus_l3,anzsco_4digit,NT,8214,runup_from_2019,0.5877866649021191
aus_l3,anzsco_4digit,NT,8214,runup_from_2020,0.4054656636638743
aus_l3,anzsco_4digit,NT,8215,runup_from_2019,0.16907618969297294
aus_l3,anzsco_4digit,NT,8215,runup_from_2020,0.1957441807295131
aus_l3,anzsco_4digit,NT,8216,runup_from_2019,0.6268992491810821
aus_l3,anzsco_4digit,NT,8216,runup_from_2020,0.3201685898861035
aus_l3,anzsco_4digit,NT,8217,runup_from_2019,0.6684545167500577
aus_l3,anzsco_4digit,NT,8217,runup_from_2020,0.6208263724686875
aus_l3,anzsco_4digit,NT,8219,runup_from_2019,0.24818013094591074
aus_l3,anzsco_4digit,NT,8219,runup_from_2020,0.5790340935727198
aus_l3,anzsco_4digit,NT,8311,runup_from_2019,-0.1177824801006736
aus_l3,anzsco_4digit,NT,8311,runup_from_2020,0.26028336853397316
aus_l3,anzsco_4digit,NT,8312,runup_from_2019,0.16363104642524032
aus_l3,anzsco_4digit,NT,8312,runup_from_2020,0.3067306592949788
aus_l3,anzsco_4digit,NT,8313,runup_from_2019,0.5260938651278442
aus_l3,anzsco_4digit,NT,8313,runup_from_2020,0.2776327365987794
aus_l3,anzsco_4digit,NT,8321,runup_from_2019,0.18781597931550098
aus_l3,anzsco_4digit,NT,8321,runup_from_2020,0.5292596265061437
aus_l3,anzsco_4digit,NT,8322,runup_from_2019,0.325423169665693
aus_l3,anzsco_4digit,NT,8322,runup_from_2020,0.2513137139954469
aus_l3,anzsco_4digit,NT,8391,runup_from_2019,0
aus_l3,anzsco_4digit,NT,8391,runup_from_2020,0
aus_l3,anzsco_4digit,NT,8392,runup_from_2019,0
aus_l3,anzsco_4digit,NT,8392,runup_from_2020,0
aus_l3,anzsco_4digit,NT,8393,runup_from_2019,-0.09483373617875923
aus_l3,anzsco_4digit,NT,8393,runup_from_2020,0.14028624714605065
aus_l3,anzsco_4digit,NT,8394,runup_from_2019,0
aus_l3,anzsco_4digit,NT,8394,runup_from_2020,0
aus_l3,anzsco_4digit,NT,8399,runup_from_2019,0.20633621054003765
aus_l3,anzsco_4digit,NT,8399,runup_from_2020,0.14571096372340747
aus_l3,anzsco_4digit,NT,8411,runup_from_2019,-0.13005190873525913
aus_l3,anzsco_4digit,NT,8411,runup_from_2020,-0.20066955909786913
aus_l3,anzsco_4digit,NT,8412,runup_from_2019,0.29008315435458143
aus_l3,anzsco_4digit,NT,8412,runup_from_2020,0.05167216587462531
aus_l3,anzsco_4digit,NT,8413,runup_from_2019,-0.6131031988483606
aus_l3,anzsco_4digit,NT,8413,runup_from_2020,0.08004429421173104
aus_l3,anzsco_4digit,NT,8414,runup_from_2019,-0.22094345167099227
aus_l3,anzsco_4digit,NT,8414,runup_from_2020,-0.22094305519521273
aus_l3,anzsco_4digit,NT,8415,runup_from_2019,0.4168935218000371
aus_l3,anzsco_4digit,NT,8415,runup_from_2020,0.5260928336589319
aus_l3,anzsco_4digit,NT,8416,runup_from_2019,0.49159464094130945
aus_l3,anzsco_4digit,NT,8416,runup_from_2020,-0.07480158044031526
aus_l3,anzsco_4digit,NT,8419,runup_from_2019,-0.02620262872597956
aus_l3,anzsco_4digit,NT,8419,runup_from_2020,-0.19259287263480096
aus_l3,anzsco_4digit,NT,8511,runup_from_2019,0.3209079903504082
aus_l3,anzsco_4digit,NT,8511,runup_from_2020,0.1706257495889299
aus_l3,anzsco_4digit,NT,8512,runup_from_2019,0.05406777682598579
aus_l3,anzsco_4digit,NT,8512,runup_from_2020,0.37949039093596887
aus_l3,anzsco_4digit,NT,8513,runup_from_2019,0.7377574278449339
aus_l3,anzsco_4digit,NT,8513,runup_from_2020,1.1918304175002103
aus_l3,anzsco_4digit,NT,8911,runup_from_2019,0.4561462793506057
aus_l3,anzsco_4digit,NT,8911,runup_from_2020,0.6701573689947894
aus_l3,anzsco_4digit,NT,8912,runup_from_2019,0.8967458429319191
aus_l3,anzsco_4digit,NT,8912,runup_from_2020,0.39890728186544533
aus_l3,anzsco_4digit,NT,8991,runup_from_2019,-0.1525802158349806
aus_l3,anzsco_4digit,NT,8991,runup_from_2020,0.1041395757896515
aus_l3,anzsco_4digit,NT,8992,runup_from_2019,0.7239192824086962
aus_l3,anzsco_4digit,NT,8992,runup_from_2020,0.2539154187878414
aus_l3,anzsco_4digit,NT,8993,runup_from_2019,0.7379051516239765
aus_l3,anzsco_4digit,NT,8993,runup_from_2020,0.9487999669611895
aus_l3,anzsco_4digit,NT,8994,runup_from_2019,0.6723847752788014
aus_l3,anzsco_4digit,NT,8994,runup_from_2020,0.22664630516319173
aus_l3,anzsco_4digit,NT,8995,runup_from_2019,0.5411315932386422
aus_l3,anzsco_4digit,NT,8995,runup_from_2020,0.3334908342295279
aus_l3,anzsco_4digit,NT,8996,runup_from_2019,0.08515699201344307
aus_l3,anzsco_4digit,NT,8996,runup_from_2020,0.22825860488518146
aus_l3,anzsco_4digit,NT,8997,runup_from_2019,0.3483066942682158
aus_l3,anzsco_4digit,NT,8997,runup_from_2020,0.3483066942682158
aus_l3,anzsco_4digit,NT,8999,runup_from_2019,0.47165104415618897
aus_l3,anzsco_4digit,NT,8999,runup_from_2020,0.46918086594375286
aus_l3,anzsco_4digit,QLD,1111,runup_from_2019,0.056247265983073724
aus_l3,anzsco_4digit,QLD,1111,runup_from_2020,0.41761702172275283
aus_l3,anzsco_4digit,QLD,1112,runup_from_2019,0.3959271373346738
aus_l3,anzsco_4digit,QLD,1112,runup_from_2020,0.6301796110062368
aus_l3,anzsco_4digit,QLD,1211,runup_from_2019,0.08004193844247137
aus_l3,anzsco_4digit,QLD,1211,runup_from_2020,0
aus_l3,anzsco_4digit,QLD,1212,runup_from_2019,0.10241479980603696
aus_l3,anzsco_4digit,QLD,1212,runup_from_2020,0.10241450568851973
aus_l3,anzsco_4digit,QLD,1213,runup_from_2019,0.6584617098046741
aus_l3,anzsco_4digit,QLD,1213,runup_from_2020,0.6960927496132299
aus_l3,anzsco_4digit,QLD,1214,runup_from_2019,0.44053557220449324
aus_l3,anzsco_4digit,QLD,1214,runup_from_2020,0.2228515758425429
aus_l3,anzsco_4digit,QLD,1311,runup_from_2019,0.1046420762992053
aus_l3,anzsco_4digit,QLD,1311,runup_from_2020,0.47732662620645616
aus_l3,anzsco_4digit,QLD,1321,runup_from_2019,0.26692828273274305
aus_l3,anzsco_4digit,QLD,1321,runup_from_2020,0.5883859960565276
aus_l3,anzsco_4digit,QLD,1322,runup_from_2019,0.42103385304185537
aus_l3,anzsco_4digit,QLD,1322,runup_from_2020,0.6883088896273293
aus_l3,anzsco_4digit,QLD,1323,runup_from_2019,0.6840253471890207
aus_l3,anzsco_4digit,QLD,1323,runup_from_2020,0.866192337100717
aus_l3,anzsco_4digit,QLD,1324,runup_from_2019,0.568644466106246
aus_l3,anzsco_4digit,QLD,1324,runup_from_2020,0.7927552950230714
aus_l3,anzsco_4digit,QLD,1325,runup_from_2019,0.6850827012070955
aus_l3,anzsco_4digit,QLD,1325,runup_from_2020,0.7731899084763967
aus_l3,anzsco_4digit,QLD,1331,runup_from_2019,0.41507498304467294
aus_l3,anzsco_4digit,QLD,1331,runup_from_2020,0.8392571110957503
aus_l3,anzsco_4digit,QLD,1332,runup_from_2019,0.383228064796274
aus_l3,anzsco_4digit,QLD,1332,runup_from_2020,0.7412806786266195
aus_l3,anzsco_4digit,QLD,1333,runup_from_2019,0.9415333159878805
aus_l3,anzsco_4digit,QLD,1333,runup_from_2020,0.6670963349478038
aus_l3,anzsco_4digit,QLD,1334,runup_from_2019,0.4253995888161175
aus_l3,anzsco_4digit,QLD,1334,runup_from_2020,0.6931470489810241
aus_l3,anzsco_4digit,QLD,1335,runup_from_2019,0.5454063190118559
aus_l3,anzsco_4digit,QLD,1335,runup_from_2020,0.6259384298091293
aus_l3,anzsco_4digit,QLD,1336,runup_from_2019,0.589660953047177
aus_l3,anzsco_4digit,QLD,1336,runup_from_2020,0.729123361043766
aus_l3,anzsco_4digit,QLD,1341,runup_from_2019,0.8755479428664978
aus_l3,anzsco_4digit,QLD,1341,runup_from_2020,0.7055004160283125
aus_l3,anzsco_4digit,QLD,1342,runup_from_2019,0.44898841023503255
aus_l3,anzsco_4digit,QLD,1342,runup_from_2020,0.4806019604461822
aus_l3,anzsco_4digit,QLD,1343,runup_from_2019,-0.10739337689195416
aus_l3,anzsco_4digit,QLD,1343,runup_from_2020,0.22569028363946897
aus_l3,anzsco_4digit,QLD,1344,runup_from_2019,0.4243693009152567
aus_l3,anzsco_4digit,QLD,1344,runup_from_2020,0.753615812670748
aus_l3,anzsco_4digit,QLD,1351,runup_from_2019,0.48525641634483385
aus_l3,anzsco_4digit,QLD,1351,runup_from_2020,0.8152139710535877
aus_l3,anzsco_4digit,QLD,1399,runup_from_2019,0.5688661491908586
aus_l3,anzsco_4digit,QLD,1399,runup_from_2020,0.8286995709014677
aus_l3,anzsco_4digit,QLD,1411,runup_from_2019,0.6108722355540595
aus_l3,anzsco_4digit,QLD,1411,runup_from_2020,0.7305913947721923
aus_l3,anzsco_4digit,QLD,1412,runup_from_2019,-0.055349991893716366
aus_l3,anzsco_4digit,QLD,1412,runup_from_2020,0.20701475718909035
aus_l3,anzsco_4digit,QLD,1413,runup_from_2019,0.6774495348799316
aus_l3,anzsco_4digit,QLD,1413,runup_from_2020,0.852449729171382
aus_l3,anzsco_4digit,QLD,1414,runup_from_2019,0.2288092068487293
aus_l3,anzsco_4digit,QLD,1414,runup_from_2020,0.3101549221405109
aus_l3,anzsco_4digit,QLD,1419,runup_from_2019,0.5843554478168698
aus_l3,anzsco_4digit,QLD,1419,runup_from_2020,0.43932972576661333
aus_l3,anzsco_4digit,QLD,1421,runup_from_2019,0.5707830421893254
aus_l3,anzsco_4digit,QLD,1421,runup_from_2020,0.7910721654126345
aus_l3,anzsco_4digit,QLD,1491,runup_from_2019,0.8624343954440041
aus_l3,anzsco_4digit,QLD,1491,runup_from_2020,1.0526159139909317
aus_l3,anzsco_4digit,QLD,1492,runup_from_2019,0.4813533347139618
aus_l3,anzsco_4digit,QLD,1492,runup_from_2020,0.7598093070992311
aus_l3,anzsco_4digit,QLD,1493,runup_from_2019,0.5262221015095045
aus_l3,anzsco_4digit,QLD,1493,runup_from_2020,1.2748040194968135
aus_l3,anzsco_4digit,QLD,1494,runup_from_2019,0.5908682973988557
aus_l3,anzsco_4digit,QLD,1494,runup_from_2020,0.7227590620884361
aus_l3,anzsco_4digit,QLD,1499,runup_from_2019,0.3341851199741894
aus_l3,anzsco_4digit,QLD,1499,runup_from_2020,0.6514402166022739
aus_l3,anzsco_4digit,QLD,2111,runup_from_2019,0.5763445875770805
aus_l3,anzsco_4digit,QLD,2111,runup_from_2020,0.6524092243457611
aus_l3,anzsco_4digit,QLD,2112,runup_from_2019,-0.10294759602049375
aus_l3,anzsco_4digit,QLD,2112,runup_from_2020,-0.11375775826756473
aus_l3,anzsco_4digit,QLD,2113,runup_from_2019,0.5506139320013683
aus_l3,anzsco_4digit,QLD,2113,runup_from_2020,0.4794094488092071
aus_l3,anzsco_4digit,QLD,2114,runup_from_2019,0.28223252114110453
aus_l3,anzsco_4digit,QLD,2114,runup_from_2020,0.32668588450408137
aus_l3,anzsco_4digit,QLD,2121,runup_from_2019,0.3846740521023987
aus_l3,anzsco_4digit,QLD,2121,runup_from_2020,0.668250368709748
aus_l3,anzsco_4digit,QLD,2122,runup_from_2019,1.3419943893313409
aus_l3,anzsco_4digit,QLD,2122,runup_from_2020,1.5163475764760985
aus_l3,anzsco_4digit,QLD,2123,runup_from_2019,0.739951385922748
aus_l3,anzsco_4digit,QLD,2123,runup_from_2020,0.5645984285148193
aus_l3,anzsco_4digit,QLD,2124,runup_from_2019,0.5993552543572314
aus_l3,anzsco_4digit,QLD,2124,runup_from_2020,0.7504717388353153
aus_l3,anzsco_4digit,QLD,2211,runup_from_2019,0.09440096925185326
aus_l3,anzsco_4digit,QLD,2211,runup_from_2020,0.49087725358695433
aus_l3,anzsco_4digit,QLD,2212,runup_from_2019,0.2531826736501106
aus_l3,anzsco_4digit,QLD,2212,runup_from_2020,0.7172257092138592
aus_l3,anzsco_4digit,QLD,2221,runup_from_2019,0.6886324932440542
aus_l3,anzsco_4digit,QLD,2221,runup_from_2020,0.6386220660774349
aus_l3,anzsco_4digit,QLD,2222,runup_from_2019,0.835985871648848
aus_l3,anzsco_4digit,QLD,2222,runup_from_2020,0.7173277331666119
aus_l3,anzsco_4digit,QLD,2223,runup_from_2019,0.1063567092202069
aus_l3,anzsco_4digit,QLD,2223,runup_from_2020,0.4972551174644231
aus_l3,anzsco_4digit,QLD,2231,runup_from_2019,0.5231755530378042
aus_l3,anzsco_4digit,QLD,2231,runup_from_2020,0.8705788628467799
aus_l3,anzsco_4digit,QLD,2232,runup_from_2019,-0.3894646054713875
aus_l3,anzsco_4digit,QLD,2232,runup_from_2020,0.11778285708497083
aus_l3,anzsco_4digit,QLD,2233,runup_from_2019,0.24158172048682225
aus_l3,anzsco_4digit,QLD,2233,runup_from_2020,0.4414909257274582
aus_l3,anzsco_4digit,QLD,2241,runup_from_2019,0.38738146187194866
aus_l3,anzsco_4digit,QLD,2241,runup_from_2020,0.7517665597165251
aus_l3,anzsco_4digit,QLD,2242,runup_from_2019,0.4016483192509521
aus_l3,anzsco_4digit,QLD,2242,runup_from_2020,0.7747846103089617
aus_l3,anzsco_4digit,QLD,2243,runup_from_2019,0.4445762656220502
aus_l3,anzsco_4digit,QLD,2243,runup_from_2020,1.112405388197737
aus_l3,anzsco_4digit,QLD,2244,runup_from_2019,0.19895197532551023
aus_l3,anzsco_4digit,QLD,2244,runup_from_2020,0.42557111326421904
aus_l3,anzsco_4digit,QLD,2245,runup_from_2019,0.941533424249736
aus_l3,anzsco_4digit,QLD,2245,runup_from_2020,0.839184906498363
aus_l3,anzsco_4digit,QLD,2246,runup_from_2019,0.0036430095930333195
aus_l3,anzsco_4digit,QLD,2246,runup_from_2020,0.6028081281861963
aus_l3,anzsco_4digit,QLD,2247,runup_from_2019,0.26198101257049355
aus_l3,anzsco_4digit,QLD,2247,runup_from_2020,0.6331710307447009
aus_l3,anzsco_4digit,QLD,2249,runup_from_2019,0.42630380507686816
aus_l3,anzsco_4digit,QLD,2249,runup_from_2020,0.6693004138902903
aus_l3,anzsco_4digit,QLD,2251,runup_from_2019,0.5762608376893326
aus_l3,anzsco_4digit,QLD,2251,runup_from_2020,0.7709047912558882
aus_l3,anzsco_4digit,QLD,2252,runup_from_2019,-0.08358663410534706
aus_l3,anzsco_4digit,QLD,2252,runup_from_2020,0.11394427791686002
aus_l3,anzsco_4digit,QLD,2253,runup_from_2019,0.4231243523462407
aus_l3,anzsco_4digit,QLD,2253,runup_from_2020,0.7906336154662021
aus_l3,anzsco_4digit,QLD,2254,runup_from_2019,0.11811351369725465
aus_l3,anzsco_4digit,QLD,2254,runup_from_2020,0.5349047156558249
aus_l3,anzsco_4digit,QLD,2311,runup_from_2019,0.5059054296107055
aus_l3,anzsco_4digit,QLD,2311,runup_from_2020,0.7874713977444294
aus_l3,anzsco_4digit,QLD,2312,runup_from_2019,0.6975006483392208
aus_l3,anzsco_4digit,QLD,2312,runup_from_2020,1.029793202913745
aus_l3,anzsco_4digit,QLD,2321,runup_from_2019,0.15183384437946668
aus_l3,anzsco_4digit,QLD,2321,runup_from_2020,0.5486442761383752
aus_l3,anzsco_4digit,QLD,2322,runup_from_2019,0.6580044501267812
aus_l3,anzsco_4digit,QLD,2322,runup_from_2020,0.703132298605623
aus_l3,anzsco_4digit,QLD,2323,runup_from_2019,0.8969511994607542
aus_l3,anzsco_4digit,QLD,2323,runup_from_2020,1.012509662366746
aus_l3,anzsco_4digit,QLD,2324,runup_from_2019,0.33921573573872355
aus_l3,anzsco_4digit,QLD,2324,runup_from_2020,0.49842188838482215
aus_l3,anzsco_4digit,QLD,2325,runup_from_2019,0.4857245138672095
aus_l3,anzsco_4digit,QLD,2325,runup_from_2020,1.0179031619923111
aus_l3,anzsco_4digit,QLD,2326,runup_from_2019,0.473666863647106
aus_l3,anzsco_4digit,QLD,2326,runup_from_2020,0.7183939461076227
aus_l3,anzsco_4digit,QLD,2331,runup_from_2019,0.08178942854631766
aus_l3,anzsco_4digit,QLD,2331,runup_from_2020,0.5841287769433503
aus_l3,anzsco_4digit,QLD,2332,runup_from_2019,0.5115438382621367
aus_l3,anzsco_4digit,QLD,2332,runup_from_2020,0.7355663405617907
aus_l3,anzsco_4digit,QLD,2333,runup_from_2019,0.479461120345249
aus_l3,anzsco_4digit,QLD,2333,runup_from_2020,0.7541661186430701
aus_l3,anzsco_4digit,QLD,2334,runup_from_2019,0.4131872753367509
aus_l3,anzsco_4digit,QLD,2334,runup_from_2020,0.708651276436582
aus_l3,anzsco_4digit,QLD,2335,runup_from_2019,0.43197932969794905
aus_l3,anzsco_4digit,QLD,2335,runup_from_2020,0.7322435424294627
aus_l3,anzsco_4digit,QLD,2336,runup_from_2019,0.2625473778391525
aus_l3,anzsco_4digit,QLD,2336,runup_from_2020,0.5386734566788638
aus_l3,anzsco_4digit,QLD,2339,runup_from_2019,0.4059303372406893
aus_l3,anzsco_4digit,QLD,2339,runup_from_2020,0.6934573123667733
aus_l3,anzsco_4digit,QLD,2341,runup_from_2019,0.6785177033459078
aus_l3,anzsco_4digit,QLD,2341,runup_from_2020,0.7973388917181652
aus_l3,anzsco_4digit,QLD,2342,runup_from_2019,1.3256514249527083
aus_l3,anzsco_4digit,QLD,2342,runup_from_2020,1.5388910328595746
aus_l3,anzsco_4digit,QLD,2343,runup_from_2019,0.39324278953212044
aus_l3,anzsco_4digit,QLD,2343,runup_from_2020,0.7111460139217565
aus_l3,anzsco_4digit,QLD,2344,runup_from_2019,0.6849883591476131
aus_l3,anzsco_4digit,QLD,2344,runup_from_2020,0.9744777192707632
aus_l3,anzsco_4digit,QLD,2345,runup_from_2019,0.9870296523805733
aus_l3,anzsco_4digit,QLD,2345,runup_from_2020,0.7974529368413688
aus_l3,anzsco_4digit,QLD,2346,runup_from_2019,0.6202953270910738
aus_l3,anzsco_4digit,QLD,2346,runup_from_2020,0.5164065016092301
aus_l3,anzsco_4digit,QLD,2347,runup_from_2019,1.8860322012083526
aus_l3,anzsco_4digit,QLD,2347,runup_from_2020,1.6961347745603104
aus_l3,anzsco_4digit,QLD,2349,runup_from_2019,-0.17603607038725633
aus_l3,anzsco_4digit,QLD,2349,runup_from_2020,-0.05982812252270797
aus_l3,anzsco_4digit,QLD,2411,runup_from_2019,0.9041643123771674
aus_l3,anzsco_4digit,QLD,2411,runup_from_2020,0.7192845851557976
aus_l3,anzsco_4digit,QLD,2412,runup_from_2019,0.8027207604332447
aus_l3,anzsco_4digit,QLD,2412,runup_from_2020,0.8246729349004047
aus_l3,anzsco_4digit,QLD,2413,runup_from_2019,-0.3519766601076254
aus_l3,anzsco_4digit,QLD,2413,runup_from_2020,-0.31845330498221347
aus_l3,anzsco_4digit,QLD,2414,runup_from_2019,0.5826197574928385
aus_l3,anzsco_4digit,QLD,2414,runup_from_2020,0.6469851329543692
aus_l3,anzsco_4digit,QLD,2415,runup_from_2019,0.44548902698579873
aus_l3,anzsco_4digit,QLD,2415,runup_from_2020,0.636394292988387
aus_l3,anzsco_4digit,QLD,2421,runup_from_2019,0.3182833668270395
aus_l3,anzsco_4digit,QLD,2421,runup_from_2020,0.9959359396216718
aus_l3,anzsco_4digit,QLD,2422,runup_from_2019,0.22806490128283974
aus_l3,anzsco_4digit,QLD,2422,runup_from_2020,0.6604548763822242
aus_l3,anzsco_4digit,QLD,2491,runup_from_2019,0.14197018774097314
aus_l3,anzsco_4digit,QLD,2491,runup_from_2020,0.4898063430125139
aus_l3,anzsco_4digit,QLD,2492,runup_from_2019,0.6931472112976511
aus_l3,anzsco_4digit,QLD,2492,runup_from_2020,0.7307299240162788
aus_l3,anzsco_4digit,QLD,2493,runup_from_2019,-0.28561328194105684
aus_l3,anzsco_4digit,QLD,2493,runup_from_2020,0.5053316546577157
aus_l3,anzsco_4digit,QLD,2511,runup_from_2019,0.4088537592552828
aus_l3,anzsco_4digit,QLD,2511,runup_from_2020,0.3787611590775559
aus_l3,anzsco_4digit,QLD,2512,runup_from_2019,-0.07324126445965984
aus_l3,anzsco_4digit,QLD,2512,runup_from_2020,0.34507346639920744
aus_l3,anzsco_4digit,QLD,2513,runup_from_2019,0.5637399225384163
aus_l3,anzsco_4digit,QLD,2513,runup_from_2020,0.6716493817732658
aus_l3,anzsco_4digit,QLD,2514,runup_from_2019,0.7162963384717993
aus_l3,anzsco_4digit,QLD,2514,runup_from_2020,1.2123988444463822
aus_l3,anzsco_4digit,QLD,2515,runup_from_2019,0.5332949391817126
aus_l3,anzsco_4digit,QLD,2515,runup_from_2020,0.6833834269308054
aus_l3,anzsco_4digit,QLD,2519,runup_from_2019,0.24613309490889002
aus_l3,anzsco_4digit,QLD,2519,runup_from_2020,0.47121634621816155
aus_l3,anzsco_4digit,QLD,2521,runup_from_2019,1.4740703599832237
aus_l3,anzsco_4digit,QLD,2521,runup_from_2020,1.2601428745791963
aus_l3,anzsco_4digit,QLD,2522,runup_from_2019,0.38708222671046455
aus_l3,anzsco_4digit,QLD,2522,runup_from_2020,0.44617106111325455
aus_l3,anzsco_4digit,QLD,2523,runup_from_2019,0.41134125029190205
aus_l3,anzsco_4digit,QLD,2523,runup_from_2020,0.5663173608602152
aus_l3,anzsco_4digit,QLD,2524,runup_from_2019,0.6321305426766219
aus_l3,anzsco_4digit,QLD,2524,runup_from_2020,0.4178977960629915
aus_l3,anzsco_4digit,QLD,2525,runup_from_2019,0.3161100772273011
aus_l3,anzsco_4digit,QLD,2525,runup_from_2020,0.20433272164308036
aus_l3,anzsco_4digit,QLD,2526,runup_from_2019,0.5703515447215599
aus_l3,anzsco_4digit,QLD,2526,runup_from_2020,0.6167446096916418
aus_l3,anzsco_4digit,QLD,2527,runup_from_2019,0.9169441286660991
aus_l3,anzsco_4digit,QLD,2527,runup_from_2020,0.46726408608129244
aus_l3,anzsco_4digit,QLD,2531,runup_from_2019,0.52806742923
aus_l3,anzsco_4digit,QLD,2531,runup_from_2020,0.3068667611783642
aus_l3,anzsco_4digit,QLD,2532,runup_from_2019,0.5033208046539834
aus_l3,anzsco_4digit,QLD,2532,runup_from_2020,-0.329182047260943
aus_l3,anzsco_4digit,QLD,2533,runup_from_2019,-0.05092867264000844
aus_l3,anzsco_4digit,QLD,2533,runup_from_2020,-0.010074644792249288
aus_l3,anzsco_4digit,QLD,2534,runup_from_2019,0.4800805085891069
aus_l3,anzsco_4digit,QLD,2534,runup_from_2020,0.0696526820712795
aus_l3,anzsco_4digit,QLD,2535,runup_from_2019,-0.06328111359592836
aus_l3,anzsco_4digit,QLD,2535,runup_from_2020,0.03580955319921819
aus_l3,anzsco_4digit,QLD,2539,runup_from_2019,0.14160340636998114
aus_l3,anzsco_4digit,QLD,2539,runup_from_2020,0.2620396093709103
aus_l3,anzsco_4digit,QLD,2541,runup_from_2019,0.756176851576424
aus_l3,anzsco_4digit,QLD,2541,runup_from_2020,0.9870256036219307
aus_l3,anzsco_4digit,QLD,2542,runup_from_2019,0.47669257572986456
aus_l3,anzsco_4digit,QLD,2542,runup_from_2020,0.6876069308933532
aus_l3,anzsco_4digit,QLD,2543,runup_from_2019,0.2947861043237081
aus_l3,anzsco_4digit,QLD,2543,runup_from_2020,0.4080640700024971
aus_l3,anzsco_4digit,QLD,2544,runup_from_2019,0.507513046965701
aus_l3,anzsco_4digit,QLD,2544,runup_from_2020,0.5855507971487155
aus_l3,anzsco_4digit,QLD,2611,runup_from_2019,0.14368617437030906
aus_l3,anzsco_4digit,QLD,2611,runup_from_2020,0.6661192425750313
aus_l3,anzsco_4digit,QLD,2612,runup_from_2019,0.12411702681454262
aus_l3,anzsco_4digit,QLD,2612,runup_from_2020,0.3048941462513701
aus_l3,anzsco_4digit,QLD,2613,runup_from_2019,0.2634705337909278
aus_l3,anzsco_4digit,QLD,2613,runup_from_2020,0.5834509487100714
aus_l3,anzsco_4digit,QLD,2621,runup_from_2019,0.399295373569327
aus_l3,anzsco_4digit,QLD,2621,runup_from_2020,0.5972157977785049
aus_l3,anzsco_4digit,QLD,2631,runup_from_2019,0.14057567874730026
aus_l3,anzsco_4digit,QLD,2631,runup_from_2020,0.47186454693048185
aus_l3,anzsco_4digit,QLD,2632,runup_from_2019,0.20015402533757243
aus_l3,anzsco_4digit,QLD,2632,runup_from_2020,0.4203033422581317
aus_l3,anzsco_4digit,QLD,2633,runup_from_2019,0.07524902597399263
aus_l3,anzsco_4digit,QLD,2633,runup_from_2020,-0.0016461732518973093
aus_l3,anzsco_4digit,QLD,2711,runup_from_2019,1.014245276596416
aus_l3,anzsco_4digit,QLD,2711,runup_from_2020,1.0846259762708321
aus_l3,anzsco_4digit,QLD,2713,runup_from_2019,0.1822375976823558
aus_l3,anzsco_4digit,QLD,2713,runup_from_2020,0.6611973444411374
aus_l3,anzsco_4digit,QLD,2721,runup_from_2019,0.46800723612249673
aus_l3,anzsco_4digit,QLD,2721,runup_from_2020,0.4045203884199182
aus_l3,anzsco_4digit,QLD,2722,runup_from_2019,0.42298743398647076
aus_l3,anzsco_4digit,QLD,2722,runup_from_2020,0.4616022307441723
aus_l3,anzsco_4digit,QLD,2723,runup_from_2019,0.5581540291570981
aus_l3,anzsco_4digit,QLD,2723,runup_from_2020,0.16595534279769808
aus_l3,anzsco_4digit,QLD,2724,runup_from_2019,0.4586374612984834
aus_l3,anzsco_4digit,QLD,2724,runup_from_2020,0.734829038647999
aus_l3,anzsco_4digit,QLD,2725,runup_from_2019,0.5064823036365587
aus_l3,anzsco_4digit,QLD,2725,runup_from_2020,0.3474538161172962
aus_l3,anzsco_4digit,QLD,2726,runup_from_2019,0.7167466385995942
aus_l3,anzsco_4digit,QLD,2726,runup_from_2020,0.4425512670585343
aus_l3,anzsco_4digit,QLD,3111,runup_from_2019,0.6284595297348625
aus_l3,anzsco_4digit,QLD,3111,runup_from_2020,0.7222049880458865
aus_l3,anzsco_4digit,QLD,3112,runup_from_2019,0.6799952741409037
aus_l3,anzsco_4digit,QLD,3112,runup_from_2020,0.699788568862763
aus_l3,anzsco_4digit,QLD,3113,runup_from_2019,0.8218593966386349
aus_l3,anzsco_4digit,QLD,3113,runup_from_2020,0.8218590669683233
aus_l3,anzsco_4digit,QLD,3114,runup_from_2019,0.7681197812712539
aus_l3,anzsco_4digit,QLD,3114,runup_from_2020,0.7257765202687287
aus_l3,anzsco_4digit,QLD,3121,runup_from_2019,0.308629169685009
aus_l3,anzsco_4digit,QLD,3121,runup_from_2020,0.5276827380059741
aus_l3,anzsco_4digit,QLD,3122,runup_from_2019,0.29407667017851846
aus_l3,anzsco_4digit,QLD,3122,runup_from_2020,0.6610470305446352
aus_l3,anzsco_4digit,QLD,3123,runup_from_2019,0.5046663257532051
aus_l3,anzsco_4digit,QLD,3123,runup_from_2020,0.5556519112553038
aus_l3,anzsco_4digit,QLD,3124,runup_from_2019,0.25982506207248734
aus_l3,anzsco_4digit,QLD,3124,runup_from_2020,0.27756390838789047
aus_l3,anzsco_4digit,QLD,3125,runup_from_2019,0.7013933928447882
aus_l3,anzsco_4digit,QLD,3125,runup_from_2020,0.9071726777203124
aus_l3,anzsco_4digit,QLD,3126,runup_from_2019,0.7594202606196818
aus_l3,anzsco_4digit,QLD,3126,runup_from_2020,0.8545453075724367
aus_l3,anzsco_4digit,QLD,3129,runup_from_2019,0.28592221438759324
aus_l3,anzsco_4digit,QLD,3129,runup_from_2020,0.4986238851084961
aus_l3,anzsco_4digit,QLD,3131,runup_from_2019,0.4437863269520035
aus_l3,anzsco_4digit,QLD,3131,runup_from_2020,0.7409081858153668
aus_l3,anzsco_4digit,QLD,3132,runup_from_2019,0.4392321012607676
aus_l3,anzsco_4digit,QLD,3132,runup_from_2020,0.5212971703437657
aus_l3,anzsco_4digit,QLD,3211,runup_from_2019,0.3189679721729881
aus_l3,anzsco_4digit,QLD,3211,runup_from_2020,0.5429606400015672
aus_l3,anzsco_4digit,QLD,3212,runup_from_2019,0.632154882533051
aus_l3,anzsco_4digit,QLD,3212,runup_from_2020,0.7295611285591574
aus_l3,anzsco_4digit,QLD,3221,runup_from_2019,0.3336395715567304
aus_l3,anzsco_4digit,QLD,3221,runup_from_2020,0.1365755350057507
aus_l3,anzsco_4digit,QLD,3222,runup_from_2019,0.4793469710974403
aus_l3,anzsco_4digit,QLD,3222,runup_from_2020,0.45167977943533977
aus_l3,anzsco_4digit,QLD,3223,runup_from_2019,0.42749862019078044
aus_l3,anzsco_4digit,QLD,3223,runup_from_2020,0.5447211211970053
aus_l3,anzsco_4digit,QLD,3231,runup_from_2019,0.6541922221195593
aus_l3,anzsco_4digit,QLD,3231,runup_from_2020,1.0654881919618453
aus_l3,anzsco_4digit,QLD,3232,runup_from_2019,0.34668078363245325
aus_l3,anzsco_4digit,QLD,3232,runup_from_2020,0.6093731007146257
aus_l3,anzsco_4digit,QLD,3233,runup_from_2019,0.35568687076998806
aus_l3,anzsco_4digit,QLD,3233,runup_from_2020,0.6392622268428885
aus_l3,anzsco_4digit,QLD,3234,runup_from_2019,0.5373929558179675
aus_l3,anzsco_4digit,QLD,3234,runup_from_2020,0.4632846127851221
aus_l3,anzsco_4digit,QLD,3241,runup_from_2019,0.4058477329505563
aus_l3,anzsco_4digit,QLD,3241,runup_from_2020,0.5110806141960866
aus_l3,anzsco_4digit,QLD,3242,runup_from_2019,0.3563057208299627
aus_l3,anzsco_4digit,QLD,3242,runup_from_2020,0.03953059994694286
aus_l3,anzsco_4digit,QLD,3243,runup_from_2019,0.4189241277923206
aus_l3,anzsco_4digit,QLD,3243,runup_from_2020,0.666760447946914
aus_l3,anzsco_4digit,QLD,3311,runup_from_2019,0.5300570359574017
aus_l3,anzsco_4digit,QLD,3311,runup_from_2020,0.4845083639829406
aus_l3,anzsco_4digit,QLD,3312,runup_from_2019,1.0882159410968395
aus_l3,anzsco_4digit,QLD,3312,runup_from_2020,0.7744899135593215
aus_l3,anzsco_4digit,QLD,3321,runup_from_2019,0.6300464452496422
aus_l3,anzsco_4digit,QLD,3321,runup_from_2020,0.4228567903239746
aus_l3,anzsco_4digit,QLD,3322,runup_from_2019,0.7537717938453437
aus_l3,anzsco_4digit,QLD,3322,runup_from_2020,0.6338425156092837
aus_l3,anzsco_4digit,QLD,3331,runup_from_2019,0.7152741439065347
aus_l3,anzsco_4digit,QLD,3331,runup_from_2020,0.5927466158428318
aus_l3,anzsco_4digit,QLD,3332,runup_from_2019,0.986908068172712
aus_l3,anzsco_4digit,QLD,3332,runup_from_2020,0.7248122154295387
aus_l3,anzsco_4digit,QLD,3333,runup_from_2019,0.6754475872267784
aus_l3,anzsco_4digit,QLD,3333,runup_from_2020,0.22884151537875574
aus_l3,anzsco_4digit,QLD,3334,runup_from_2019,1.0714458983959387
aus_l3,anzsco_4digit,QLD,3334,runup_from_2020,0.7497994326516664
aus_l3,anzsco_4digit,QLD,3341,runup_from_2019,0.7628283371948976
aus_l3,anzsco_4digit,QLD,3341,runup_from_2020,0.5712119767858335
aus_l3,anzsco_4digit,QLD,3411,runup_from_2019,0.5798211114234091
aus_l3,anzsco_4digit,QLD,3411,runup_from_2020,0.7394914207582435
aus_l3,anzsco_4digit,QLD,3421,runup_from_2019,0.5898176095889749
aus_l3,anzsco_4digit,QLD,3421,runup_from_2020,0.5370475667524781
aus_l3,anzsco_4digit,QLD,3422,runup_from_2019,0.6808012826258429
aus_l3,anzsco_4digit,QLD,3422,runup_from_2020,0.9650808067578711
aus_l3,anzsco_4digit,QLD,3423,runup_from_2019,0.35845906573223374
aus_l3,anzsco_4digit,QLD,3423,runup_from_2020,0.7412245613866362
aus_l3,anzsco_4digit,QLD,3424,runup_from_2019,0.3399599015705541
aus_l3,anzsco_4digit,QLD,3424,runup_from_2020,0.5293718375247494
aus_l3,anzsco_4digit,QLD,3511,runup_from_2019,1.062136700180468
aus_l3,anzsco_4digit,QLD,3511,runup_from_2020,0.9849853144124232
aus_l3,anzsco_4digit,QLD,3512,runup_from_2019,0.6421124664646256
aus_l3,anzsco_4digit,QLD,3512,runup_from_2020,0.4524469294971327
aus_l3,anzsco_4digit,QLD,3513,runup_from_2019,0.6019771221166064
aus_l3,anzsco_4digit,QLD,3513,runup_from_2020,0.8210981882065189
aus_l3,anzsco_4digit,QLD,3514,runup_from_2019,0.7289697639198449
aus_l3,anzsco_4digit,QLD,3514,runup_from_2020,0.7787845868492393
aus_l3,anzsco_4digit,QLD,3611,runup_from_2019,0.46832430893068455
aus_l3,anzsco_4digit,QLD,3611,runup_from_2020,0.2751557291220177
aus_l3,anzsco_4digit,QLD,3612,runup_from_2019,0.520533759207839
aus_l3,anzsco_4digit,QLD,3612,runup_from_2020,0.5705451929159748
aus_l3,anzsco_4digit,QLD,3613,runup_from_2019,1.4857479029749554
aus_l3,anzsco_4digit,QLD,3613,runup_from_2020,1.1161755483005438
aus_l3,anzsco_4digit,QLD,3621,runup_from_2019,0.8371864709134302
aus_l3,anzsco_4digit,QLD,3621,runup_from_2020,0.4411552989168883
aus_l3,anzsco_4digit,QLD,3622,runup_from_2019,0.712993218128946
aus_l3,anzsco_4digit,QLD,3622,runup_from_2020,0.7083312001157349
aus_l3,anzsco_4digit,QLD,3623,runup_from_2019,0.8093703729605402
aus_l3,anzsco_4digit,QLD,3623,runup_from_2020,0.9687113883422622
aus_l3,anzsco_4digit,QLD,3624,runup_from_2019,0.1871525200915074
aus_l3,anzsco_4digit,QLD,3624,runup_from_2020,0.24959490073513013
aus_l3,anzsco_4digit,QLD,3911,runup_from_2019,0.39086031490330875
aus_l3,anzsco_4digit,QLD,3911,runup_from_2020,0.29605148525544145
aus_l3,anzsco_4digit,QLD,3921,runup_from_2019,0.37707630987326524
aus_l3,anzsco_4digit,QLD,3921,runup_from_2020,0.6471030944145781
aus_l3,anzsco_4digit,QLD,3922,runup_from_2019,0.6271892127681478
aus_l3,anzsco_4digit,QLD,3922,runup_from_2020,0.44605026988005436
aus_l3,anzsco_4digit,QLD,3923,runup_from_2019,0.4213385385243067
aus_l3,anzsco_4digit,QLD,3923,runup_from_2020,0.7010522813268978
aus_l3,anzsco_4digit,QLD,3931,runup_from_2019,0.18232185679384955
aus_l3,anzsco_4digit,QLD,3931,runup_from_2020,0.08701260426249657
aus_l3,anzsco_4digit,QLD,3932,runup_from_2019,0.8793763281916236
aus_l3,anzsco_4digit,QLD,3932,runup_from_2020,0.7185365831282304
aus_l3,anzsco_4digit,QLD,3933,runup_from_2019,0.2825669458823401
aus_l3,anzsco_4digit,QLD,3933,runup_from_2020,0.22796290575462552
aus_l3,anzsco_4digit,QLD,3941,runup_from_2019,0.5678307351037777
aus_l3,anzsco_4digit,QLD,3941,runup_from_2020,0.5642602186588803
aus_l3,anzsco_4digit,QLD,3942,runup_from_2019,0.3902343380725104
aus_l3,anzsco_4digit,QLD,3942,runup_from_2020,0.38785064218262333
aus_l3,anzsco_4digit,QLD,3991,runup_from_2019,0.8070914944752907
aus_l3,anzsco_4digit,QLD,3991,runup_from_2020,0.7590052092854807
aus_l3,anzsco_4digit,QLD,3992,runup_from_2019,-0.05494105425019313
aus_l3,anzsco_4digit,QLD,3992,runup_from_2020,0.3600027506427028
aus_l3,anzsco_4digit,QLD,3993,runup_from_2019,0.5060522493195485
aus_l3,anzsco_4digit,QLD,3993,runup_from_2020,0.767622971582098
aus_l3,anzsco_4digit,QLD,3994,runup_from_2019,1.1501351842023246
aus_l3,anzsco_4digit,QLD,3994,runup_from_2020,0.9119337312327682
aus_l3,anzsco_4digit,QLD,3995,runup_from_2019,0.48158866647918375
aus_l3,anzsco_4digit,QLD,3995,runup_from_2020,0.5308028527007247
aus_l3,anzsco_4digit,QLD,3996,runup_from_2019,0.09716345177943886
aus_l3,anzsco_4digit,QLD,3996,runup_from_2020,0.3426640707982771
aus_l3,anzsco_4digit,QLD,3999,runup_from_2019,0.8387383625781775
aus_l3,anzsco_4digit,QLD,3999,runup_from_2020,0.8558432512543259
aus_l3,anzsco_4digit,QLD,4111,runup_from_2019,0.28103767029603954
aus_l3,anzsco_4digit,QLD,4111,runup_from_2020,0.3893456274275455
aus_l3,anzsco_4digit,QLD,4112,runup_from_2019,0.7040973189593207
aus_l3,anzsco_4digit,QLD,4112,runup_from_2020,0.4924181919960051
aus_l3,anzsco_4digit,QLD,4113,runup_from_2019,0.7248287860242346
aus_l3,anzsco_4digit,QLD,4113,runup_from_2020,0.8479910736129717
aus_l3,anzsco_4digit,QLD,4114,runup_from_2019,0.752882053990179
aus_l3,anzsco_4digit,QLD,4114,runup_from_2020,0.87049638425251
aus_l3,anzsco_4digit,QLD,4115,runup_from_2019,0.3327939843819845
aus_l3,anzsco_4digit,QLD,4115,runup_from_2020,0.26942425362695843
aus_l3,anzsco_4digit,QLD,4116,runup_from_2019,0.6133947719186215
aus_l3,anzsco_4digit,QLD,4116,runup_from_2020,0.39701034661223344
aus_l3,anzsco_4digit,QLD,4117,runup_from_2019,0.668659597899885
aus_l3,anzsco_4digit,QLD,4117,runup_from_2020,0.5861920104567941
aus_l3,anzsco_4digit,QLD,4211,runup_from_2019,0.8783760088496511
aus_l3,anzsco_4digit,QLD,4211,runup_from_2020,0.9254740443639653
aus_l3,anzsco_4digit,QLD,4221,runup_from_2019,0.43693324305780745
aus_l3,anzsco_4digit,QLD,4221,runup_from_2020,0.638734306924917
aus_l3,anzsco_4digit,QLD,4231,runup_from_2019,0.7679401371540049
aus_l3,anzsco_4digit,QLD,4231,runup_from_2020,0.6209201399799138
aus_l3,anzsco_4digit,QLD,4232,runup_from_2019,0.5712239578793978
aus_l3,anzsco_4digit,QLD,4232,runup_from_2020,0.4354415004645169
aus_l3,anzsco_4digit,QLD,4233,runup_from_2019,0.8865879277080282
aus_l3,anzsco_4digit,QLD,4233,runup_from_2020,0.6329645969468016
aus_l3,anzsco_4digit,QLD,4234,runup_from_2019,0.13948509152055788
aus_l3,anzsco_4digit,QLD,4234,runup_from_2020,0.28675911905410567
aus_l3,anzsco_4digit,QLD,4311,runup_from_2019,0.7308302571481136
aus_l3,anzsco_4digit,QLD,4311,runup_from_2020,0.8532855742567911
aus_l3,anzsco_4digit,QLD,4312,runup_from_2019,0.3793739847310533
aus_l3,anzsco_4digit,QLD,4312,runup_from_2020,0.6307407060569723
aus_l3,anzsco_4digit,QLD,4313,runup_from_2019,0.46021564958907746
aus_l3,anzsco_4digit,QLD,4313,runup_from_2020,0.48049061959592
aus_l3,anzsco_4digit,QLD,4314,runup_from_2019,0.6696856429842897
aus_l3,anzsco_4digit,QLD,4314,runup_from_2020,0.843349249478909
aus_l3,anzsco_4digit,QLD,4315,runup_from_2019,1.0627545226094934
aus_l3,anzsco_4digit,QLD,4315,runup_from_2020,1.154962661530913
aus_l3,anzsco_4digit,QLD,4412,runup_from_2019,0.713938056567863
aus_l3,anzsco_4digit,QLD,4412,runup_from_2020,0.8829036541130211
aus_l3,anzsco_4digit,QLD,4413,runup_from_2019,0.258863296596222
aus_l3,anzsco_4digit,QLD,4413,runup_from_2020,-0.35139699015179887
aus_l3,anzsco_4digit,QLD,4421,runup_from_2019,0.4932812698672926
aus_l3,anzsco_4digit,QLD,4421,runup_from_2020,0.5377330324381264
aus_l3,anzsco_4digit,QLD,4422,runup_from_2019,0.7235248543135757
aus_l3,anzsco_4digit,QLD,4422,runup_from_2020,0.7277882359742023
aus_l3,anzsco_4digit,QLD,4511,runup_from_2019,0.5200981552992099
aus_l3,anzsco_4digit,QLD,4511,runup_from_2020,0.43234062267646145
aus_l3,anzsco_4digit,QLD,4512,runup_from_2019,0.19955460172085848
aus_l3,anzsco_4digit,QLD,4512,runup_from_2020,0.15164119328575887
aus_l3,anzsco_4digit,QLD,4513,runup_from_2019,0.6205765277251107
aus_l3,anzsco_4digit,QLD,4513,runup_from_2020,0.5813556207256867
aus_l3,anzsco_4digit,QLD,4514,runup_from_2019,0.4740074952289546
aus_l3,anzsco_4digit,QLD,4514,runup_from_2020,1.3979283356352965
aus_l3,anzsco_4digit,QLD,4515,runup_from_2019,-0.5500456702528276
aus_l3,anzsco_4digit,QLD,4515,runup_from_2020,-0.25378019893718184
aus_l3,anzsco_4digit,QLD,4516,runup_from_2019,-0.2627717799714686
aus_l3,anzsco_4digit,QLD,4516,runup_from_2020,1.0366082286562528
aus_l3,anzsco_4digit,QLD,4517,runup_from_2019,0.3184537189432104
aus_l3,anzsco_4digit,QLD,4517,runup_from_2020,1.076139179569338
aus_l3,anzsco_4digit,QLD,4521,runup_from_2019,-0.13765772763341655
aus_l3,anzsco_4digit,QLD,4521,runup_from_2020,0.15918169629731516
aus_l3,anzsco_4digit,QLD,4522,runup_from_2019,0.850907991085476
aus_l3,anzsco_4digit,QLD,4522,runup_from_2020,0.6877562238169549
aus_l3,anzsco_4digit,QLD,4523,runup_from_2019,0.7761495232712461
aus_l3,anzsco_4digit,QLD,4523,runup_from_2020,0.765805637294096
aus_l3,anzsco_4digit,QLD,4524,runup_from_2019,0.45985132155722575
aus_l3,anzsco_4digit,QLD,4524,runup_from_2020,0.660522091093454
aus_l3,anzsco_4digit,QLD,5111,runup_from_2019,0.33111412593242484
aus_l3,anzsco_4digit,QLD,5111,runup_from_2020,0.7490002004867371
aus_l3,anzsco_4digit,QLD,5121,runup_from_2019,0.5274738810231288
aus_l3,anzsco_4digit,QLD,5121,runup_from_2020,0.6893354520148387
aus_l3,anzsco_4digit,QLD,5122,runup_from_2019,0.7777446199137383
aus_l3,anzsco_4digit,QLD,5122,runup_from_2020,0.659631962537488
aus_l3,anzsco_4digit,QLD,5211,runup_from_2019,-0.2868980651714734
aus_l3,anzsco_4digit,QLD,5211,runup_from_2020,0.0760993507559693
aus_l3,anzsco_4digit,QLD,5212,runup_from_2019,0.7403126459912341
aus_l3,anzsco_4digit,QLD,5212,runup_from_2020,1.0254726406139998
aus_l3,anzsco_4digit,QLD,5311,runup_from_2019,0.5748332761387518
aus_l3,anzsco_4digit,QLD,5311,runup_from_2020,0.7701475681197802
aus_l3,anzsco_4digit,QLD,5321,runup_from_2019,0.3750469487875572
aus_l3,anzsco_4digit,QLD,5321,runup_from_2020,0.6389208147418359
aus_l3,anzsco_4digit,QLD,5411,runup_from_2019,0.6345943885562626
aus_l3,anzsco_4digit,QLD,5411,runup_from_2020,0.8356735824593722
aus_l3,anzsco_4digit,QLD,5412,runup_from_2019,0.7540243758471608
aus_l3,anzsco_4digit,QLD,5412,runup_from_2020,1.1835628474254563
aus_l3,anzsco_4digit,QLD,5421,runup_from_2019,0.6058621939319853
aus_l3,anzsco_4digit,QLD,5421,runup_from_2020,0.6066148062953491
aus_l3,anzsco_4digit,QLD,5511,runup_from_2019,0.38676701555165494
aus_l3,anzsco_4digit,QLD,5511,runup_from_2020,0.8149059326445105
aus_l3,anzsco_4digit,QLD,5512,runup_from_2019,0.4177749000449147
aus_l3,anzsco_4digit,QLD,5512,runup_from_2020,0.6239757206288123
aus_l3,anzsco_4digit,QLD,5513,runup_from_2019,0.42598439177190794
aus_l3,anzsco_4digit,QLD,5513,runup_from_2020,0.7685437203174983
aus_l3,anzsco_4digit,QLD,5521,runup_from_2019,0.6772812527465559
aus_l3,anzsco_4digit,QLD,5521,runup_from_2020,0.9670230653969334
aus_l3,anzsco_4digit,QLD,5522,runup_from_2019,0.6321448465235395
aus_l3,anzsco_4digit,QLD,5522,runup_from_2020,0.8953091407244083
aus_l3,anzsco_4digit,QLD,5523,runup_from_2019,0.36360263720802566
aus_l3,anzsco_4digit,QLD,5523,runup_from_2020,0.5840761669182273
aus_l3,anzsco_4digit,QLD,5611,runup_from_2019,0.06899430005940038
aus_l3,anzsco_4digit,QLD,5611,runup_from_2020,-0.10536071565780636
aus_l3,anzsco_4digit,QLD,5612,runup_from_2019,0.5825234961355541
aus_l3,anzsco_4digit,QLD,5612,runup_from_2020,0.8270555845031051
aus_l3,anzsco_4digit,QLD,5613,runup_from_2019,0.20426969416388152
aus_l3,anzsco_4digit,QLD,5613,runup_from_2020,0.8325243263179618
aus_l3,anzsco_4digit,QLD,5614,runup_from_2019,0.5420398205920233
aus_l3,anzsco_4digit,QLD,5614,runup_from_2020,0.49441191624250946
aus_l3,anzsco_4digit,QLD,5615,runup_from_2019,0.4288219528287365
aus_l3,anzsco_4digit,QLD,5615,runup_from_2020,0.7519508746763242
aus_l3,anzsco_4digit,QLD,5616,runup_from_2019,0.6309049523534089
aus_l3,anzsco_4digit,QLD,5616,runup_from_2020,0.2027116454730068
aus_l3,anzsco_4digit,QLD,5619,runup_from_2019,0.6184484507225969
aus_l3,anzsco_4digit,QLD,5619,runup_from_2020,0.7965562336749925
aus_l3,anzsco_4digit,QLD,5911,runup_from_2019,0.6352972799607892
aus_l3,anzsco_4digit,QLD,5911,runup_from_2020,0.8410186084573432
aus_l3,anzsco_4digit,QLD,5912,runup_from_2019,0.6312561091228428
aus_l3,anzsco_4digit,QLD,5912,runup_from_2020,0.8649484766797206
aus_l3,anzsco_4digit,QLD,5991,runup_from_2019,0.5126930309227218
aus_l3,anzsco_4digit,QLD,5991,runup_from_2020,0.4789991892883716
aus_l3,anzsco_4digit,QLD,5992,runup_from_2019,0.8097151841427408
aus_l3,anzsco_4digit,QLD,5992,runup_from_2020,0.8193239884726671
aus_l3,anzsco_4digit,QLD,5993,runup_from_2019,0.06464837395774614
aus_l3,anzsco_4digit,QLD,5993,runup_from_2020,0.6064104541311486
aus_l3,anzsco_4digit,QLD,5994,runup_from_2019,1.0441986471337077
aus_l3,anzsco_4digit,QLD,5994,runup_from_2020,1.118546504231237
aus_l3,anzsco_4digit,QLD,5995,runup_from_2019,0.5003307808451556
aus_l3,anzsco_4digit,QLD,5995,runup_from_2020,0.7023833852152999
aus_l3,anzsco_4digit,QLD,5996,runup_from_2019,0.6425718057002072
aus_l3,anzsco_4digit,QLD,5996,runup_from_2020,0.8416410239591441
aus_l3,anzsco_4digit,QLD,5997,runup_from_2019,0.4689569101220139
aus_l3,anzsco_4digit,QLD,5997,runup_from_2020,0.6724210991769468
aus_l3,anzsco_4digit,QLD,5999,runup_from_2019,0.6037543793920839
aus_l3,anzsco_4digit,QLD,5999,runup_from_2020,0.8139004674099102
aus_l3,anzsco_4digit,QLD,6111,runup_from_2019,0.16551449949454522
aus_l3,anzsco_4digit,QLD,6111,runup_from_2020,0.2708752818191803
aus_l3,anzsco_4digit,QLD,6112,runup_from_2019,0.6797087233931611
aus_l3,anzsco_4digit,QLD,6112,runup_from_2020,0.7644343736602872
aus_l3,anzsco_4digit,QLD,6113,runup_from_2019,0.41348505705689576
aus_l3,anzsco_4digit,QLD,6113,runup_from_2020,0.6106602423169623
aus_l3,anzsco_4digit,QLD,6121,runup_from_2019,0.38490527635442273
aus_l3,anzsco_4digit,QLD,6121,runup_from_2020,0.44434792214981744
aus_l3,anzsco_4digit,QLD,6211,runup_from_2019,0.7711390652455954
aus_l3,anzsco_4digit,QLD,6211,runup_from_2020,0.8055727057304534
aus_l3,anzsco_4digit,QLD,6212,runup_from_2019,0.1597584902156317
aus_l3,anzsco_4digit,QLD,6212,runup_from_2020,0.5266092695330965
aus_l3,anzsco_4digit,QLD,6213,runup_from_2019,0.5742813095626191
aus_l3,anzsco_4digit,QLD,6213,runup_from_2020,0.6065421720173978
aus_l3,anzsco_4digit,QLD,6214,runup_from_2019,1.2075959767382178
aus_l3,anzsco_4digit,QLD,6214,runup_from_2020,1.210018764084182
aus_l3,anzsco_4digit,QLD,6215,runup_from_2019,0.6230432170312232
aus_l3,anzsco_4digit,QLD,6215,runup_from_2020,0.6969197639150644
aus_l3,anzsco_4digit,QLD,6216,runup_from_2019,0.19031591927573377
aus_l3,anzsco_4digit,QLD,6216,runup_from_2020,-0.5686084749813491
aus_l3,anzsco_4digit,QLD,6217,runup_from_2019,0.0809064875386698
aus_l3,anzsco_4digit,QLD,6217,runup_from_2020,0.10363468243644913
aus_l3,anzsco_4digit,QLD,6219,runup_from_2019,0.25500318194809957
aus_l3,anzsco_4digit,QLD,6219,runup_from_2020,0.45838753393498477
aus_l3,anzsco_4digit,QLD,6311,runup_from_2019,1.0187295394066869
aus_l3,anzsco_4digit,QLD,6311,runup_from_2020,1.0598714219317231
aus_l3,anzsco_4digit,QLD,6391,runup_from_2019,0.6844035248453411
aus_l3,anzsco_4digit,QLD,6391,runup_from_2020,0.9221305742051493
aus_l3,anzsco_4digit,QLD,6392,runup_from_2019,0.48285175285763815
aus_l3,anzsco_4digit,QLD,6392,runup_from_2020,0.7591052436819461
aus_l3,anzsco_4digit,QLD,6393,runup_from_2019,-0.14627299771708646
aus_l3,anzsco_4digit,QLD,6393,runup_from_2020,0.16090468901281296
aus_l3,anzsco_4digit,QLD,6394,runup_from_2019,0.6440374294059583
aus_l3,anzsco_4digit,QLD,6394,runup_from_2020,0.947823103192218
aus_l3,anzsco_4digit,QLD,6395,runup_from_2019,0.6172234426991827
aus_l3,anzsco_4digit,QLD,6395,runup_from_2020,1.1946859352950787
aus_l3,anzsco_4digit,QLD,6399,runup_from_2019,-0.16459673924957574
aus_l3,anzsco_4digit,QLD,6399,runup_from_2020,0.6389099206066997
aus_l3,anzsco_4digit,QLD,7111,runup_from_2019,0.25378086560362634
aus_l3,anzsco_4digit,QLD,7111,runup_from_2020,0.14842134994630002
aus_l3,anzsco_4digit,QLD,7112,runup_from_2019,0.5845250376567899
aus_l3,anzsco_4digit,QLD,7112,runup_from_2020,0.5535584892882137
aus_l3,anzsco_4digit,QLD,7113,runup_from_2019,0.6134085689580775
aus_l3,anzsco_4digit,QLD,7113,runup_from_2020,0.15811143787255189
aus_l3,anzsco_4digit,QLD,7114,runup_from_2019,0.4453120799182905
aus_l3,anzsco_4digit,QLD,7114,runup_from_2020,0.37469442955568055
aus_l3,anzsco_4digit,QLD,7115,runup_from_2019,0.33218379870669024
aus_l3,anzsco_4digit,QLD,7115,runup_from_2020,0.5135842683958387
aus_l3,anzsco_4digit,QLD,7116,runup_from_2019,0.7287648543407781
aus_l3,anzsco_4digit,QLD,7116,runup_from_2020,0.5287882928901637
aus_l3,anzsco_4digit,QLD,7117,runup_from_2019,0.4195502340931282
aus_l3,anzsco_4digit,QLD,7117,runup_from_2020,0.15882353737809263
aus_l3,anzsco_4digit,QLD,7119,runup_from_2019,0.7095074649747231
aus_l3,anzsco_4digit,QLD,7119,runup_from_2020,0.6057977908496825
aus_l3,anzsco_4digit,QLD,7121,runup_from_2019,0.8586616506759364
aus_l3,anzsco_4digit,QLD,7121,runup_from_2020,0.9229038734853856
aus_l3,anzsco_4digit,QLD,7122,runup_from_2019,0.3311780602660699
aus_l3,anzsco_4digit,QLD,7122,runup_from_2020,0.7890935612301977
aus_l3,anzsco_4digit,QLD,7123,runup_from_2019,0.1545356904194879
aus_l3,anzsco_4digit,QLD,7123,runup_from_2020,0.25810083756002644
aus_l3,anzsco_4digit,QLD,7129,runup_from_2019,0.41413387130528
aus_l3,anzsco_4digit,QLD,7129,runup_from_2020,0.6403137626559836
aus_l3,anzsco_4digit,QLD,7211,runup_from_2019,0.7952187084457458
aus_l3,anzsco_4digit,QLD,7211,runup_from_2020,0.5225745204819785
aus_l3,anzsco_4digit,QLD,7212,runup_from_2019,0.48586534302107864
aus_l3,anzsco_4digit,QLD,7212,runup_from_2020,0.4002495445897498
aus_l3,anzsco_4digit,QLD,7213,runup_from_2019,0.7366975984773809
aus_l3,anzsco_4digit,QLD,7213,runup_from_2020,0.6027250159723412
aus_l3,anzsco_4digit,QLD,7219,runup_from_2019,0.6470784527259053
aus_l3,anzsco_4digit,QLD,7219,runup_from_2020,0.6347144270665002
aus_l3,anzsco_4digit,QLD,7311,runup_from_2019,0.5760905742193396
aus_l3,anzsco_4digit,QLD,7311,runup_from_2020,0.6567795177149356
aus_l3,anzsco_4digit,QLD,7312,runup_from_2019,0.5515419600042768
aus_l3,anzsco_4digit,QLD,7312,runup_from_2020,0.6843786947432018
aus_l3,anzsco_4digit,QLD,7313,runup_from_2019,0.7669334407092707
aus_l3,anzsco_4digit,QLD,7313,runup_from_2020,0.6166510700504615
aus_l3,anzsco_4digit,QLD,7321,runup_from_2019,1.2093978001923373
aus_l3,anzsco_4digit,QLD,7321,runup_from_2020,0.8924257670802955
aus_l3,anzsco_4digit,QLD,7331,runup_from_2019,0.7234031184609346
aus_l3,anzsco_4digit,QLD,7331,runup_from_2020,0.7223258607415142
aus_l3,anzsco_4digit,QLD,7411,runup_from_2019,0.7783893423780324
aus_l3,anzsco_4digit,QLD,7411,runup_from_2020,0.7308458062599881
aus_l3,anzsco_4digit,QLD,8111,runup_from_2019,0.6427036757061337
aus_l3,anzsco_4digit,QLD,8111,runup_from_2020,0.789539033957019
aus_l3,anzsco_4digit,QLD,8112,runup_from_2019,0.9467761977414133
aus_l3,anzsco_4digit,QLD,8112,runup_from_2020,0.7857936446333689
aus_l3,anzsco_4digit,QLD,8113,runup_from_2019,1.5654663309739283
aus_l3,anzsco_4digit,QLD,8113,runup_from_2020,0.8554805297624277
aus_l3,anzsco_4digit,QLD,8114,runup_from_2019,1.044839365563769
aus_l3,anzsco_4digit,QLD,8114,runup_from_2020,1.113697545151891
aus_l3,anzsco_4digit,QLD,8115,runup_from_2019,0.5950998136341314
aus_l3,anzsco_4digit,QLD,8115,runup_from_2020,0.6634419515045282
aus_l3,anzsco_4digit,QLD,8116,runup_from_2019,0.6451379282714438
aus_l3,anzsco_4digit,QLD,8116,runup_from_2020,0.5467730092665284
aus_l3,anzsco_4digit,QLD,8211,runup_from_2019,0.7490139377462004
aus_l3,anzsco_4digit,QLD,8211,runup_from_2020,0.7979211817156795
aus_l3,anzsco_4digit,QLD,8212,runup_from_2019,0.551943841264769
aus_l3,anzsco_4digit,QLD,8212,runup_from_2020,0.5211472588538615
aus_l3,anzsco_4digit,QLD,8213,runup_from_2019,0.7634792958323582
aus_l3,anzsco_4digit,QLD,8213,runup_from_2020,0.43276644946555054
aus_l3,anzsco_4digit,QLD,8214,runup_from_2019,0.944042735541561
aus_l3,anzsco_4digit,QLD,8214,runup_from_2020,0.3779869074477076
aus_l3,anzsco_4digit,QLD,8215,runup_from_2019,0.2889501766327258
aus_l3,anzsco_4digit,QLD,8215,runup_from_2020,0.24914402577421502
aus_l3,anzsco_4digit,QLD,8216,runup_from_2019,0.06798739123619035
aus_l3,anzsco_4digit,QLD,8216,runup_from_2020,0.16833531481921482
aus_l3,anzsco_4digit,QLD,8217,runup_from_2019,0.4125859831675367
aus_l3,anzsco_4digit,QLD,8217,runup_from_2020,0.5841980559183426
aus_l3,anzsco_4digit,QLD,8219,runup_from_2019,0.4905276362994404
aus_l3,anzsco_4digit,QLD,8219,runup_from_2020,0.5964074768385066
aus_l3,anzsco_4digit,QLD,8311,runup_from_2019,0.34333332840537656
aus_l3,anzsco_4digit,QLD,8311,runup_from_2020,0.41483289318649375
aus_l3,anzsco_4digit,QLD,8312,runup_from_2019,-0.08475994257936126
aus_l3,anzsco_4digit,QLD,8312,runup_from_2020,-0.052566846662793765
aus_l3,anzsco_4digit,QLD,8313,runup_from_2019,-0.01869206712415883
aus_l3,anzsco_4digit,QLD,8313,runup_from_2020,0.03566909066260715
aus_l3,anzsco_4digit,QLD,8321,runup_from_2019,0.8128475054800903
aus_l3,anzsco_4digit,QLD,8321,runup_from_2020,0.5756283832453502
aus_l3,anzsco_4digit,QLD,8322,runup_from_2019,1.1541580359107293
aus_l3,anzsco_4digit,QLD,8322,runup_from_2020,1.0005812556721003
aus_l3,anzsco_4digit,QLD,8391,runup_from_2019,0.5168678779809877
aus_l3,anzsco_4digit,QLD,8391,runup_from_2020,0.5068173421275062
aus_l3,anzsco_4digit,QLD,8392,runup_from_2019,0
aus_l3,anzsco_4digit,QLD,8392,runup_from_2020,-0.02739870391780766
aus_l3,anzsco_4digit,QLD,8393,runup_from_2019,0.3659472601309366
aus_l3,anzsco_4digit,QLD,8393,runup_from_2020,0.6435682683035733
aus_l3,anzsco_4digit,QLD,8394,runup_from_2019,-0.08751957116280207
aus_l3,anzsco_4digit,QLD,8394,runup_from_2020,0.23233151864437862
aus_l3,anzsco_4digit,QLD,8399,runup_from_2019,0.6436835871815534
aus_l3,anzsco_4digit,QLD,8399,runup_from_2020,0.41625270400587944
aus_l3,anzsco_4digit,QLD,8411,runup_from_2019,0.375789460443968
aus_l3,anzsco_4digit,QLD,8411,runup_from_2020,0.34130362335590714
aus_l3,anzsco_4digit,QLD,8412,runup_from_2019,1.5059588648759794
aus_l3,anzsco_4digit,QLD,8412,runup_from_2020,1.1352584344406815
aus_l3,anzsco_4digit,QLD,8413,runup_from_2019,0.3358013879100712
aus_l3,anzsco_4digit,QLD,8413,runup_from_2020,0.5209439905372071
aus_l3,anzsco_4digit,QLD,8414,runup_from_2019,0.6826883850890182
aus_l3,anzsco_4digit,QLD,8414,runup_from_2020,0.39708934269534435
aus_l3,anzsco_4digit,QLD,8415,runup_from_2019,0.2422101684729503
aus_l3,anzsco_4digit,QLD,8415,runup_from_2020,0.19754580491991858
aus_l3,anzsco_4digit,QLD,8416,runup_from_2019,0.6426585959881872
aus_l3,anzsco_4digit,QLD,8416,runup_from_2020,0.3181395384007888
aus_l3,anzsco_4digit,QLD,8419,runup_from_2019,0.6208689802386909
aus_l3,anzsco_4digit,QLD,8419,runup_from_2020,0.26023362717872356
aus_l3,anzsco_4digit,QLD,8511,runup_from_2019,0.13577300095424016
aus_l3,anzsco_4digit,QLD,8511,runup_from_2020,0.24173198412954378
aus_l3,anzsco_4digit,QLD,8512,runup_from_2019,0.21152895401255245
aus_l3,anzsco_4digit,QLD,8512,runup_from_2020,0.08378788976089746
aus_l3,anzsco_4digit,QLD,8513,runup_from_2019,1.0452557477543163
aus_l3,anzsco_4digit,QLD,8513,runup_from_2020,1.136396405467612
aus_l3,anzsco_4digit,QLD,8911,runup_from_2019,0.8091436514336863
aus_l3,anzsco_4digit,QLD,8911,runup_from_2020,0.6980765878632211
aus_l3,anzsco_4digit,QLD,8912,runup_from_2019,2.292231195671823
aus_l3,anzsco_4digit,QLD,8912,runup_from_2020,0.7502545967712271
aus_l3,anzsco_4digit,QLD,8991,runup_from_2019,0.6022240690052101
aus_l3,anzsco_4digit,QLD,8991,runup_from_2020,0.6312717123401788
aus_l3,anzsco_4digit,QLD,8992,runup_from_2019,0.3391203612541629
aus_l3,anzsco_4digit,QLD,8992,runup_from_2020,0.7114962347469715
aus_l3,anzsco_4digit,QLD,8993,runup_from_2019,0.7903507469572562
aus_l3,anzsco_4digit,QLD,8993,runup_from_2020,0.9732019131917102
aus_l3,anzsco_4digit,QLD,8994,runup_from_2019,0.6215745489078279
aus_l3,anzsco_4digit,QLD,8994,runup_from_2020,0.47148869757072154
aus_l3,anzsco_4digit,QLD,8995,runup_from_2019,0.7204216333517923
aus_l3,anzsco_4digit,QLD,8995,runup_from_2020,0.6665969809231851
aus_l3,anzsco_4digit,QLD,8996,runup_from_2019,0.34016004619288376
aus_l3,anzsco_4digit,QLD,8996,runup_from_2020,0.6394032598108003
aus_l3,anzsco_4digit,QLD,8997,runup_from_2019,0.7680490523071634
aus_l3,anzsco_4digit,QLD,8997,runup_from_2020,0.7905216960378909
aus_l3,anzsco_4digit,QLD,8999,runup_from_2019,0.631694936277226
aus_l3,anzsco_4digit,QLD,8999,runup_from_2020,0.5789839123584688
aus_l3,anzsco_4digit,SA,1111,runup_from_2019,0.4735303723034363
aus_l3,anzsco_4digit,SA,1111,runup_from_2020,0.5518921382577964
aus_l3,anzsco_4digit,SA,1112,runup_from_2019,0.5417582286640279
aus_l3,anzsco_4digit,SA,1112,runup_from_2020,0.6247550828205952
aus_l3,anzsco_4digit,SA,1211,runup_from_2019,-0.2231422179799875
aus_l3,anzsco_4digit,SA,1211,runup_from_2020,-0.22314355131420976
aus_l3,anzsco_4digit,SA,1212,runup_from_2019,0.49899089511061145
aus_l3,anzsco_4digit,SA,1212,runup_from_2020,0.7444405144211821
aus_l3,anzsco_4digit,SA,1213,runup_from_2019,0.7820267959984102
aus_l3,anzsco_4digit,SA,1213,runup_from_2020,0.5901354035728461
aus_l3,anzsco_4digit,SA,1214,runup_from_2019,0.4067613882973615
aus_l3,anzsco_4digit,SA,1214,runup_from_2020,0.29287691523562076
aus_l3,anzsco_4digit,SA,1311,runup_from_2019,0.32173588509057716
aus_l3,anzsco_4digit,SA,1311,runup_from_2020,0.522575768193696
aus_l3,anzsco_4digit,SA,1321,runup_from_2019,0.39738098321469906
aus_l3,anzsco_4digit,SA,1321,runup_from_2020,0.5584800516272512
aus_l3,anzsco_4digit,SA,1322,runup_from_2019,0.4663913399758002
aus_l3,anzsco_4digit,SA,1322,runup_from_2020,0.4996299711862031
aus_l3,anzsco_4digit,SA,1323,runup_from_2019,0.7582724383056085
aus_l3,anzsco_4digit,SA,1323,runup_from_2020,0.8760554446192681
aus_l3,anzsco_4digit,SA,1324,runup_from_2019,0.7022341433313
aus_l3,anzsco_4digit,SA,1324,runup_from_2020,0.7357702445507557
aus_l3,anzsco_4digit,SA,1325,runup_from_2019,0.679391941725068
aus_l3,anzsco_4digit,SA,1325,runup_from_2020,0.9401182530198611
aus_l3,anzsco_4digit,SA,1331,runup_from_2019,0.5548227525988318
aus_l3,anzsco_4digit,SA,1331,runup_from_2020,0.6752744146306879
aus_l3,anzsco_4digit,SA,1332,runup_from_2019,0.5143130554041897
aus_l3,anzsco_4digit,SA,1332,runup_from_2020,0.8542848758332386
aus_l3,anzsco_4digit,SA,1333,runup_from_2019,0.14953085583466053
aus_l3,anzsco_4digit,SA,1333,runup_from_2020,0.251313872725196
aus_l3,anzsco_4digit,SA,1334,runup_from_2019,0.2102953428055373
aus_l3,anzsco_4digit,SA,1334,runup_from_2020,0.33474892896836395
aus_l3,anzsco_4digit,SA,1335,runup_from_2019,0.6353523187779078
aus_l3,anzsco_4digit,SA,1335,runup_from_2020,0.6107003149405825
aus_l3,anzsco_4digit,SA,1336,runup_from_2019,0.6850499300047459
aus_l3,anzsco_4digit,SA,1336,runup_from_2020,0.5459895362236575
aus_l3,anzsco_4digit,SA,1341,runup_from_2019,0.7384808226684072
aus_l3,anzsco_4digit,SA,1341,runup_from_2020,0.7768901537062716
aus_l3,anzsco_4digit,SA,1342,runup_from_2019,0.4278428670804284
aus_l3,anzsco_4digit,SA,1342,runup_from_2020,0.6373186977198584
aus_l3,anzsco_4digit,SA,1343,runup_from_2019,0.1347324739798399
aus_l3,anzsco_4digit,SA,1343,runup_from_2020,0.19927110088665256
aus_l3,anzsco_4digit,SA,1344,runup_from_2019,0.32850369363875775
aus_l3,anzsco_4digit,SA,1344,runup_from_2020,0.8964880645779745
aus_l3,anzsco_4digit,SA,1351,runup_from_2019,0.7594290811914233
aus_l3,anzsco_4digit,SA,1351,runup_from_2020,0.6566098782294452
aus_l3,anzsco_4digit,SA,1399,runup_from_2019,0.710187049993174
aus_l3,anzsco_4digit,SA,1399,runup_from_2020,0.8494120366392015
aus_l3,anzsco_4digit,SA,1411,runup_from_2019,0.4861924147515566
aus_l3,anzsco_4digit,SA,1411,runup_from_2020,0.6986368375805383
aus_l3,anzsco_4digit,SA,1412,runup_from_2019,0.4578324221309591
aus_l3,anzsco_4digit,SA,1412,runup_from_2020,0.33647144070275625
aus_l3,anzsco_4digit,SA,1413,runup_from_2019,0.5186930317386276
aus_l3,anzsco_4digit,SA,1413,runup_from_2020,0.6956692248037379
aus_l3,anzsco_4digit,SA,1414,runup_from_2019,0.6698902889839129
aus_l3,anzsco_4digit,SA,1414,runup_from_2020,0.3779072204696552
aus_l3,anzsco_4digit,SA,1419,runup_from_2019,0.15728558852274577
aus_l3,anzsco_4digit,SA,1419,runup_from_2020,0.23732818630616626
aus_l3,anzsco_4digit,SA,1421,runup_from_2019,0.6883069891578542
aus_l3,anzsco_4digit,SA,1421,runup_from_2020,0.7654678476607355
aus_l3,anzsco_4digit,SA,1491,runup_from_2019,0.8591939699647679
aus_l3,anzsco_4digit,SA,1491,runup_from_2020,0.7315701429099082
aus_l3,anzsco_4digit,SA,1492,runup_from_2019,0.4479899662825648
aus_l3,anzsco_4digit,SA,1492,runup_from_2020,0.6907480911405277
aus_l3,anzsco_4digit,SA,1493,runup_from_2019,0.6121780760120692
aus_l3,anzsco_4digit,SA,1493,runup_from_2020,1.1004674746170897
aus_l3,anzsco_4digit,SA,1494,runup_from_2019,0.32475079528047957
aus_l3,anzsco_4digit,SA,1494,runup_from_2020,0.47789497270739334
aus_l3,anzsco_4digit,SA,1499,runup_from_2019,0.545241379714509
aus_l3,anzsco_4digit,SA,1499,runup_from_2020,0.5285661429922435
aus_l3,anzsco_4digit,SA,2111,runup_from_2019,0.9078040666203933
aus_l3,anzsco_4digit,SA,2111,runup_from_2020,0.9191356044609287
aus_l3,anzsco_4digit,SA,2112,runup_from_2019,0.3506568124582498
aus_l3,anzsco_4digit,SA,2112,runup_from_2020,-0.013986517796259257
aus_l3,anzsco_4digit,SA,2113,runup_from_2019,0.12783390605543965
aus_l3,anzsco_4digit,SA,2113,runup_from_2020,0.26396593833451065
aus_l3,anzsco_4digit,SA,2114,runup_from_2019,0.05000997029278775
aus_l3,anzsco_4digit,SA,2114,runup_from_2020,-0.1576289137157405
aus_l3,anzsco_4digit,SA,2121,runup_from_2019,-0.022990009768718428
aus_l3,anzsco_4digit,SA,2121,runup_from_2020,-0.22778389211095817
aus_l3,anzsco_4digit,SA,2122,runup_from_2019,0.531974232601597
aus_l3,anzsco_4digit,SA,2122,runup_from_2020,0.6886728112797063
aus_l3,anzsco_4digit,SA,2123,runup_from_2019,0.345361257047324
aus_l3,anzsco_4digit,SA,2123,runup_from_2020,0.4647076238347986
aus_l3,anzsco_4digit,SA,2124,runup_from_2019,0.8945390780966385
aus_l3,anzsco_4digit,SA,2124,runup_from_2020,0.9507643109770738
aus_l3,anzsco_4digit,SA,2211,runup_from_2019,0.21880080522791356
aus_l3,anzsco_4digit,SA,2211,runup_from_2020,0.5123332997401002
aus_l3,anzsco_4digit,SA,2212,runup_from_2019,0.6810391677933234
aus_l3,anzsco_4digit,SA,2212,runup_from_2020,1.0531499455991056
aus_l3,anzsco_4digit,SA,2221,runup_from_2019,0.40969344403889707
aus_l3,anzsco_4digit,SA,2221,runup_from_2020,0.3661633182386188
aus_l3,anzsco_4digit,SA,2222,runup_from_2019,1.1036500324468093
aus_l3,anzsco_4digit,SA,2222,runup_from_2020,0.7289565830053986
aus_l3,anzsco_4digit,SA,2223,runup_from_2019,0.24648159498513023
aus_l3,anzsco_4digit,SA,2223,runup_from_2020,0.5053202853977647
aus_l3,anzsco_4digit,SA,2231,runup_from_2019,0.5397670944110615
aus_l3,anzsco_4digit,SA,2231,runup_from_2020,0.7024534522577248
aus_l3,anzsco_4digit,SA,2232,runup_from_2019,-0.03448632772139015
aus_l3,anzsco_4digit,SA,2232,runup_from_2020,0.017699924843639192
aus_l3,anzsco_4digit,SA,2233,runup_from_2019,0.4131678232227367
aus_l3,anzsco_4digit,SA,2233,runup_from_2020,0.6481365542941226
aus_l3,anzsco_4digit,SA,2241,runup_from_2019,0.13213618671319383
aus_l3,anzsco_4digit,SA,2241,runup_from_2020,0.25457683125842046
aus_l3,anzsco_4digit,SA,2242,runup_from_2019,0.5672200512444734
aus_l3,anzsco_4digit,SA,2242,runup_from_2020,0.8885401381284163
aus_l3,anzsco_4digit,SA,2243,runup_from_2019,0.6617963958987667
aus_l3,anzsco_4digit,SA,2243,runup_from_2020,1.0131942827366553
aus_l3,anzsco_4digit,SA,2244,runup_from_2019,0.44114569169527584
aus_l3,anzsco_4digit,SA,2244,runup_from_2020,0.7302533845162382
aus_l3,anzsco_4digit,SA,2245,runup_from_2019,1.1071232347463074
aus_l3,anzsco_4digit,SA,2245,runup_from_2020,0.48939946742742046
aus_l3,anzsco_4digit,SA,2246,runup_from_2019,0.7938357526602595
aus_l3,anzsco_4digit,SA,2246,runup_from_2020,0.9010815756266528
aus_l3,anzsco_4digit,SA,2247,runup_from_2019,0.4853578855056111
aus_l3,anzsco_4digit,SA,2247,runup_from_2020,0.5322492510843011
aus_l3,anzsco_4digit,SA,2249,runup_from_2019,0.7340705502075662
aus_l3,anzsco_4digit,SA,2249,runup_from_2020,0.9199427020934845
aus_l3,anzsco_4digit,SA,2251,runup_from_2019,0.6415390259282483
aus_l3,anzsco_4digit,SA,2251,runup_from_2020,0.7409358481180255
aus_l3,anzsco_4digit,SA,2252,runup_from_2019,-0.20163794553827996
aus_l3,anzsco_4digit,SA,2252,runup_from_2020,0.22580624320168818
aus_l3,anzsco_4digit,SA,2253,runup_from_2019,0.6822751231168795
aus_l3,anzsco_4digit,SA,2253,runup_from_2020,0.9642067886770409
aus_l3,anzsco_4digit,SA,2254,runup_from_2019,0.49551925292098575
aus_l3,anzsco_4digit,SA,2254,runup_from_2020,0.6778408730060859
aus_l3,anzsco_4digit,SA,2311,runup_from_2019,0.5377967704664239
aus_l3,anzsco_4digit,SA,2311,runup_from_2020,0.7273388511175645
aus_l3,anzsco_4digit,SA,2312,runup_from_2019,0.3913307410203968
aus_l3,anzsco_4digit,SA,2312,runup_from_2020,0.8261703191692085
aus_l3,anzsco_4digit,SA,2321,runup_from_2019,0.1968699834443628
aus_l3,anzsco_4digit,SA,2321,runup_from_2020,0.38487076963542277
aus_l3,anzsco_4digit,SA,2322,runup_from_2019,0.38287513785094607
aus_l3,anzsco_4digit,SA,2322,runup_from_2020,0.5417621065354412
aus_l3,anzsco_4digit,SA,2323,runup_from_2019,0.44368658066865563
aus_l3,anzsco_4digit,SA,2323,runup_from_2020,0.7711089922999639
aus_l3,anzsco_4digit,SA,2324,runup_from_2019,0.6742191164205589
aus_l3,anzsco_4digit,SA,2324,runup_from_2020,0.5805336014198921
aus_l3,anzsco_4digit,SA,2325,runup_from_2019,0.607092369938977
aus_l3,anzsco_4digit,SA,2325,runup_from_2020,0.6798516566940915
aus_l3,anzsco_4digit,SA,2326,runup_from_2019,0.6354817111239441
aus_l3,anzsco_4digit,SA,2326,runup_from_2020,0.759208833677067
aus_l3,anzsco_4digit,SA,2331,runup_from_2019,0.6109089469846752
aus_l3,anzsco_4digit,SA,2331,runup_from_2020,0.6988788306385855
aus_l3,anzsco_4digit,SA,2332,runup_from_2019,0.6259241074565312
aus_l3,anzsco_4digit,SA,2332,runup_from_2020,0.762140052046897
aus_l3,anzsco_4digit,SA,2333,runup_from_2019,0.32202823715864826
aus_l3,anzsco_4digit,SA,2333,runup_from_2020,0.7061223491122028
aus_l3,anzsco_4digit,SA,2334,runup_from_2019,0.31193913938305906
aus_l3,anzsco_4digit,SA,2334,runup_from_2020,0.41037907364951076
aus_l3,anzsco_4digit,SA,2335,runup_from_2019,0.3986294870499667
aus_l3,anzsco_4digit,SA,2335,runup_from_2020,0.7151471786391843
aus_l3,anzsco_4digit,SA,2336,runup_from_2019,0.2568313228409651
aus_l3,anzsco_4digit,SA,2336,runup_from_2020,0.6009274845728374
aus_l3,anzsco_4digit,SA,2339,runup_from_2019,0.46802103797426087
aus_l3,anzsco_4digit,SA,2339,runup_from_2020,0.6595396279995764
aus_l3,anzsco_4digit,SA,2341,runup_from_2019,0.2375331347288685
aus_l3,anzsco_4digit,SA,2341,runup_from_2020,0.2744375494609641
aus_l3,anzsco_4digit,SA,2342,runup_from_2019,0.8544922182052628
aus_l3,anzsco_4digit,SA,2342,runup_from_2020,0.8190274376886912
aus_l3,anzsco_4digit,SA,2343,runup_from_2019,0.5900583030502378
aus_l3,anzsco_4digit,SA,2343,runup_from_2020,0.6659673293270472
aus_l3,anzsco_4digit,SA,2344,runup_from_2019,1.1230853006664894
aus_l3,anzsco_4digit,SA,2344,runup_from_2020,1.26048486994325
aus_l3,anzsco_4digit,SA,2345,runup_from_2019,0.8901454445598351
aus_l3,anzsco_4digit,SA,2345,runup_from_2020,1.1153073518680248
aus_l3,anzsco_4digit,SA,2346,runup_from_2019,0.5570147982808287
aus_l3,anzsco_4digit,SA,2346,runup_from_2020,1.067840567501354
aus_l3,anzsco_4digit,SA,2347,runup_from_2019,1.4338469508241634
aus_l3,anzsco_4digit,SA,2347,runup_from_2020,1.885832213713807
aus_l3,anzsco_4digit,SA,2349,runup_from_2019,0.13353151762451487
aus_l3,anzsco_4digit,SA,2349,runup_from_2020,0.09614407729601782
aus_l3,anzsco_4digit,SA,2411,runup_from_2019,0.7682190772912652
aus_l3,anzsco_4digit,SA,2411,runup_from_2020,0.5856071967941867
aus_l3,anzsco_4digit,SA,2412,runup_from_2019,0.35552045460662973
aus_l3,anzsco_4digit,SA,2412,runup_from_2020,0.4272642412200782
aus_l3,anzsco_4digit,SA,2413,runup_from_2019,0.6220519523748347
aus_l3,anzsco_4digit,SA,2413,runup_from_2020,0.3949936010040702
aus_l3,anzsco_4digit,SA,2414,runup_from_2019,0.3706453225902635
aus_l3,anzsco_4digit,SA,2414,runup_from_2020,0.6076680924714153
aus_l3,anzsco_4digit,SA,2415,runup_from_2019,-0.15822371950064928
aus_l3,anzsco_4digit,SA,2415,runup_from_2020,-0.046519820829734826
aus_l3,anzsco_4digit,SA,2421,runup_from_2019,0.5546344515601414
aus_l3,anzsco_4digit,SA,2421,runup_from_2020,0.8053279422549213
aus_l3,anzsco_4digit,SA,2422,runup_from_2019,0.26640480388566956
aus_l3,anzsco_4digit,SA,2422,runup_from_2020,0.38946468611655893
aus_l3,anzsco_4digit,SA,2491,runup_from_2019,0.7531645777350301
aus_l3,anzsco_4digit,SA,2491,runup_from_2020,0.6183456001196297
aus_l3,anzsco_4digit,SA,2492,runup_from_2019,0.18703842902502754
aus_l3,anzsco_4digit,SA,2492,runup_from_2020,0.38220830071063916
aus_l3,anzsco_4digit,SA,2493,runup_from_2019,-0.2513151425668755
aus_l3,anzsco_4digit,SA,2493,runup_from_2020,-0.06899358577292089
aus_l3,anzsco_4digit,SA,2511,runup_from_2019,0.5871091182634562
aus_l3,anzsco_4digit,SA,2511,runup_from_2020,0.7891357734392588
aus_l3,anzsco_4digit,SA,2512,runup_from_2019,-0.052922403321965295
aus_l3,anzsco_4digit,SA,2512,runup_from_2020,0.5684103070631732
aus_l3,anzsco_4digit,SA,2513,runup_from_2019,0.7365893620202444
aus_l3,anzsco_4digit,SA,2513,runup_from_2020,0.8001192678540492
aus_l3,anzsco_4digit,SA,2514,runup_from_2019,0.7045323887133457
aus_l3,anzsco_4digit,SA,2514,runup_from_2020,1.1730099312302076
aus_l3,anzsco_4digit,SA,2515,runup_from_2019,0.19293769632053337
aus_l3,anzsco_4digit,SA,2515,runup_from_2020,0.6416938381807578
aus_l3,anzsco_4digit,SA,2519,runup_from_2019,0.4780357815881593
aus_l3,anzsco_4digit,SA,2519,runup_from_2020,0.8324088030659212
aus_l3,anzsco_4digit,SA,2521,runup_from_2019,0.36366785747847596
aus_l3,anzsco_4digit,SA,2521,runup_from_2020,0.6931475464137155
aus_l3,anzsco_4digit,SA,2522,runup_from_2019,0.7428189800292684
aus_l3,anzsco_4digit,SA,2522,runup_from_2020,0.7244694726741687
aus_l3,anzsco_4digit,SA,2523,runup_from_2019,0.7921460255845831
aus_l3,anzsco_4digit,SA,2523,runup_from_2020,0.7776178769447513
aus_l3,anzsco_4digit,SA,2524,runup_from_2019,0.723355948441633
aus_l3,anzsco_4digit,SA,2524,runup_from_2020,0.6031373237341269
aus_l3,anzsco_4digit,SA,2525,runup_from_2019,0.45145023252585803
aus_l3,anzsco_4digit,SA,2525,runup_from_2020,0.5857458376527616
aus_l3,anzsco_4digit,SA,2526,runup_from_2019,0.485004846225761
aus_l3,anzsco_4digit,SA,2526,runup_from_2020,0.25794749362962577
aus_l3,anzsco_4digit,SA,2527,runup_from_2019,1.25620538165186
aus_l3,anzsco_4digit,SA,2527,runup_from_2020,0.7733535516010539
aus_l3,anzsco_4digit,SA,2531,runup_from_2019,0.5676950357237907
aus_l3,anzsco_4digit,SA,2531,runup_from_2020,0.660278105190943
aus_l3,anzsco_4digit,SA,2532,runup_from_2019,0.5645302692692635
aus_l3,anzsco_4digit,SA,2532,runup_from_2020,0.20613274056916153
aus_l3,anzsco_4digit,SA,2533,runup_from_2019,0.2608440596318995
aus_l3,anzsco_4digit,SA,2533,runup_from_2020,0.15530400712303294
aus_l3,anzsco_4digit,SA,2534,runup_from_2019,0.5167779926196954
aus_l3,anzsco_4digit,SA,2534,runup_from_2020,0.497073116662333
aus_l3,anzsco_4digit,SA,2535,runup_from_2019,0.5742855357683063
aus_l3,anzsco_4digit,SA,2535,runup_from_2020,0.46034239047768055
aus_l3,anzsco_4digit,SA,2539,runup_from_2019,0.09690373222358373
aus_l3,anzsco_4digit,SA,2539,runup_from_2020,0.6804886268559276
aus_l3,anzsco_4digit,SA,2541,runup_from_2019,0.7675797266277202
aus_l3,anzsco_4digit,SA,2541,runup_from_2020,0.8796970478609052
aus_l3,anzsco_4digit,SA,2542,runup_from_2019,0.969943228184678
aus_l3,anzsco_4digit,SA,2542,runup_from_2020,0.9088554714629449
aus_l3,anzsco_4digit,SA,2543,runup_from_2019,0.48624864841332727
aus_l3,anzsco_4digit,SA,2543,runup_from_2020,0.3445618019872354
aus_l3,anzsco_4digit,SA,2544,runup_from_2019,0.5842901054987992
aus_l3,anzsco_4digit,SA,2544,runup_from_2020,0.7939097895594163
aus_l3,anzsco_4digit,SA,2611,runup_from_2019,0.432437084721057
aus_l3,anzsco_4digit,SA,2611,runup_from_2020,0.6181666298541
aus_l3,anzsco_4digit,SA,2612,runup_from_2019,-0.05516661050171345
aus_l3,anzsco_4digit,SA,2612,runup_from_2020,0.30070192757151326
aus_l3,anzsco_4digit,SA,2613,runup_from_2019,0.4476998716235441
aus_l3,anzsco_4digit,SA,2613,runup_from_2020,0.695357497702858
aus_l3,anzsco_4digit,SA,2621,runup_from_2019,0.2649332762606442
aus_l3,anzsco_4digit,SA,2621,runup_from_2020,0.41313039188054335
aus_l3,anzsco_4digit,SA,2631,runup_from_2019,0.26103180178006014
aus_l3,anzsco_4digit,SA,2631,runup_from_2020,0.27849361562814323
aus_l3,anzsco_4digit,SA,2632,runup_from_2019,0.4406514138420148
aus_l3,anzsco_4digit,SA,2632,runup_from_2020,0.6058825415670461
aus_l3,anzsco_4digit,SA,2633,runup_from_2019,0.6250936867367252
aus_l3,anzsco_4digit,SA,2633,runup_from_2020,0.7073317793345999
aus_l3,anzsco_4digit,SA,2711,runup_from_2019,0.26381440236591003
aus_l3,anzsco_4digit,SA,2711,runup_from_2020,0.34228641056828624
aus_l3,anzsco_4digit,SA,2713,runup_from_2019,0.3307153817324835
aus_l3,anzsco_4digit,SA,2713,runup_from_2020,0.5113705052935389
aus_l3,anzsco_4digit,SA,2721,runup_from_2019,0.6814011410486609
aus_l3,anzsco_4digit,SA,2721,runup_from_2020,0.34705438263159527
aus_l3,anzsco_4digit,SA,2722,runup_from_2019,0.8241756675278176
aus_l3,anzsco_4digit,SA,2722,runup_from_2020,0.6643263393131401
aus_l3,anzsco_4digit,SA,2723,runup_from_2019,0.7291183443362113
aus_l3,anzsco_4digit,SA,2723,runup_from_2020,0.5196078435033771
aus_l3,anzsco_4digit,SA,2724,runup_from_2019,1.0685746775725224
aus_l3,anzsco_4digit,SA,2724,runup_from_2020,0.883211693250129
aus_l3,anzsco_4digit,SA,2725,runup_from_2019,0.6132668359701077
aus_l3,anzsco_4digit,SA,2725,runup_from_2020,0.2696937395684289
aus_l3,anzsco_4digit,SA,2726,runup_from_2019,0.7138059223465296
aus_l3,anzsco_4digit,SA,2726,runup_from_2020,0.5045974126532382
aus_l3,anzsco_4digit,SA,3111,runup_from_2019,0.637833540025577
aus_l3,anzsco_4digit,SA,3111,runup_from_2020,0.637833540025577
aus_l3,anzsco_4digit,SA,3112,runup_from_2019,0.5376104610025494
aus_l3,anzsco_4digit,SA,3112,runup_from_2020,0.9010355139743806
aus_l3,anzsco_4digit,SA,3113,runup_from_2019,0.9966133696452784
aus_l3,anzsco_4digit,SA,3113,runup_from_2020,0.7992539029223272
aus_l3,anzsco_4digit,SA,3114,runup_from_2019,0.4708772596961417
aus_l3,anzsco_4digit,SA,3114,runup_from_2020,0.4501152696846318
aus_l3,anzsco_4digit,SA,3121,runup_from_2019,0.42603211131480556
aus_l3,anzsco_4digit,SA,3121,runup_from_2020,0.49587933661379147
aus_l3,anzsco_4digit,SA,3122,runup_from_2019,0.3438208941047778
aus_l3,anzsco_4digit,SA,3122,runup_from_2020,0.7028275837006315
aus_l3,anzsco_4digit,SA,3123,runup_from_2019,0.5423240954765152
aus_l3,anzsco_4digit,SA,3123,runup_from_2020,0.5323737156134496
aus_l3,anzsco_4digit,SA,3124,runup_from_2019,0.22871474235997113
aus_l3,anzsco_4digit,SA,3124,runup_from_2020,0.21209385651959511
aus_l3,anzsco_4digit,SA,3125,runup_from_2019,0.7781038311503936
aus_l3,anzsco_4digit,SA,3125,runup_from_2020,0.6402714917244767
aus_l3,anzsco_4digit,SA,3126,runup_from_2019,0.6190392934824496
aus_l3,anzsco_4digit,SA,3126,runup_from_2020,0.6098647328745941
aus_l3,anzsco_4digit,SA,3129,runup_from_2019,0.32136262732889476
aus_l3,anzsco_4digit,SA,3129,runup_from_2020,0.5039052339718162
aus_l3,anzsco_4digit,SA,3131,runup_from_2019,0.3659114975268283
aus_l3,anzsco_4digit,SA,3131,runup_from_2020,0.4632963588967596
aus_l3,anzsco_4digit,SA,3132,runup_from_2019,0.7221353056686648
aus_l3,anzsco_4digit,SA,3132,runup_from_2020,0.5430866499186519
aus_l3,anzsco_4digit,SA,3211,runup_from_2019,0.25048180334294967
aus_l3,anzsco_4digit,SA,3211,runup_from_2020,0.50019235800342
aus_l3,anzsco_4digit,SA,3212,runup_from_2019,0.43301828552319943
aus_l3,anzsco_4digit,SA,3212,runup_from_2020,0.5673651720735915
aus_l3,anzsco_4digit,SA,3221,runup_from_2019,-0.19415651864269096
aus_l3,anzsco_4digit,SA,3221,runup_from_2020,-0.35667505108162195
aus_l3,anzsco_4digit,SA,3222,runup_from_2019,0.4582265033107995
aus_l3,anzsco_4digit,SA,3222,runup_from_2020,0.42437088106261633
aus_l3,anzsco_4digit,SA,3223,runup_from_2019,0.22341184266477132
aus_l3,anzsco_4digit,SA,3223,runup_from_2020,0.47154989619691623
aus_l3,anzsco_4digit,SA,3231,runup_from_2019,1.1424552286477756
aus_l3,anzsco_4digit,SA,3231,runup_from_2020,1.3677012410389802
aus_l3,anzsco_4digit,SA,3232,runup_from_2019,0.5235814428652654
aus_l3,anzsco_4digit,SA,3232,runup_from_2020,0.6890864020414638
aus_l3,anzsco_4digit,SA,3233,runup_from_2019,0.6211742572200905
aus_l3,anzsco_4digit,SA,3233,runup_from_2020,0.7600105306794745
aus_l3,anzsco_4digit,SA,3234,runup_from_2019,0.16846457120441904
aus_l3,anzsco_4digit,SA,3234,runup_from_2020,0.13242472971187258
aus_l3,anzsco_4digit,SA,3241,runup_from_2019,0.6719448672649886
aus_l3,anzsco_4digit,SA,3241,runup_from_2020,0.8389988565689794
aus_l3,anzsco_4digit,SA,3242,runup_from_2019,0.29119687223164537
aus_l3,anzsco_4digit,SA,3242,runup_from_2020,0.2100725401502601
aus_l3,anzsco_4digit,SA,3243,runup_from_2019,1.1386178273634622
aus_l3,anzsco_4digit,SA,3243,runup_from_2020,0.739978617230355
aus_l3,anzsco_4digit,SA,3311,runup_from_2019,0.8233620030627049
aus_l3,anzsco_4digit,SA,3311,runup_from_2020,0.598894758592819
aus_l3,anzsco_4digit,SA,3312,runup_from_2019,0.6814104800487648
aus_l3,anzsco_4digit,SA,3312,runup_from_2020,0.45223501566133395
aus_l3,anzsco_4digit,SA,3321,runup_from_2019,0.4480245655221855
aus_l3,anzsco_4digit,SA,3321,runup_from_2020,0.27541237958893283
aus_l3,anzsco_4digit,SA,3322,runup_from_2019,0.7061949612536513
aus_l3,anzsco_4digit,SA,3322,runup_from_2020,0.36999077450193374
aus_l3,anzsco_4digit,SA,3331,runup_from_2019,0.520847038342128
aus_l3,anzsco_4digit,SA,3331,runup_from_2020,0.26236409780083836
aus_l3,anzsco_4digit,SA,3332,runup_from_2019,0.45953200641195435
aus_l3,anzsco_4digit,SA,3332,runup_from_2020,0.5140203389687286
aus_l3,anzsco_4digit,SA,3333,runup_from_2019,0.09038393801147127
aus_l3,anzsco_4digit,SA,3333,runup_from_2020,0.09038407314661545
aus_l3,anzsco_4digit,SA,3334,runup_from_2019,0.6474014877805896
aus_l3,anzsco_4digit,SA,3334,runup_from_2020,0.5323321314846616
aus_l3,anzsco_4digit,SA,3341,runup_from_2019,0.7006883912098125
aus_l3,anzsco_4digit,SA,3341,runup_from_2020,0.5666590926765656
aus_l3,anzsco_4digit,SA,3411,runup_from_2019,0.533400417686364
aus_l3,anzsco_4digit,SA,3411,runup_from_2020,0.651941713332274
aus_l3,anzsco_4digit,SA,3421,runup_from_2019,0.4609163858235661
aus_l3,anzsco_4digit,SA,3421,runup_from_2020,0.2725823237424789
aus_l3,anzsco_4digit,SA,3422,runup_from_2019,0.7995943449678982
aus_l3,anzsco_4digit,SA,3422,runup_from_2020,0.3152018501644531
aus_l3,anzsco_4digit,SA,3423,runup_from_2019,0.12615121125282336
aus_l3,anzsco_4digit,SA,3423,runup_from_2020,0.5067188087228678
aus_l3,anzsco_4digit,SA,3424,runup_from_2019,0.2580409729294386
aus_l3,anzsco_4digit,SA,3424,runup_from_2020,0.2627251960735708
aus_l3,anzsco_4digit,SA,3511,runup_from_2019,0.5765737947616429
aus_l3,anzsco_4digit,SA,3511,runup_from_2020,0.6725884250729655
aus_l3,anzsco_4digit,SA,3512,runup_from_2019,0.4391907692014252
aus_l3,anzsco_4digit,SA,3512,runup_from_2020,0.377790485207532
aus_l3,anzsco_4digit,SA,3513,runup_from_2019,0.5072130886309179
aus_l3,anzsco_4digit,SA,3513,runup_from_2020,0.5484163903679553
aus_l3,anzsco_4digit,SA,3514,runup_from_2019,0.8629066859064691
aus_l3,anzsco_4digit,SA,3514,runup_from_2020,0.954800121687573
aus_l3,anzsco_4digit,SA,3611,runup_from_2019,0.35545475476301513
aus_l3,anzsco_4digit,SA,3611,runup_from_2020,0.21357422850317898
aus_l3,anzsco_4digit,SA,3612,runup_from_2019,-0.08004193844247137
aus_l3,anzsco_4digit,SA,3612,runup_from_2020,0
aus_l3,anzsco_4digit,SA,3613,runup_from_2019,0.7348989008907219
aus_l3,anzsco_4digit,SA,3613,runup_from_2020,0.5708307186166459
aus_l3,anzsco_4digit,SA,3621,runup_from_2019,0.4685659583609896
aus_l3,anzsco_4digit,SA,3621,runup_from_2020,0.4236146803888392
aus_l3,anzsco_4digit,SA,3622,runup_from_2019,0.6992016893464608
aus_l3,anzsco_4digit,SA,3622,runup_from_2020,0.5963747650866424
aus_l3,anzsco_4digit,SA,3623,runup_from_2019,0.7240654117292085
aus_l3,anzsco_4digit,SA,3623,runup_from_2020,0.7240652668016618
aus_l3,anzsco_4digit,SA,3624,runup_from_2019,1.19392256847244
aus_l3,anzsco_4digit,SA,3624,runup_from_2020,0.557345798131055
aus_l3,anzsco_4digit,SA,3911,runup_from_2019,0.44610046561426797
aus_l3,anzsco_4digit,SA,3911,runup_from_2020,0.33368868271871754
aus_l3,anzsco_4digit,SA,3921,runup_from_2019,0.427444123522586
aus_l3,anzsco_4digit,SA,3921,runup_from_2020,0.4613453303707406
aus_l3,anzsco_4digit,SA,3922,runup_from_2019,0.727049421891037
aus_l3,anzsco_4digit,SA,3922,runup_from_2020,0.6603567125758723
aus_l3,anzsco_4digit,SA,3923,runup_from_2019,0.3516627962285912
aus_l3,anzsco_4digit,SA,3923,runup_from_2020,0.1634064202292682
aus_l3,anzsco_4digit,SA,3931,runup_from_2019,0.14458352368332916
aus_l3,anzsco_4digit,SA,3931,runup_from_2020,0.2876838032208453
aus_l3,anzsco_4digit,SA,3932,runup_from_2019,0.8073400145511791
aus_l3,anzsco_4digit,SA,3932,runup_from_2020,0.7755911499059137
aus_l3,anzsco_4digit,SA,3933,runup_from_2019,0.858022607146838
aus_l3,anzsco_4digit,SA,3933,runup_from_2020,0.5516470416196532
aus_l3,anzsco_4digit,SA,3941,runup_from_2019,0.4043822980373344
aus_l3,anzsco_4digit,SA,3941,runup_from_2020,0.41417035374350375
aus_l3,anzsco_4digit,SA,3942,runup_from_2019,0.35555069416606777
aus_l3,anzsco_4digit,SA,3942,runup_from_2020,0.34994849416947105
aus_l3,anzsco_4digit,SA,3991,runup_from_2019,0.5411315932386422
aus_l3,anzsco_4digit,SA,3991,runup_from_2020,0.6211735316811137
aus_l3,anzsco_4digit,SA,3992,runup_from_2019,-0.307100058384312
aus_l3,anzsco_4digit,SA,3992,runup_from_2020,0.1104571186500245
aus_l3,anzsco_4digit,SA,3993,runup_from_2019,0.7069403657059703
aus_l3,anzsco_4digit,SA,3993,runup_from_2020,0.8564727448384325
aus_l3,anzsco_4digit,SA,3994,runup_from_2019,0.5359616724727467
aus_l3,anzsco_4digit,SA,3994,runup_from_2020,0.6114696313981608
aus_l3,anzsco_4digit,SA,3995,runup_from_2019,0.2740023512282711
aus_l3,anzsco_4digit,SA,3995,runup_from_2020,0.3649739120426698
aus_l3,anzsco_4digit,SA,3996,runup_from_2019,0.1923716426474249
aus_l3,anzsco_4digit,SA,3996,runup_from_2020,0.10535984899121553
aus_l3,anzsco_4digit,SA,3999,runup_from_2019,0.9207089514125899
aus_l3,anzsco_4digit,SA,3999,runup_from_2020,0.8324683809855826
aus_l3,anzsco_4digit,SA,4111,runup_from_2019,0.75316519629160394
aus_l3,anzsco_4digit,SA,4111,runup_from_2020,0.7429087971132795
aus_l3,anzsco_4digit,SA,4112,runup_from_2019,1.1442229317672998
aus_l3,anzsco_4digit,SA,4112,runup_from_2020,0.8921679887721381
aus_l3,anzsco_4digit,SA,4113,runup_from_2019,0.5802072664245861
aus_l3,anzsco_4digit,SA,4113,runup_from_2020,0.8582270396150401
aus_l3,anzsco_4digit,SA,4114,runup_from_2019,0.883021688126949
aus_l3,anzsco_4digit,SA,4114,runup_from_2020,1.1084614229658771
aus_l3,anzsco_4digit,SA,4115,runup_from_2019,0.7543911153368982
aus_l3,anzsco_4digit,SA,4115,runup_from_2020,0.23309404367727593
aus_l3,anzsco_4digit,SA,4116,runup_from_2019,-0.09259285485503321
aus_l3,anzsco_4digit,SA,4116,runup_from_2020,0.3334917126497472
aus_l3,anzsco_4digit,SA,4117,runup_from_2019,0.883263311795897
aus_l3,anzsco_4digit,SA,4117,runup_from_2020,0.6092103111218674
aus_l3,anzsco_4digit,SA,4211,runup_from_2019,1.0392357483833732
aus_l3,anzsco_4digit,SA,4211,runup_from_2020,1.0721317370511438
aus_l3,anzsco_4digit,SA,4221,runup_from_2019,0.30239715094475894
aus_l3,anzsco_4digit,SA,4221,runup_from_2020,0.5409282613314028
aus_l3,anzsco_4digit,SA,4231,runup_from_2019,0.7535932686310947
aus_l3,anzsco_4digit,SA,4231,runup_from_2020,0.7473532824080733
aus_l3,anzsco_4digit,SA,4232,runup_from_2019,0.4204376265432237
aus_l3,anzsco_4digit,SA,4232,runup_from_2020,0.309327222045813
aus_l3,anzsco_4digit,SA,4233,runup_from_2019,1.016109916369563
aus_l3,anzsco_4digit,SA,4233,runup_from_2020,0.8010917469525634
aus_l3,anzsco_4digit,SA,4234,runup_from_2019,0.984344424177771
aus_l3,anzsco_4digit,SA,4234,runup_from_2020,0.5741953719829049
aus_l3,anzsco_4digit,SA,4311,runup_from_2019,0.9063247841192736
aus_l3,anzsco_4digit,SA,4311,runup_from_2020,0.8574020334368821
aus_l3,anzsco_4digit,SA,4312,runup_from_2019,0.5438235319123188
aus_l3,anzsco_4digit,SA,4312,runup_from_2020,0.8598608349151142
aus_l3,anzsco_4digit,SA,4313,runup_from_2019,0.4833603784603313
aus_l3,anzsco_4digit,SA,4313,runup_from_2020,0.5750912665422714
aus_l3,anzsco_4digit,SA,4314,runup_from_2019,0.7014459833746407
aus_l3,anzsco_4digit,SA,4314,runup_from_2020,0.8639647167940034
aus_l3,anzsco_4digit,SA,4315,runup_from_2019,1.0642283459761765
aus_l3,anzsco_4digit,SA,4315,runup_from_2020,1.1585774536715805
aus_l3,anzsco_4digit,SA,4412,runup_from_2019,0.3439071404818681
aus_l3,anzsco_4digit,SA,4412,runup_from_2020,0.7644103142178059
aus_l3,anzsco_4digit,SA,4413,runup_from_2019,0.8501495293705901
aus_l3,anzsco_4digit,SA,4413,runup_from_2020,0.47171504159472044
aus_l3,anzsco_4digit,SA,4421,runup_from_2019,1.0934709415070947
aus_l3,anzsco_4digit,SA,4421,runup_from_2020,0.9240532031354836
aus_l3,anzsco_4digit,SA,4422,runup_from_2019,0.7982450671932146
aus_l3,anzsco_4digit,SA,4422,runup_from_2020,0.6795287591779893
aus_l3,anzsco_4digit,SA,4511,runup_from_2019,0.4626234672285521
aus_l3,anzsco_4digit,SA,4511,runup_from_2020,0.38500401092036896
aus_l3,anzsco_4digit,SA,4512,runup_from_2019,0.5679839591745175
aus_l3,anzsco_4digit,SA,4512,runup_from_2020,0.8109305495499397
aus_l3,anzsco_4digit,SA,4513,runup_from_2019,0.6931470586087483
aus_l3,anzsco_4digit,SA,4513,runup_from_2020,0.8609412395115488
aus_l3,anzsco_4digit,SA,4514,runup_from_2019,0.9487999375365168
aus_l3,anzsco_4digit,SA,4514,runup_from_2020,1.1293843608450078
aus_l3,anzsco_4digit,SA,4515,runup_from_2019,-0.44952519575869376
aus_l3,anzsco_4digit,SA,4515,runup_from_2020,-0.1957441807295131
aus_l3,anzsco_4digit,SA,4516,runup_from_2019,0.32492622972553376
aus_l3,anzsco_4digit,SA,4516,runup_from_2020,1.2915708120310172
aus_l3,anzsco_4digit,SA,4517,runup_from_2019,0.679160662763686
aus_l3,anzsco_4digit,SA,4517,runup_from_2020,1.2181582944489224
aus_l3,anzsco_4digit,SA,4521,runup_from_2019,0.36895395396113706
aus_l3,anzsco_4digit,SA,4521,runup_from_2020,0.45069379137663024
aus_l3,anzsco_4digit,SA,4522,runup_from_2019,0.6826762951665072
aus_l3,anzsco_4digit,SA,4522,runup_from_2020,0.5835851448806428
aus_l3,anzsco_4digit,SA,4523,runup_from_2019,0.9420629865818881
aus_l3,anzsco_4digit,SA,4523,runup_from_2020,0.8349557560603245
aus_l3,anzsco_4digit,SA,4524,runup_from_2019,0.4434927362555703
aus_l3,anzsco_4digit,SA,4524,runup_from_2020,0.5497148893665191
aus_l3,anzsco_4digit,SA,5111,runup_from_2019,0.40072661092457373
aus_l3,anzsco_4digit,SA,5111,runup_from_2020,0.7015232323028657
aus_l3,anzsco_4digit,SA,5121,runup_from_2019,0.575540804650418
aus_l3,anzsco_4digit,SA,5121,runup_from_2020,0.5524870626613869
aus_l3,anzsco_4digit,SA,5122,runup_from_2019,0.5991182309116687
aus_l3,anzsco_4digit,SA,5122,runup_from_2020,0.38916668018566947
aus_l3,anzsco_4digit,SA,5211,runup_from_2019,0.011500430061068379
aus_l3,anzsco_4digit,SA,5211,runup_from_2020,0.14278105870196978
aus_l3,anzsco_4digit,SA,5212,runup_from_2019,0.8117037908707019
aus_l3,anzsco_4digit,SA,5212,runup_from_2020,1.1994169980339189
aus_l3,anzsco_4digit,SA,5311,runup_from_2019,0.7622408529857516
aus_l3,anzsco_4digit,SA,5311,runup_from_2020,0.8378232364990348
aus_l3,anzsco_4digit,SA,5321,runup_from_2019,0.4479062542422416
aus_l3,anzsco_4digit,SA,5321,runup_from_2020,0.4892614852688624
aus_l3,anzsco_4digit,SA,5411,runup_from_2019,0.7420773437968249
aus_l3,anzsco_4digit,SA,5411,runup_from_2020,0.6241854139277097
aus_l3,anzsco_4digit,SA,5412,runup_from_2019,0.6788234683263976
aus_l3,anzsco_4digit,SA,5412,runup_from_2020,0.8287416435546264
aus_l3,anzsco_4digit,SA,5421,runup_from_2019,0.7528325198891102
aus_l3,anzsco_4digit,SA,5421,runup_from_2020,0.7589048598622092
aus_l3,anzsco_4digit,SA,5511,runup_from_2019,0.5991753989434994
aus_l3,anzsco_4digit,SA,5511,runup_from_2020,0.632601246636117
aus_l3,anzsco_4digit,SA,5512,runup_from_2019,0.14160598398759738
aus_l3,anzsco_4digit,SA,5512,runup_from_2020,0.3108064506448276
aus_l3,anzsco_4digit,SA,5513,runup_from_2019,0.48759720772302284
aus_l3,anzsco_4digit,SA,5513,runup_from_2020,0.6513608973166729
aus_l3,anzsco_4digit,SA,5521,runup_from_2019,0.6859593329017435
aus_l3,anzsco_4digit,SA,5521,runup_from_2020,0.9131397096217722
aus_l3,anzsco_4digit,SA,5522,runup_from_2019,0.779398501257861
aus_l3,anzsco_4digit,SA,5522,runup_from_2020,0.6451379516504332
aus_l3,anzsco_4digit,SA,5523,runup_from_2019,0.4020919527042288
aus_l3,anzsco_4digit,SA,5523,runup_from_2020,0.48635301227250705
aus_l3,anzsco_4digit,SA,5611,runup_from_2019,-0.10008398487291055
aus_l3,anzsco_4digit,SA,5611,runup_from_2020,0.05406669495434781
aus_l3,anzsco_4digit,SA,5612,runup_from_2019,0.514297797182266
aus_l3,anzsco_4digit,SA,5612,runup_from_2020,0.602100071760447
aus_l3,anzsco_4digit,SA,5613,runup_from_2019,0.19399035199920256
aus_l3,anzsco_4digit,SA,5613,runup_from_2020,0.901322025096382
aus_l3,anzsco_4digit,SA,5614,runup_from_2019,0.270646265627872
aus_l3,anzsco_4digit,SA,5614,runup_from_2020,0.32621639477496167
aus_l3,anzsco_4digit,SA,5615,runup_from_2019,0.3396189823320719
aus_l3,anzsco_4digit,SA,5615,runup_from_2020,0.5701425674144895
aus_l3,anzsco_4digit,SA,5616,runup_from_2019,0.3334906569912745
aus_l3,anzsco_4digit,SA,5616,runup_from_2020,0.3334925319906885
aus_l3,anzsco_4digit,SA,5619,runup_from_2019,0.9612537656684195
aus_l3,anzsco_4digit,SA,5619,runup_from_2020,0.9193630847572909
aus_l3,anzsco_4digit,SA,5911,runup_from_2019,0.827305092641903
aus_l3,anzsco_4digit,SA,5911,runup_from_2020,0.7620261804916764
aus_l3,anzsco_4digit,SA,5912,runup_from_2019,0.5400011192896983
aus_l3,anzsco_4digit,SA,5912,runup_from_2020,0.7931970156703101
aus_l3,anzsco_4digit,SA,5991,runup_from_2019,0.7324413474187108
aus_l3,anzsco_4digit,SA,5991,runup_from_2020,0.6274626489331641
aus_l3,anzsco_4digit,SA,5992,runup_from_2019,0.6766176716415171
aus_l3,anzsco_4digit,SA,5992,runup_from_2020,0.45675821170623543
aus_l3,anzsco_4digit,SA,5993,runup_from_2019,0.15261347726602814
aus_l3,anzsco_4digit,SA,5993,runup_from_2020,0.29902813508230275
aus_l3,anzsco_4digit,SA,5994,runup_from_2019,0.3617903165835714
aus_l3,anzsco_4digit,SA,5994,runup_from_2020,0.23211218558268376
aus_l3,anzsco_4digit,SA,5995,runup_from_2019,0.8989843101377248
aus_l3,anzsco_4digit,SA,5995,runup_from_2020,0.7211542847382613
aus_l3,anzsco_4digit,SA,5996,runup_from_2019,0.6101503000096913
aus_l3,anzsco_4digit,SA,5996,runup_from_2020,0.631876446422551
aus_l3,anzsco_4digit,SA,5997,runup_from_2019,0.3004870624124527
aus_l3,anzsco_4digit,SA,5997,runup_from_2020,0.6125180331934816
aus_l3,anzsco_4digit,SA,5999,runup_from_2019,0.43731497394108976
aus_l3,anzsco_4digit,SA,5999,runup_from_2020,0.9249489683940302
aus_l3,anzsco_4digit,SA,6111,runup_from_2019,0.07410731281233801
aus_l3,anzsco_4digit,SA,6111,runup_from_2020,0.07410731281233801
aus_l3,anzsco_4digit,SA,6112,runup_from_2019,0.7586101803997427
aus_l3,anzsco_4digit,SA,6112,runup_from_2020,0.936291378778844
aus_l3,anzsco_4digit,SA,6113,runup_from_2019,0.4027267994342143
aus_l3,anzsco_4digit,SA,6113,runup_from_2020,0.5812648601883126
aus_l3,anzsco_4digit,SA,6121,runup_from_2019,0.17560061092829216
aus_l3,anzsco_4digit,SA,6121,runup_from_2020,0.22825864754442282
aus_l3,anzsco_4digit,SA,6211,runup_from_2019,0.7885763954602814
aus_l3,anzsco_4digit,SA,6211,runup_from_2020,0.7381870433779616
aus_l3,anzsco_4digit,SA,6212,runup_from_2019,0.2263134756837919
aus_l3,anzsco_4digit,SA,6212,runup_from_2020,0.19506076368145286
aus_l3,anzsco_4digit,SA,6213,runup_from_2019,0.45583547672220615
aus_l3,anzsco_4digit,SA,6213,runup_from_2020,0.6047721898545868
aus_l3,anzsco_4digit,SA,6214,runup_from_2019,1.017571092371338
aus_l3,anzsco_4digit,SA,6214,runup_from_2020,1.0650895960942872
aus_l3,anzsco_4digit,SA,6215,runup_from_2019,0.6264557226352441
aus_l3,anzsco_4digit,SA,6215,runup_from_2020,0.6224316126580984
aus_l3,anzsco_4digit,SA,6216,runup_from_2019,-0.4822531294605631
aus_l3,anzsco_4digit,SA,6216,runup_from_2020,-1.1926420707471062
aus_l3,anzsco_4digit,SA,6217,runup_from_2019,0.06351329222918056
aus_l3,anzsco_4digit,SA,6217,runup_from_2020,0.436717596667173
aus_l3,anzsco_4digit,SA,6219,runup_from_2019,0.10961951909954326
aus_l3,anzsco_4digit,SA,6219,runup_from_2020,0.22587913477103005
aus_l3,anzsco_4digit,SA,6311,runup_from_2019,1.0042022168543026
aus_l3,anzsco_4digit,SA,6311,runup_from_2020,0.9076645049500569
aus_l3,anzsco_4digit,SA,6391,runup_from_2019,0.9774043711960201
aus_l3,anzsco_4digit,SA,6391,runup_from_2020,1.2542049215784283
aus_l3,anzsco_4digit,SA,6392,runup_from_2019,0.10109631940819497
aus_l3,anzsco_4digit,SA,6392,runup_from_2020,0.28768139937514925
aus_l3,anzsco_4digit,SA,6393,runup_from_2019,0.47290625543554476
aus_l3,anzsco_4digit,SA,6393,runup_from_2020,0.9607421802157621
aus_l3,anzsco_4digit,SA,6394,runup_from_2019,0.5134530095375792
aus_l3,anzsco_4digit,SA,6394,runup_from_2020,0.6246795966600143
aus_l3,anzsco_4digit,SA,6395,runup_from_2019,0.41376357621222704
aus_l3,anzsco_4digit,SA,6395,runup_from_2020,0.6061355143142069
aus_l3,anzsco_4digit,SA,6399,runup_from_2019,0.09309043341338663
aus_l3,anzsco_4digit,SA,6399,runup_from_2020,0.9062404672327686
aus_l3,anzsco_4digit,SA,7111,runup_from_2019,0.13005264044320072
aus_l3,anzsco_4digit,SA,7111,runup_from_2020,-0.024098039384057635
aus_l3,anzsco_4digit,SA,7112,runup_from_2019,0.8260512673765765
aus_l3,anzsco_4digit,SA,7112,runup_from_2020,0.540042919178898
aus_l3,anzsco_4digit,SA,7113,runup_from_2019,0.3429446191620723
aus_l3,anzsco_4digit,SA,7113,runup_from_2020,0.489549074215227
aus_l3,anzsco_4digit,SA,7114,runup_from_2019,0.22314155131220983
aus_l3,anzsco_4digit,SA,7114,runup_from_2020,0.22314155131220983
aus_l3,anzsco_4digit,SA,7115,runup_from_2019,0.3121884621696487
aus_l3,anzsco_4digit,SA,7115,runup_from_2020,0.486905405005172
aus_l3,anzsco_4digit,SA,7116,runup_from_2019,0.8026312481123912
aus_l3,anzsco_4digit,SA,7116,runup_from_2020,0.33056390302783534
aus_l3,anzsco_4digit,SA,7117,runup_from_2019,0.04546333531817007
aus_l3,anzsco_4digit,SA,7117,runup_from_2020,1.3333351109312552e-6
aus_l3,anzsco_4digit,SA,7119,runup_from_2019,0.617618767816396
aus_l3,anzsco_4digit,SA,7119,runup_from_2020,0.5903157063871052
aus_l3,anzsco_4digit,SA,7121,runup_from_2019,0.6761382258953494
aus_l3,anzsco_4digit,SA,7121,runup_from_2020,0.7063520044918459
aus_l3,anzsco_4digit,SA,7122,runup_from_2019,0.4638255514783456
aus_l3,anzsco_4digit,SA,7122,runup_from_2020,0.8698507043939783
aus_l3,anzsco_4digit,SA,7123,runup_from_2019,0.03180187610980001
aus_l3,anzsco_4digit,SA,7123,runup_from_2020,0.10590979331846828
aus_l3,anzsco_4digit,SA,7129,runup_from_2019,0.5553514317021575
aus_l3,anzsco_4digit,SA,7129,runup_from_2020,0.5489886742194874
aus_l3,anzsco_4digit,SA,7211,runup_from_2019,0.1673960980560083
aus_l3,anzsco_4digit,SA,7211,runup_from_2020,0.4360018149198097
aus_l3,anzsco_4digit,SA,7212,runup_from_2019,0.2828701118232644
aus_l3,anzsco_4digit,SA,7212,runup_from_2020,0.283881269657285
aus_l3,anzsco_4digit,SA,7213,runup_from_2019,0.5538323786821726
aus_l3,anzsco_4digit,SA,7213,runup_from_2020,0.5529153772423987
aus_l3,anzsco_4digit,SA,7219,runup_from_2019,0.6088718156044473
aus_l3,anzsco_4digit,SA,7219,runup_from_2020,0.3246202231724924
aus_l3,anzsco_4digit,SA,7311,runup_from_2019,0.10372003939588881
aus_l3,anzsco_4digit,SA,7311,runup_from_2020,0.33647235484781524
aus_l3,anzsco_4digit,SA,7312,runup_from_2019,0.7592869430644895
aus_l3,anzsco_4digit,SA,7312,runup_from_2020,1.032824620489663
aus_l3,anzsco_4digit,SA,7313,runup_from_2019,0.8375975718808413
aus_l3,anzsco_4digit,SA,7313,runup_from_2020,0.6530273976911765
aus_l3,anzsco_4digit,SA,7321,runup_from_2019,1.1313102558762425
aus_l3,anzsco_4digit,SA,7321,runup_from_2020,0.7469591234507291
aus_l3,anzsco_4digit,SA,7331,runup_from_2019,0.6363467542972012
aus_l3,anzsco_4digit,SA,7331,runup_from_2020,0.6750574646544552
aus_l3,anzsco_4digit,SA,7411,runup_from_2019,0.7749859864600577
aus_l3,anzsco_4digit,SA,7411,runup_from_2020,0.7348038069098584
aus_l3,anzsco_4digit,SA,8111,runup_from_2019,0.76308665504015
aus_l3,anzsco_4digit,SA,8111,runup_from_2020,0.8933763311566718
aus_l3,anzsco_4digit,SA,8112,runup_from_2019,0.8482890960331213
aus_l3,anzsco_4digit,SA,8112,runup_from_2020,0.7392214591937059
aus_l3,anzsco_4digit,SA,8113,runup_from_2019,1.2561584219032769
aus_l3,anzsco_4digit,SA,8113,runup_from_2020,0.5871085490199826
aus_l3,anzsco_4digit,SA,8114,runup_from_2019,1.1003932419596896
aus_l3,anzsco_4digit,SA,8114,runup_from_2020,0.861334179865334
aus_l3,anzsco_4digit,SA,8115,runup_from_2019,0.6338705030813983
aus_l3,anzsco_4digit,SA,8115,runup_from_2020,1.1375277812536582
aus_l3,anzsco_4digit,SA,8116,runup_from_2019,1.0753554265038423
aus_l3,anzsco_4digit,SA,8116,runup_from_2020,0.6067894681428525
aus_l3,anzsco_4digit,SA,8211,runup_from_2019,0.6113171623123126
aus_l3,anzsco_4digit,SA,8211,runup_from_2020,0.7259800773080198
aus_l3,anzsco_4digit,SA,8212,runup_from_2019,0.23328796933008134
aus_l3,anzsco_4digit,SA,8212,runup_from_2020,0.26516309688887363
aus_l3,anzsco_4digit,SA,8213,runup_from_2019,0.9737619981350613
aus_l3,anzsco_4digit,SA,8213,runup_from_2020,0.3311672375830077
aus_l3,anzsco_4digit,SA,8214,runup_from_2019,0.6898736919234487
aus_l3,anzsco_4digit,SA,8214,runup_from_2020,0.28658971850381576
aus_l3,anzsco_4digit,SA,8215,runup_from_2019,-0.6131044408351141
aus_l3,anzsco_4digit,SA,8215,runup_from_2020,0.18232055679407
aus_l3,anzsco_4digit,SA,8216,runup_from_2019,0.17768164235362338
aus_l3,anzsco_4digit,SA,8216,runup_from_2020,-0.11000105509796232
aus_l3,anzsco_4digit,SA,8217,runup_from_2019,0.3841422235928915
aus_l3,anzsco_4digit,SA,8217,runup_from_2020,0.588033064720257
aus_l3,anzsco_4digit,SA,8219,runup_from_2019,0.8909723675712775
aus_l3,anzsco_4digit,SA,8219,runup_from_2020,0.9089915013206258
aus_l3,anzsco_4digit,SA,8311,runup_from_2019,0.5102992378946807
aus_l3,anzsco_4digit,SA,8311,runup_from_2020,0.2642617695736251
aus_l3,anzsco_4digit,SA,8312,runup_from_2019,0.3352075688569316
aus_l3,anzsco_4digit,SA,8312,runup_from_2020,0.03215775075085836
aus_l3,anzsco_4digit,SA,8313,runup_from_2019,0.3266846214622159
aus_l3,anzsco_4digit,SA,8313,runup_from_2020,-0.08130290929598782
aus_l3,anzsco_4digit,SA,8321,runup_from_2019,0.877372165756761
aus_l3,anzsco_4digit,SA,8321,runup_from_2020,0.6404080724129728
aus_l3,anzsco_4digit,SA,8322,runup_from_2019,0.8682815353568527
aus_l3,anzsco_4digit,SA,8322,runup_from_2020,0.6053164507934703
aus_l3,anzsco_4digit,SA,8391,runup_from_2019,-0.6220516365853442
aus_l3,anzsco_4digit,SA,8391,runup_from_2020,-0.3022823296732402
aus_l3,anzsco_4digit,SA,8392,runup_from_2019,-0.08004193844247137
aus_l3,anzsco_4digit,SA,8392,runup_from_2020,0
aus_l3,anzsco_4digit,SA,8393,runup_from_2019,0.37289552466023856
aus_l3,anzsco_4digit,SA,8393,runup_from_2020,0.7145347781854365
aus_l3,anzsco_4digit,SA,8394,runup_from_2019,0.23638870287625768
aus_l3,anzsco_4digit,SA,8394,runup_from_2020,-0.12693071755597551
aus_l3,anzsco_4digit,SA,8399,runup_from_2019,0.7185987389607886
aus_l3,anzsco_4digit,SA,8399,runup_from_2020,0.37189555036521904
aus_l3,anzsco_4digit,SA,8411,runup_from_2019,0.08004193844247137
aus_l3,anzsco_4digit,SA,8411,runup_from_2020,0
aus_l3,anzsco_4digit,SA,8412,runup_from_2019,0.4403119100133437
aus_l3,anzsco_4digit,SA,8412,runup_from_2020,0.417771421185976
aus_l3,anzsco_4digit,SA,8413,runup_from_2019,0.6742189819801646
aus_l3,anzsco_4digit,SA,8413,runup_from_2020,0.4712784670651198
aus_l3,anzsco_4digit,SA,8414,runup_from_2019,0.6126599874507255
aus_l3,anzsco_4digit,SA,8414,runup_from_2020,0.04130387900494359
aus_l3,anzsco_4digit,SA,8415,runup_from_2019,0.6019569217494181
aus_l3,anzsco_4digit,SA,8415,runup_from_2020,0.36243466862706963
aus_l3,anzsco_4digit,SA,8416,runup_from_2019,0.6387670499782963
aus_l3,anzsco_4digit,SA,8416,runup_from_2020,0.25148426095332255
aus_l3,anzsco_4digit,SA,8419,runup_from_2019,0.10253966796263558
aus_l3,anzsco_4digit,SA,8419,runup_from_2020,-0.04555632162502521
aus_l3,anzsco_4digit,SA,8511,runup_from_2019,0.18232146304394425
aus_l3,anzsco_4digit,SA,8511,runup_from_2020,-0.06551500726304815
aus_l3,anzsco_4digit,SA,8512,runup_from_2019,0.39531306595771043
aus_l3,anzsco_4digit,SA,8512,runup_from_2020,0.7563267277006963
aus_l3,anzsco_4digit,SA,8513,runup_from_2019,1.0505822661117326
aus_l3,anzsco_4digit,SA,8513,runup_from_2020,1.1106525881691551
aus_l3,anzsco_4digit,SA,8911,runup_from_2019,1.1781772615449873
aus_l3,anzsco_4digit,SA,8911,runup_from_2020,0.47883789392092213
aus_l3,anzsco_4digit,SA,8912,runup_from_2019,1.552053213965698
aus_l3,anzsco_4digit,SA,8912,runup_from_2020,0.6830154227733503
aus_l3,anzsco_4digit,SA,8991,runup_from_2019,0.5247285085207818
aus_l3,anzsco_4digit,SA,8991,runup_from_2020,0.8957922399116125
aus_l3,anzsco_4digit,SA,8992,runup_from_2019,0.4080458841670338
aus_l3,anzsco_4digit,SA,8992,runup_from_2020,0.3050135655707815
aus_l3,anzsco_4digit,SA,8993,runup_from_2019,0.8112018908075309
aus_l3,anzsco_4digit,SA,8993,runup_from_2020,0.7234776108856926
aus_l3,anzsco_4digit,SA,8994,runup_from_2019,0.48106792357281414
aus_l3,anzsco_4digit,SA,8994,runup_from_2020,0.49689922963276967
aus_l3,anzsco_4digit,SA,8995,runup_from_2019,0.7261336185806437
aus_l3,anzsco_4digit,SA,8995,runup_from_2020,0.9281602328026757
aus_l3,anzsco_4digit,SA,8996,runup_from_2019,0.8016282616383053
aus_l3,anzsco_4digit,SA,8996,runup_from_2020,0.5784845853240251
aus_l3,anzsco_4digit,SA,8997,runup_from_2019,0.4473133151435286
aus_l3,anzsco_4digit,SA,8997,runup_from_2020,0.4473133151435286
aus_l3,anzsco_4digit,SA,8999,runup_from_2019,0.444898125828308
aus_l3,anzsco_4digit,SA,8999,runup_from_2020,0.4216427770449309
aus_l3,anzsco_4digit,TAS,1111,runup_from_2019,0.30612783796921983
aus_l3,anzsco_4digit,TAS,1111,runup_from_2020,0.6153162220249373
aus_l3,anzsco_4digit,TAS,1112,runup_from_2019,0.15082296548209895
aus_l3,anzsco_4digit,TAS,1112,runup_from_2020,0.3689954538285456
aus_l3,anzsco_4digit,TAS,1211,runup_from_2019,0
aus_l3,anzsco_4digit,TAS,1211,runup_from_2020,0
aus_l3,anzsco_4digit,TAS,1212,runup_from_2019,0.25299765884930336
aus_l3,anzsco_4digit,TAS,1212,runup_from_2020,0.4536680007758421
aus_l3,anzsco_4digit,TAS,1213,runup_from_2019,0.008368165636906788
aus_l3,anzsco_4digit,TAS,1213,runup_from_2020,0.2657027309504916
aus_l3,anzsco_4digit,TAS,1214,runup_from_2019,0.059276677478546924
aus_l3,anzsco_4digit,TAS,1214,runup_from_2020,0.021819044220708683
aus_l3,anzsco_4digit,TAS,1311,runup_from_2019,0.46530092652848154
aus_l3,anzsco_4digit,TAS,1311,runup_from_2020,0.6709486997938483
aus_l3,anzsco_4digit,TAS,1321,runup_from_2019,0.5038143498154664
aus_l3,anzsco_4digit,TAS,1321,runup_from_2020,0.5393735676771907
aus_l3,anzsco_4digit,TAS,1322,runup_from_2019,0.24629689150019374
aus_l3,anzsco_4digit,TAS,1322,runup_from_2020,0.3162553351795785
aus_l3,anzsco_4digit,TAS,1323,runup_from_2019,0.6767083731454482
aus_l3,anzsco_4digit,TAS,1323,runup_from_2020,0.6876374974282315
aus_l3,anzsco_4digit,TAS,1324,runup_from_2019,0.6694017096991236
aus_l3,anzsco_4digit,TAS,1324,runup_from_2020,0.9089241794279781
aus_l3,anzsco_4digit,TAS,1325,runup_from_2019,0.42488241342243416
aus_l3,anzsco_4digit,TAS,1325,runup_from_2020,0.3958947504988437
aus_l3,anzsco_4digit,TAS,1331,runup_from_2019,0.8545911853901966
aus_l3,anzsco_4digit,TAS,1331,runup_from_2020,0.9408514425626988
aus_l3,anzsco_4digit,TAS,1332,runup_from_2019,0.88926142250005
aus_l3,anzsco_4digit,TAS,1332,runup_from_2020,0.8564719383866246
aus_l3,anzsco_4digit,TAS,1333,runup_from_2019,0.20066955909786913
aus_l3,anzsco_4digit,TAS,1333,runup_from_2020,0.20066955909786913
aus_l3,anzsco_4digit,TAS,1334,runup_from_2019,0.5411315932386422
aus_l3,anzsco_4digit,TAS,1334,runup_from_2020,0.4670242804263042
aus_l3,anzsco_4digit,TAS,1335,runup_from_2019,0.6491710697254911
aus_l3,anzsco_4digit,TAS,1335,runup_from_2020,0.5904633061080022
aus_l3,anzsco_4digit,TAS,1336,runup_from_2019,0.8665297739299738
aus_l3,anzsco_4digit,TAS,1336,runup_from_2020,0.7738704666021077
aus_l3,anzsco_4digit,TAS,1341,runup_from_2019,0.9044565683448423
aus_l3,anzsco_4digit,TAS,1341,runup_from_2020,0.6580565504040853
aus_l3,anzsco_4digit,TAS,1342,runup_from_2019,1.3835735428927691
aus_l3,anzsco_4digit,TAS,1342,runup_from_2020,1.3306504085833142
aus_l3,anzsco_4digit,TAS,1343,runup_from_2019,0.49302099384893183
aus_l3,anzsco_4digit,TAS,1343,runup_from_2020,0.6406561303556494
aus_l3,anzsco_4digit,TAS,1344,runup_from_2019,0.13778327707052995
aus_l3,anzsco_4digit,TAS,1344,runup_from_2020,0.3956129077630215
aus_l3,anzsco_4digit,TAS,1351,runup_from_2019,0.4752608619213299
aus_l3,anzsco_4digit,TAS,1351,runup_from_2020,0.8336584934465361
aus_l3,anzsco_4digit,TAS,1399,runup_from_2019,0.32995732832731783
aus_l3,anzsco_4digit,TAS,1399,runup_from_2020,0.5877866060785912
aus_l3,anzsco_4digit,TAS,1411,runup_from_2019,0.4649911079247018
aus_l3,anzsco_4digit,TAS,1411,runup_from_2020,1.0097182254353456
aus_l3,anzsco_4digit,TAS,1412,runup_from_2019,-0.046519626023870775
aus_l3,anzsco_4digit,TAS,1412,runup_from_2020,0.024097342519550258
aus_l3,anzsco_4digit,TAS,1413,runup_from_2019,0.7125651433966953
aus_l3,anzsco_4digit,TAS,1413,runup_from_2020,1.047078183139448
aus_l3,anzsco_4digit,TAS,1414,runup_from_2019,0.09015295125692568
aus_l3,anzsco_4digit,TAS,1414,runup_from_2020,0.16862326134497302
aus_l3,anzsco_4digit,TAS,1419,runup_from_2019,0.39979908744460574
aus_l3,anzsco_4digit,TAS,1419,runup_from_2020,0.6271895246637831
aus_l3,anzsco_4digit,TAS,1421,runup_from_2019,0.6735866482934703
aus_l3,anzsco_4digit,TAS,1421,runup_from_2020,0.9255930592889787
aus_l3,anzsco_4digit,TAS,1491,runup_from_2019,0.794123722900143
aus_l3,anzsco_4digit,TAS,1491,runup_from_2020,0.942043662759273
aus_l3,anzsco_4digit,TAS,1492,runup_from_2019,0.13840215783996657
aus_l3,anzsco_4digit,TAS,1492,runup_from_2020,0.921405628459272
aus_l3,anzsco_4digit,TAS,1493,runup_from_2019,0.4809723525949441
aus_l3,anzsco_4digit,TAS,1493,runup_from_2020,0.5863331035468606
aus_l3,anzsco_4digit,TAS,1494,runup_from_2019,0.6501294154877897
aus_l3,anzsco_4digit,TAS,1494,runup_from_2020,0.8999411840121874
aus_l3,anzsco_4digit,TAS,1499,runup_from_2019,0.3043338344845816
aus_l3,anzsco_4digit,TAS,1499,runup_from_2020,0.7401042536265374
aus_l3,anzsco_4digit,TAS,2111,runup_from_2019,0.4711096657877072
aus_l3,anzsco_4digit,TAS,2111,runup_from_2020,0.779656579230363
aus_l3,anzsco_4digit,TAS,2112,runup_from_2019,0.08004193844247137
aus_l3,anzsco_4digit,TAS,2112,runup_from_2020,0
aus_l3,anzsco_4digit,TAS,2113,runup_from_2019,0.10536007121303631
aus_l3,anzsco_4digit,TAS,2113,runup_from_2020,0.16251792949727512
aus_l3,anzsco_4digit,TAS,2114,runup_from_2019,0.08004193844247137
aus_l3,anzsco_4digit,TAS,2114,runup_from_2020,0.08004193844247137
aus_l3,anzsco_4digit,TAS,2121,runup_from_2019,-0.23361412749665184
aus_l3,anzsco_4digit,TAS,2121,runup_from_2020,-0.10008255630046158
aus_l3,anzsco_4digit,TAS,2122,runup_from_2019,1.13943450818848
aus_l3,anzsco_4digit,TAS,2122,runup_from_2020,1.3470740171975943
aus_l3,anzsco_4digit,TAS,2123,runup_from_2019,0.21936377187097522
aus_l3,anzsco_4digit,TAS,2123,runup_from_2020,0.5260938651278442
aus_l3,anzsco_4digit,TAS,2124,runup_from_2019,1.2535105123436312
aus_l3,anzsco_4digit,TAS,2124,runup_from_2020,1.38779027751733
aus_l3,anzsco_4digit,TAS,2211,runup_from_2019,-0.010799262853911973
aus_l3,anzsco_4digit,TAS,2211,runup_from_2020,0.37974013667739204
aus_l3,anzsco_4digit,TAS,2212,runup_from_2019,0.1522232789310709
aus_l3,anzsco_4digit,TAS,2212,runup_from_2020,0.987021208594359
aus_l3,anzsco_4digit,TAS,2221,runup_from_2019,0.7375982711940998
aus_l3,anzsco_4digit,TAS,2221,runup_from_2020,0.6231886448320137
aus_l3,anzsco_4digit,TAS,2222,runup_from_2019,-0.1335306273184197
aus_l3,anzsco_4digit,TAS,2222,runup_from_2020,0.13062221848854794
aus_l3,anzsco_4digit,TAS,2223,runup_from_2019,-0.12260210318080222
aus_l3,anzsco_4digit,TAS,2223,runup_from_2020,0.30228084397244803
aus_l3,anzsco_4digit,TAS,2231,runup_from_2019,0.41570253610101426
aus_l3,anzsco_4digit,TAS,2231,runup_from_2020,0.685767054743804
aus_l3,anzsco_4digit,TAS,2232,runup_from_2019,-0.28185085838322627
aus_l3,anzsco_4digit,TAS,2232,runup_from_2020,0.1776809446792859
aus_l3,anzsco_4digit,TAS,2233,runup_from_2019,0.41714417559182904
aus_l3,anzsco_4digit,TAS,2233,runup_from_2020,0.3996763944457076
aus_l3,anzsco_4digit,TAS,2241,runup_from_2019,0.5139447829366341
aus_l3,anzsco_4digit,TAS,2241,runup_from_2020,0.781009165762238
aus_l3,anzsco_4digit,TAS,2242,runup_from_2019,0.6574291888669529
aus_l3,anzsco_4digit,TAS,2242,runup_from_2020,0.640037101327557
aus_l3,anzsco_4digit,TAS,2243,runup_from_2019,0.5627848563674596
aus_l3,anzsco_4digit,TAS,2243,runup_from_2020,0.6082481606772077
aus_l3,anzsco_4digit,TAS,2244,runup_from_2019,1.1124575558989196
aus_l3,anzsco_4digit,TAS,2244,runup_from_2020,1.5255564409533982
aus_l3,anzsco_4digit,TAS,2245,runup_from_2019,0.1599653338099185
aus_l3,anzsco_4digit,TAS,2245,runup_from_2020,0.1102028286098673
aus_l3,anzsco_4digit,TAS,2246,runup_from_2019,0.7431582484144448
aus_l3,anzsco_4digit,TAS,2246,runup_from_2020,0.6225299459403228
aus_l3,anzsco_4digit,TAS,2247,runup_from_2019,0.452370288419234
aus_l3,anzsco_4digit,TAS,2247,runup_from_2020,0.5883259369968799
aus_l3,anzsco_4digit,TAS,2249,runup_from_2019,0.32870119041849843
aus_l3,anzsco_4digit,TAS,2249,runup_from_2020,0.8883167936248559
aus_l3,anzsco_4digit,TAS,2251,runup_from_2019,0.4412746389298787
aus_l3,anzsco_4digit,TAS,2251,runup_from_2020,0.9280852659941119
aus_l3,anzsco_4digit,TAS,2252,runup_from_2019,-0.6649765893074939
aus_l3,anzsco_4digit,TAS,2252,runup_from_2020,-0.10535951565732633
aus_l3,anzsco_4digit,TAS,2253,runup_from_2019,0.5789291932744636
aus_l3,anzsco_4digit,TAS,2253,runup_from_2020,0.675510161140394
aus_l3,anzsco_4digit,TAS,2254,runup_from_2019,0.11294053148454009
aus_l3,anzsco_4digit,TAS,2254,runup_from_2020,0.03960934403801164
aus_l3,anzsco_4digit,TAS,2311,runup_from_2019,-0.12715626073673314
aus_l3,anzsco_4digit,TAS,2311,runup_from_2020,-0.03333659531626043
aus_l3,anzsco_4digit,TAS,2312,runup_from_2019,0.5968159134009252
aus_l3,anzsco_4digit,TAS,2312,runup_from_2020,0.7629427658337901
aus_l3,anzsco_4digit,TAS,2321,runup_from_2019,0.28425188052684813
aus_l3,anzsco_4digit,TAS,2321,runup_from_2020,-0.08872753206457695
aus_l3,anzsco_4digit,TAS,2322,runup_from_2019,0.6652015246442347
aus_l3,anzsco_4digit,TAS,2322,runup_from_2020,0.8365593682223007
aus_l3,anzsco_4digit,TAS,2323,runup_from_2019,0.6140122692107178
aus_l3,anzsco_4digit,TAS,2323,runup_from_2020,0.6584623124117033
aus_l3,anzsco_4digit,TAS,2324,runup_from_2019,0.47000362924573547
aus_l3,anzsco_4digit,TAS,2324,runup_from_2020,0.6216878717502736
aus_l3,anzsco_4digit,TAS,2325,runup_from_2019,0.3364721586991177
aus_l3,anzsco_4digit,TAS,2325,runup_from_2020,0.3548216711048258
aus_l3,anzsco_4digit,TAS,2326,runup_from_2019,0.5328045908712542
aus_l3,anzsco_4digit,TAS,2326,runup_from_2020,0.5609751900601343
aus_l3,anzsco_4digit,TAS,2331,runup_from_2019,0.2090923507329884
aus_l3,anzsco_4digit,TAS,2331,runup_from_2020,0.12014436001550682
aus_l3,anzsco_4digit,TAS,2332,runup_from_2019,0.36302858624516654
aus_l3,anzsco_4digit,TAS,2332,runup_from_2020,0.6310747125087
aus_l3,anzsco_4digit,TAS,2333,runup_from_2019,0.6461124532775271
aus_l3,anzsco_4digit,TAS,2333,runup_from_2020,0.5631632621886624
aus_l3,anzsco_4digit,TAS,2334,runup_from_2019,-0.07145882988244467
aus_l3,anzsco_4digit,TAS,2334,runup_from_2020,0.22778430554799287
aus_l3,anzsco_4digit,TAS,2335,runup_from_2019,0.6615526932207625
aus_l3,anzsco_4digit,TAS,2335,runup_from_2020,0.8334029411761301
aus_l3,anzsco_4digit,TAS,2336,runup_from_2019,0.2935888822319128
aus_l3,anzsco_4digit,TAS,2336,runup_from_2020,0.40369979452482485
aus_l3,anzsco_4digit,TAS,2339,runup_from_2019,0.13753002205488007
aus_l3,anzsco_4digit,TAS,2339,runup_from_2020,0.4869055726029141
aus_l3,anzsco_4digit,TAS,2341,runup_from_2019,0.11531124255052005
aus_l3,anzsco_4digit,TAS,2341,runup_from_2020,0.16077350034821425
aus_l3,anzsco_4digit,TAS,2342,runup_from_2019,0.6154377997443405
aus_l3,anzsco_4digit,TAS,2342,runup_from_2020,1.0116010253148846
aus_l3,anzsco_4digit,TAS,2343,runup_from_2019,0.6533011157627577
aus_l3,anzsco_4digit,TAS,2343,runup_from_2020,0.7460105558313055
aus_l3,anzsco_4digit,TAS,2344,runup_from_2019,0.866166438149526
aus_l3,anzsco_4digit,TAS,2344,runup_from_2020,1.0619108801404955
aus_l3,anzsco_4digit,TAS,2345,runup_from_2019,0.4809728424344748
aus_l3,anzsco_4digit,TAS,2345,runup_from_2020,0.7114965010463072
aus_l3,anzsco_4digit,TAS,2346,runup_from_2019,0.4918223694038366
aus_l3,anzsco_4digit,TAS,2346,runup_from_2020,0.46856608736130523
aus_l3,anzsco_4digit,TAS,2347,runup_from_2019,1.0229000982526852
aus_l3,anzsco_4digit,TAS,2347,runup_from_2020,1.2305393909155704
aus_l3,anzsco_4digit,TAS,2349,runup_from_2019,-0.1593317151020024
aus_l3,anzsco_4digit,TAS,2349,runup_from_2020,0.14660345983780987
aus_l3,anzsco_4digit,TAS,2411,runup_from_2019,0.6380870462341246
aus_l3,anzsco_4digit,TAS,2411,runup_from_2020,0.5363045477766661
aus_l3,anzsco_4digit,TAS,2412,runup_from_2019,1.3032974983477743
aus_l3,anzsco_4digit,TAS,2412,runup_from_2020,1.4559739553800202
aus_l3,anzsco_4digit,TAS,2413,runup_from_2019,0.05264323452466371
aus_l3,anzsco_4digit,TAS,2413,runup_from_2020,-0.050011433708135766
aus_l3,anzsco_4digit,TAS,2414,runup_from_2019,0.7362306984989502
aus_l3,anzsco_4digit,TAS,2414,runup_from_2020,0.856375411786221
aus_l3,anzsco_4digit,TAS,2415,runup_from_2019,0.34228684535080045
aus_l3,anzsco_4digit,TAS,2415,runup_from_2020,0.5705460624811922
aus_l3,anzsco_4digit,TAS,2421,runup_from_2019,0.8547888699011534
aus_l3,anzsco_4digit,TAS,2421,runup_from_2020,0.8547886067432242
aus_l3,anzsco_4digit,TAS,2422,runup_from_2019,0.7672552557356598
aus_l3,anzsco_4digit,TAS,2422,runup_from_2020,1.054937905110795
aus_l3,anzsco_4digit,TAS,2491,runup_from_2019,0.34627643856824714
aus_l3,anzsco_4digit,TAS,2491,runup_from_2020,0.5355171235515606
aus_l3,anzsco_4digit,TAS,2492,runup_from_2019,0.11122569702976359
aus_l3,anzsco_4digit,TAS,2492,runup_from_2020,-0.14660445505315467
aus_l3,anzsco_4digit,TAS,2493,runup_from_2019,-0.05264323452466371
aus_l3,anzsco_4digit,TAS,2493,runup_from_2020,-0.05264323452466371
aus_l3,anzsco_4digit,TAS,2511,runup_from_2019,0.4740943722759916
aus_l3,anzsco_4digit,TAS,2511,runup_from_2020,0.3802755583355206
aus_l3,anzsco_4digit,TAS,2512,runup_from_2019,0.24839572501562168
aus_l3,anzsco_4digit,TAS,2512,runup_from_2020,0.6408313170766486
aus_l3,anzsco_4digit,TAS,2513,runup_from_2019,0.4811591075696606
aus_l3,anzsco_4digit,TAS,2513,runup_from_2020,0.7983316789546842
aus_l3,anzsco_4digit,TAS,2514,runup_from_2019,1.0205241841482737
aus_l3,anzsco_4digit,TAS,2514,runup_from_2020,1.3319608301490464
aus_l3,anzsco_4digit,TAS,2515,runup_from_2019,0.8861378452492303
aus_l3,anzsco_4digit,TAS,2515,runup_from_2020,1.100655537737524
aus_l3,anzsco_4digit,TAS,2519,runup_from_2019,0.6000559038350324
aus_l3,anzsco_4digit,TAS,2519,runup_from_2020,0.6000565705019213
aus_l3,anzsco_4digit,TAS,2521,runup_from_2019,0.19290240072642378
aus_l3,anzsco_4digit,TAS,2521,runup_from_2020,0.2818503320670212
aus_l3,anzsco_4digit,TAS,2522,runup_from_2019,1.3785721611798383
aus_l3,anzsco_4digit,TAS,2522,runup_from_2020,1.1962511428474842
aus_l3,anzsco_4digit,TAS,2523,runup_from_2019,0.5453116642439304
aus_l3,anzsco_4digit,TAS,2523,runup_from_2020,0.4037714412471818
aus_l3,anzsco_4digit,TAS,2524,runup_from_2019,0.7675128483372551
aus_l3,anzsco_4digit,TAS,2524,runup_from_2020,0.4037920142150955
aus_l3,anzsco_4digit,TAS,2525,runup_from_2019,0.6458461447044637
aus_l3,anzsco_4digit,TAS,2525,runup_from_2020,0.3769687704325895
aus_l3,anzsco_4digit,TAS,2526,runup_from_2019,0.8542083371407205
aus_l3,anzsco_4digit,TAS,2526,runup_from_2020,0.43908170460326845
aus_l3,anzsco_4digit,TAS,2527,runup_from_2019,1.1959865663296563
aus_l3,anzsco_4digit,TAS,2527,runup_from_2020,0.7792216769716442
aus_l3,anzsco_4digit,TAS,2531,runup_from_2019,0.831587764664981
aus_l3,anzsco_4digit,TAS,2531,runup_from_2020,0.6231753466796905
aus_l3,anzsco_4digit,TAS,2532,runup_from_2019,0.4723597424940883
aus_l3,anzsco_4digit,TAS,2532,runup_from_2020,0.06062583505175145
aus_l3,anzsco_4digit,TAS,2533,runup_from_2019,0.573278770400484
aus_l3,anzsco_4digit,TAS,2533,runup_from_2020,0.3695821824877199
aus_l3,anzsco_4digit,TAS,2534,runup_from_2019,1.1840299124339346
aus_l3,anzsco_4digit,TAS,2534,runup_from_2020,0.46262358386761937
aus_l3,anzsco_4digit,TAS,2535,runup_from_2019,-0.33024174801189266
aus_l3,anzsco_4digit,TAS,2535,runup_from_2020,0.16507953296812067
aus_l3,anzsco_4digit,TAS,2539,runup_from_2019,0.9339558049842871
aus_l3,anzsco_4digit,TAS,2539,runup_from_2020,1.1423566326390624
aus_l3,anzsco_4digit,TAS,2541,runup_from_2019,1.0570478940117745
aus_l3,anzsco_4digit,TAS,2541,runup_from_2020,1.1119638085889285
aus_l3,anzsco_4digit,TAS,2542,runup_from_2019,1.589522461888098
aus_l3,anzsco_4digit,TAS,2542,runup_from_2020,1.352392809444209
aus_l3,anzsco_4digit,TAS,2543,runup_from_2019,0.2969845118430672
aus_l3,anzsco_4digit,TAS,2543,runup_from_2020,0.3797568529208051
aus_l3,anzsco_4digit,TAS,2544,runup_from_2019,0.9215795157459148
aus_l3,anzsco_4digit,TAS,2544,runup_from_2020,0.958250284963805
aus_l3,anzsco_4digit,TAS,2611,runup_from_2019,0.5566282935476776
aus_l3,anzsco_4digit,TAS,2611,runup_from_2020,0.86699415530637
aus_l3,anzsco_4digit,TAS,2612,runup_from_2019,-0.2231439263141728
aus_l3,anzsco_4digit,TAS,2612,runup_from_2020,0.33647202233550255
aus_l3,anzsco_4digit,TAS,2613,runup_from_2019,0.4257477030867567
aus_l3,anzsco_4digit,TAS,2613,runup_from_2020,1.0231760399246488
aus_l3,anzsco_4digit,TAS,2621,runup_from_2019,0.6304759801392301
aus_l3,anzsco_4digit,TAS,2621,runup_from_2020,0.8844639990577041
aus_l3,anzsco_4digit,TAS,2631,runup_from_2019,0.0055096011694739655
aus_l3,anzsco_4digit,TAS,2631,runup_from_2020,0.5596158703530176
aus_l3,anzsco_4digit,TAS,2632,runup_from_2019,0.2793830418478416
aus_l3,anzsco_4digit,TAS,2632,runup_from_2020,0.8855185561620482
aus_l3,anzsco_4digit,TAS,2633,runup_from_2019,0.41173446640493844
aus_l3,anzsco_4digit,TAS,2633,runup_from_2020,0.5753666449054369
aus_l3,anzsco_4digit,TAS,2711,runup_from_2019,0.13976272498433068
aus_l3,anzsco_4digit,TAS,2711,runup_from_2020,0.16508030219918565
aus_l3,anzsco_4digit,TAS,2713,runup_from_2019,0.7017308391496497
aus_l3,anzsco_4digit,TAS,2713,runup_from_2020,0.7103888153110551
aus_l3,anzsco_4digit,TAS,2721,runup_from_2019,1.0358113902471149
aus_l3,anzsco_4digit,TAS,2721,runup_from_2020,0.8498732725623155
aus_l3,anzsco_4digit,TAS,2722,runup_from_2019,0.4173001581921782
aus_l3,anzsco_4digit,TAS,2722,runup_from_2020,0.16598578943510478
aus_l3,anzsco_4digit,TAS,2723,runup_from_2019,0.8388276459524846
aus_l3,anzsco_4digit,TAS,2723,runup_from_2020,0.44698508838869566
aus_l3,anzsco_4digit,TAS,2724,runup_from_2019,1.1254106559681567
aus_l3,anzsco_4digit,TAS,2724,runup_from_2020,1.7680056168332043
aus_l3,anzsco_4digit,TAS,2725,runup_from_2019,0.8115797777851244
aus_l3,anzsco_4digit,TAS,2725,runup_from_2020,0.7009698538851348
aus_l3,anzsco_4digit,TAS,2726,runup_from_2019,0.752965626389503
aus_l3,anzsco_4digit,TAS,2726,runup_from_2020,0.5325655644080678
aus_l3,anzsco_4digit,TAS,3111,runup_from_2019,0.702625936306942
aus_l3,anzsco_4digit,TAS,3111,runup_from_2020,0.7242873600954236
aus_l3,anzsco_4digit,TAS,3112,runup_from_2019,0.44326773827587185
aus_l3,anzsco_4digit,TAS,3112,runup_from_2020,0.5270862091538981
aus_l3,anzsco_4digit,TAS,3113,runup_from_2019,0.6257068856090715
aus_l3,anzsco_4digit,TAS,3113,runup_from_2020,0.6042002363545178
aus_l3,anzsco_4digit,TAS,3114,runup_from_2019,0.29511686685965255
aus_l3,anzsco_4digit,TAS,3114,runup_from_2020,0.6496627991171706
aus_l3,anzsco_4digit,TAS,3121,runup_from_2019,0.6338412948055163
aus_l3,anzsco_4digit,TAS,3121,runup_from_2020,0.713724111225492
aus_l3,anzsco_4digit,TAS,3122,runup_from_2019,0.685303846233762
aus_l3,anzsco_4digit,TAS,3122,runup_from_2020,0.6100805031211713
aus_l3,anzsco_4digit,TAS,3123,runup_from_2019,0.4307829160924541
aus_l3,anzsco_4digit,TAS,3123,runup_from_2020,0.8888916225509147
aus_l3,anzsco_4digit,TAS,3124,runup_from_2019,-0.3042112104685519
aus_l3,anzsco_4digit,TAS,3124,runup_from_2020,-0.2363882517483024
aus_l3,anzsco_4digit,TAS,3125,runup_from_2019,0.042111382257338126
aus_l3,anzsco_4digit,TAS,3125,runup_from_2020,0.4803668131886185
aus_l3,anzsco_4digit,TAS,3126,runup_from_2019,0.24014214854961646
aus_l3,anzsco_4digit,TAS,3126,runup_from_2020,0.3777631189313694
aus_l3,anzsco_4digit,TAS,3129,runup_from_2019,0.36422236010040887
aus_l3,anzsco_4digit,TAS,3129,runup_from_2020,0.7772917622503277
aus_l3,anzsco_4digit,TAS,3131,runup_from_2019,0.2964348584978116
aus_l3,anzsco_4digit,TAS,3131,runup_from_2020,0.4054650590885558
aus_l3,anzsco_4digit,TAS,3132,runup_from_2019,0.28768266068690196
aus_l3,anzsco_4digit,TAS,3132,runup_from_2020,0.39086841866242106
aus_l3,anzsco_4digit,TAS,3211,runup_from_2019,0.6413708578518023
aus_l3,anzsco_4digit,TAS,3211,runup_from_2020,0.7894236533018837
aus_l3,anzsco_4digit,TAS,3212,runup_from_2019,0.4175262688632304
aus_l3,anzsco_4digit,TAS,3212,runup_from_2020,0.6378187758498042
aus_l3,anzsco_4digit,TAS,3221,runup_from_2019,0
aus_l3,anzsco_4digit,TAS,3221,runup_from_2020,-0.08004193844247137
aus_l3,anzsco_4digit,TAS,3222,runup_from_2019,-0.011299610795297399
aus_l3,anzsco_4digit,TAS,3222,runup_from_2020,0.16653747745453318
aus_l3,anzsco_4digit,TAS,3223,runup_from_2019,0.4334390578761753
aus_l3,anzsco_4digit,TAS,3223,runup_from_2020,0.6672777751087824
aus_l3,anzsco_4digit,TAS,3231,runup_from_2019,0.08223850425198542
aus_l3,anzsco_4digit,TAS,3231,runup_from_2020,0.4389141216604285
aus_l3,anzsco_4digit,TAS,3232,runup_from_2019,0.38706196806178195
aus_l3,anzsco_4digit,TAS,3232,runup_from_2020,0.7111386929110002
aus_l3,anzsco_4digit,TAS,3233,runup_from_2019,0.05884209742498103
aus_l3,anzsco_4digit,TAS,3233,runup_from_2020,0.4872958040961155
aus_l3,anzsco_4digit,TAS,3234,runup_from_2019,0
aus_l3,anzsco_4digit,TAS,3234,runup_from_2020,0
aus_l3,anzsco_4digit,TAS,3241,runup_from_2019,0.7243991709506068
aus_l3,anzsco_4digit,TAS,3241,runup_from_2020,0.9963333626246116
aus_l3,anzsco_4digit,TAS,3242,runup_from_2019,-0.046519626023870775
aus_l3,anzsco_4digit,TAS,3242,runup_from_2020,-0.023532391098813915
aus_l3,anzsco_4digit,TAS,3243,runup_from_2019,0.2876824295948295
aus_l3,anzsco_4digit,TAS,3243,runup_from_2020,0.44183239513611833
aus_l3,anzsco_4digit,TAS,3311,runup_from_2019,0.03125315888853053
aus_l3,anzsco_4digit,TAS,3311,runup_from_2020,-0.11607182984089304
aus_l3,anzsco_4digit,TAS,3312,runup_from_2019,0.5252463179319204
aus_l3,anzsco_4digit,TAS,3312,runup_from_2020,0.5926442568034513
aus_l3,anzsco_4digit,TAS,3321,runup_from_2019,0.5068171614045873
aus_l3,anzsco_4digit,TAS,3321,runup_from_2020,0.5270208850489506
aus_l3,anzsco_4digit,TAS,3322,runup_from_2019,0.778871564844356
aus_l3,anzsco_4digit,TAS,3322,runup_from_2020,0.8038731788172275
aus_l3,anzsco_4digit,TAS,3331,runup_from_2019,0.3715636340187062
aus_l3,anzsco_4digit,TAS,3331,runup_from_2020,0.053109561991053766
aus_l3,anzsco_4digit,TAS,3332,runup_from_2019,0.310154164667462
aus_l3,anzsco_4digit,TAS,3332,runup_from_2020,0.054807273114792054
aus_l3,anzsco_4digit,TAS,3333,runup_from_2019,0.6375783139609006
aus_l3,anzsco_4digit,TAS,3333,runup_from_2020,0.05884075976304137
aus_l3,anzsco_4digit,TAS,3334,runup_from_2019,0.6297776600852956
aus_l3,anzsco_4digit,TAS,3334,runup_from_2020,0.7410027069603988
aus_l3,anzsco_4digit,TAS,3341,runup_from_2019,0.31514263320249114
aus_l3,anzsco_4digit,TAS,3341,runup_from_2020,0.5075144948582087
aus_l3,anzsco_4digit,TAS,3411,runup_from_2019,0.46660115028892424
aus_l3,anzsco_4digit,TAS,3411,runup_from_2020,0.7398944778351888
aus_l3,anzsco_4digit,TAS,3421,runup_from_2019,0.5438511946744085
aus_l3,anzsco_4digit,TAS,3421,runup_from_2020,0.8586615885290498
aus_l3,anzsco_4digit,TAS,3422,runup_from_2019,0.7419373447293773
aus_l3,anzsco_4digit,TAS,3422,runup_from_2020,0.7531098588109579
aus_l3,anzsco_4digit,TAS,3423,runup_from_2019,0.35503456539154654
aus_l3,anzsco_4digit,TAS,3423,runup_from_2020,0.17544888062390218
aus_l3,anzsco_4digit,TAS,3424,runup_from_2019,0.11279649116036816
aus_l3,anzsco_4digit,TAS,3424,runup_from_2020,0.2231439513141299
aus_l3,anzsco_4digit,TAS,3511,runup_from_2019,0.8831102922009013
aus_l3,anzsco_4digit,TAS,3511,runup_from_2020,0.7648624691968555
aus_l3,anzsco_4digit,TAS,3512,runup_from_2019,0.688233067235344
aus_l3,anzsco_4digit,TAS,3512,runup_from_2020,0.5425213407997165
aus_l3,anzsco_4digit,TAS,3513,runup_from_2019,0.36094504809489436
aus_l3,anzsco_4digit,TAS,3513,runup_from_2020,0.6719193373353773
aus_l3,anzsco_4digit,TAS,3514,runup_from_2019,0.378264718834159
aus_l3,anzsco_4digit,TAS,3514,runup_from_2020,0.5645297076567131
aus_l3,anzsco_4digit,TAS,3611,runup_from_2019,0.33647266519265673
aus_l3,anzsco_4digit,TAS,3611,runup_from_2020,0.21868937953624212
aus_l3,anzsco_4digit,TAS,3612,runup_from_2019,0
aus_l3,anzsco_4digit,TAS,3612,runup_from_2020,0
aus_l3,anzsco_4digit,TAS,3613,runup_from_2019,0.44895111366541884
aus_l3,anzsco_4digit,TAS,3613,runup_from_2020,0.40015994949548694
aus_l3,anzsco_4digit,TAS,3621,runup_from_2019,0.42566823175246765
aus_l3,anzsco_4digit,TAS,3621,runup_from_2020,0.46734117565652505
aus_l3,anzsco_4digit,TAS,3622,runup_from_2019,0.8276970148836866
aus_l3,anzsco_4digit,TAS,3622,runup_from_2020,0.7696336303169269
aus_l3,anzsco_4digit,TAS,3623,runup_from_2019,0.6811709292722641
aus_l3,anzsco_4digit,TAS,3623,runup_from_2020,0.7681825660021873
aus_l3,anzsco_4digit,TAS,3624,runup_from_2019,0.21130857265879022
aus_l3,anzsco_4digit,TAS,3624,runup_from_2020,0.4795735637786248
aus_l3,anzsco_4digit,TAS,3911,runup_from_2019,0.8771229810304628
aus_l3,anzsco_4digit,TAS,3911,runup_from_2020,0.8705223623528993
aus_l3,anzsco_4digit,TAS,3921,runup_from_2019,0.05000997029278775
aus_l3,anzsco_4digit,TAS,3921,runup_from_2020,0.13005190873525913
aus_l3,anzsco_4digit,TAS,3922,runup_from_2019,0.19415412368421806
aus_l3,anzsco_4digit,TAS,3922,runup_from_2020,0.2942380333687997
aus_l3,anzsco_4digit,TAS,3923,runup_from_2019,0.744440336789628
aus_l3,anzsco_4digit,TAS,3923,runup_from_2020,0.6931483055604374
aus_l3,anzsco_4digit,TAS,3931,runup_from_2019,0
aus_l3,anzsco_4digit,TAS,3931,runup_from_2020,0
aus_l3,anzsco_4digit,TAS,3932,runup_from_2019,-0.08004193844247137
aus_l3,anzsco_4digit,TAS,3932,runup_from_2020,-0.22314355131420976
aus_l3,anzsco_4digit,TAS,3933,runup_from_2019,-0.08004193844247137
aus_l3,anzsco_4digit,TAS,3933,runup_from_2020,0
aus_l3,anzsco_4digit,TAS,3941,runup_from_2019,0.38382568701845954
aus_l3,anzsco_4digit,TAS,3941,runup_from_2020,0.22314341068921095
aus_l3,anzsco_4digit,TAS,3942,runup_from_2019,-0.15180582584426594
aus_l3,anzsco_4digit,TAS,3942,runup_from_2020,-0.23293135968169543
aus_l3,anzsco_4digit,TAS,3991,runup_from_2019,0.3732045269207499
aus_l3,anzsco_4digit,TAS,3991,runup_from_2020,0.4473118397330879
aus_l3,anzsco_4digit,TAS,3992,runup_from_2019,0.2542344606185153
aus_l3,anzsco_4digit,TAS,3992,runup_from_2020,0.13062160624371238
aus_l3,anzsco_4digit,TAS,3993,runup_from_2019,0.5596154665067192
aus_l3,anzsco_4digit,TAS,3993,runup_from_2020,0.3772942847129286
aus_l3,anzsco_4digit,TAS,3994,runup_from_2019,-0.10535958232343526
aus_l3,anzsco_4digit,TAS,3994,runup_from_2020,0.0689914905346033
aus_l3,anzsco_4digit,TAS,3995,runup_from_2019,-0.3254225927423388
aus_l3,anzsco_4digit,TAS,3995,runup_from_2020,0.3136578928632587
aus_l3,anzsco_4digit,TAS,3996,runup_from_2019,0.326684029062688
aus_l3,anzsco_4digit,TAS,3996,runup_from_2020,0.49995556606147373
aus_l3,anzsco_4digit,TAS,3999,runup_from_2019,0.7099190514271347
aus_l3,anzsco_4digit,TAS,3999,runup_from_2020,1.263212468294134
aus_l3,anzsco_4digit,TAS,4111,runup_from_2019,0.6145571385248904
aus_l3,anzsco_4digit,TAS,4111,runup_from_2020,0.3960755546742305
aus_l3,anzsco_4digit,TAS,4112,runup_from_2019,0.2394044941849125
aus_l3,anzsco_4digit,TAS,4112,runup_from_2020,0.3990343796885152
aus_l3,anzsco_4digit,TAS,4113,runup_from_2019,0.5260937514914741
aus_l3,anzsco_4digit,TAS,4113,runup_from_2020,0.31845424248235976
aus_l3,anzsco_4digit,TAS,4114,runup_from_2019,0.5326952132825413
aus_l3,anzsco_4digit,TAS,4114,runup_from_2020,0.7665746048669737
aus_l3,anzsco_4digit,TAS,4115,runup_from_2019,0.2814115820797488
aus_l3,anzsco_4digit,TAS,4115,runup_from_2020,0.3729794125914251
aus_l3,anzsco_4digit,TAS,4116,runup_from_2019,-0.18442756411670935
aus_l3,anzsco_4digit,TAS,4116,runup_from_2020,-0.012578649295542976
aus_l3,anzsco_4digit,TAS,4117,runup_from_2019,0.3542469073786578
aus_l3,anzsco_4digit,TAS,4117,runup_from_2020,0.6782437459158039
aus_l3,anzsco_4digit,TAS,4211,runup_from_2019,0.6562828953458513
aus_l3,anzsco_4digit,TAS,4211,runup_from_2020,0.611714472133249
aus_l3,anzsco_4digit,TAS,4221,runup_from_2019,0.5402514595864614
aus_l3,anzsco_4digit,TAS,4221,runup_from_2020,0.5185702851113136
aus_l3,anzsco_4digit,TAS,4231,runup_from_2019,0.4104989271557158
aus_l3,anzsco_4digit,TAS,4231,runup_from_2020,0.4281842432582281
aus_l3,anzsco_4digit,TAS,4232,runup_from_2019,0.5432607010155444
aus_l3,anzsco_4digit,TAS,4232,runup_from_2020,0.5469306129199971
aus_l3,anzsco_4digit,TAS,4233,runup_from_2019,0.3948380785070853
aus_l3,anzsco_4digit,TAS,4233,runup_from_2020,0.6960000925216003
aus_l3,anzsco_4digit,TAS,4234,runup_from_2019,0.15414996554128887
aus_l3,anzsco_4digit,TAS,4234,runup_from_2020,0.0741080270988175
aus_l3,anzsco_4digit,TAS,4311,runup_from_2019,0.5626000381959577
aus_l3,anzsco_4digit,TAS,4311,runup_from_2020,0.8930235630556318
aus_l3,anzsco_4digit,TAS,4312,runup_from_2019,0.29114824582619026
aus_l3,anzsco_4digit,TAS,4312,runup_from_2020,0.5975222626108962
aus_l3,anzsco_4digit,TAS,4313,runup_from_2019,-0.08855285747960351
aus_l3,anzsco_4digit,TAS,4313,runup_from_2020,0.48242661961459943
aus_l3,anzsco_4digit,TAS,4314,runup_from_2019,0.4716053752281649
aus_l3,anzsco_4digit,TAS,4314,runup_from_2020,0.669430421442675
aus_l3,anzsco_4digit,TAS,4315,runup_from_2019,0.7887831463257768
aus_l3,anzsco_4digit,TAS,4315,runup_from_2020,1.093738128080045
aus_l3,anzsco_4digit,TAS,4412,runup_from_2019,0.11441095723853412
aus_l3,anzsco_4digit,TAS,4412,runup_from_2020,0.4468501834259583
aus_l3,anzsco_4digit,TAS,4413,runup_from_2019,0.4567589288116428
aus_l3,anzsco_4digit,TAS,4413,runup_from_2020,0.2657033831243336
aus_l3,anzsco_4digit,TAS,4421,runup_from_2019,0.3022823296732402
aus_l3,anzsco_4digit,TAS,4421,runup_from_2020,0.36290698825440315
aus_l3,anzsco_4digit,TAS,4422,runup_from_2019,0.6111457914730396
aus_l3,anzsco_4digit,TAS,4422,runup_from_2020,0.8787724525336178
aus_l3,anzsco_4digit,TAS,4511,runup_from_2019,0.4182046450833232
aus_l3,anzsco_4digit,TAS,4511,runup_from_2020,0.3991558768179426
aus_l3,anzsco_4digit,TAS,4512,runup_from_2019,0.15082272229267013
aus_l3,anzsco_4digit,TAS,4512,runup_from_2020,-0.019802439060792543
aus_l3,anzsco_4digit,TAS,4513,runup_from_2019,0.3455017557001514
aus_l3,anzsco_4digit,TAS,4513,runup_from_2020,0.9051175436355741
aus_l3,anzsco_4digit,TAS,4514,runup_from_2019,0.7505578958107919
aus_l3,anzsco_4digit,TAS,4514,runup_from_2020,1.0321982584067921
aus_l3,anzsco_4digit,TAS,4515,runup_from_2019,-0.5055490929810749
aus_l3,anzsco_4digit,TAS,4515,runup_from_2020,-0.21256154276759537
aus_l3,anzsco_4digit,TAS,4516,runup_from_2019,0.19671029424605413
aus_l3,anzsco_4digit,TAS,4516,runup_from_2020,0.8659906537769326
aus_l3,anzsco_4digit,TAS,4517,runup_from_2019,0.06453789613737587
aus_l3,anzsco_4digit,TAS,4517,runup_from_2020,0.1576295387163265
aus_l3,anzsco_4digit,TAS,4521,runup_from_2019,0.03690463212342365
aus_l3,anzsco_4digit,TAS,4521,runup_from_2020,0.021978684496577694
aus_l3,anzsco_4digit,TAS,4522,runup_from_2019,0.43213309914470455
aus_l3,anzsco_4digit,TAS,4522,runup_from_2020,0.3794898646200408
aus_l3,anzsco_4digit,TAS,4523,runup_from_2019,0.9263122970989937
aus_l3,anzsco_4digit,TAS,4523,runup_from_2020,0.8141405988903028
aus_l3,anzsco_4digit,TAS,4524,runup_from_2019,4.7619036291912664e-7
aus_l3,anzsco_4digit,TAS,4524,runup_from_2020,0.27193481667419994
aus_l3,anzsco_4digit,TAS,5111,runup_from_2019,0.38783008782210215
aus_l3,anzsco_4digit,TAS,5111,runup_from_2020,0.6677065733688274
aus_l3,anzsco_4digit,TAS,5121,runup_from_2019,0.5469526805290643
aus_l3,anzsco_4digit,TAS,5121,runup_from_2020,0.8680005084456677
aus_l3,anzsco_4digit,TAS,5122,runup_from_2019,0.9668430462482533
aus_l3,anzsco_4digit,TAS,5122,runup_from_2020,1.0640063865387193
aus_l3,anzsco_4digit,TAS,5211,runup_from_2019,-0.15229374294671594
aus_l3,anzsco_4digit,TAS,5211,runup_from_2020,0.08112514422701445
aus_l3,anzsco_4digit,TAS,5212,runup_from_2019,1.3164086068461525
aus_l3,anzsco_4digit,TAS,5212,runup_from_2020,1.5087799176753631
aus_l3,anzsco_4digit,TAS,5311,runup_from_2019,0.761968354905826
aus_l3,anzsco_4digit,TAS,5311,runup_from_2020,0.9173596723785682
aus_l3,anzsco_4digit,TAS,5321,runup_from_2019,0.1146034619018872
aus_l3,anzsco_4digit,TAS,5321,runup_from_2020,0.5564357379904956
aus_l3,anzsco_4digit,TAS,5411,runup_from_2019,0.8643261825855273
aus_l3,anzsco_4digit,TAS,5411,runup_from_2020,1.0282388280284702
aus_l3,anzsco_4digit,TAS,5412,runup_from_2019,0.6758938659359535
aus_l3,anzsco_4digit,TAS,5412,runup_from_2020,1.1271275014601192
aus_l3,anzsco_4digit,TAS,5421,runup_from_2019,0.6279661428594259
aus_l3,anzsco_4digit,TAS,5421,runup_from_2020,0.7389084859088926
aus_l3,anzsco_4digit,TAS,5511,runup_from_2019,0.4192250666502342
aus_l3,anzsco_4digit,TAS,5511,runup_from_2020,0.7945853132110297
aus_l3,anzsco_4digit,TAS,5512,runup_from_2019,0.7949304772399939
aus_l3,anzsco_4digit,TAS,5512,runup_from_2020,0.8690377194093081
aus_l3,anzsco_4digit,TAS,5513,runup_from_2019,0.5910177825709484
aus_l3,anzsco_4digit,TAS,5513,runup_from_2020,0.7094077014317255
aus_l3,anzsco_4digit,TAS,5521,runup_from_2019,0.698253472071614
aus_l3,anzsco_4digit,TAS,5521,runup_from_2020,0.8649975520876256
aus_l3,anzsco_4digit,TAS,5522,runup_from_2019,0.5484644488807007
aus_l3,anzsco_4digit,TAS,5522,runup_from_2020,0.978193968462203
aus_l3,anzsco_4digit,TAS,5523,runup_from_2019,0.019803627296679727
aus_l3,anzsco_4digit,TAS,5523,runup_from_2020,0.19415744301340643
aus_l3,anzsco_4digit,TAS,5611,runup_from_2019,0
aus_l3,anzsco_4digit,TAS,5611,runup_from_2020,0
aus_l3,anzsco_4digit,TAS,5612,runup_from_2019,0.6875763571120288
aus_l3,anzsco_4digit,TAS,5612,runup_from_2020,1.0363458669504197
aus_l3,anzsco_4digit,TAS,5613,runup_from_2019,0.2984930411506599
aus_l3,anzsco_4digit,TAS,5613,runup_from_2020,0.6931471805599454
aus_l3,anzsco_4digit,TAS,5614,runup_from_2019,0.4144331555036901
aus_l3,anzsco_4digit,TAS,5614,runup_from_2020,0.36178992097902635
aus_l3,anzsco_4digit,TAS,5615,runup_from_2019,0.5135611656778606
aus_l3,anzsco_4digit,TAS,5615,runup_from_2020,0.693146688756707
aus_l3,anzsco_4digit,TAS,5616,runup_from_2019,0.15414925125480938
aus_l3,anzsco_4digit,TAS,5616,runup_from_2020,0.15414925125480938
aus_l3,anzsco_4digit,TAS,5619,runup_from_2019,0.3420957192124706
aus_l3,anzsco_4digit,TAS,5619,runup_from_2020,0.42433425729922125
aus_l3,anzsco_4digit,TAS,5911,runup_from_2019,0.4372541471764677
aus_l3,anzsco_4digit,TAS,5911,runup_from_2020,0.6289215541056605
aus_l3,anzsco_4digit,TAS,5912,runup_from_2019,0.4252378298283246
aus_l3,anzsco_4digit,TAS,5912,runup_from_2020,0.5476396270091883
aus_l3,anzsco_4digit,TAS,5991,runup_from_2019,0.17627948330187637
aus_l3,anzsco_4digit,TAS,5991,runup_from_2020,0.34662432237098595
aus_l3,anzsco_4digit,TAS,5992,runup_from_2019,0.5212973677121933
aus_l3,anzsco_4digit,TAS,5992,runup_from_2020,0.6776431526777891
aus_l3,anzsco_4digit,TAS,5993,runup_from_2019,0.26570360051570896
aus_l3,anzsco_4digit,TAS,5993,runup_from_2020,0.5295181341367051
aus_l3,anzsco_4digit,TAS,5994,runup_from_2019,0.4495250489739617
aus_l3,anzsco_4digit,TAS,5994,runup_from_2020,0.4769245749639558
aus_l3,anzsco_4digit,TAS,5995,runup_from_2019,0.6271892148405436
aus_l3,anzsco_4digit,TAS,5995,runup_from_2020,0.9343093524889967
aus_l3,anzsco_4digit,TAS,5996,runup_from_2019,0.7958925891156263
aus_l3,anzsco_4digit,TAS,5996,runup_from_2020,0.7239191485701497
aus_l3,anzsco_4digit,TAS,5997,runup_from_2019,0.27443697201760825
aus_l3,anzsco_4digit,TAS,5997,runup_from_2020,0.30110496305414836
aus_l3,anzsco_4digit,TAS,5999,runup_from_2019,0.3285035736387456
aus_l3,anzsco_4digit,TAS,5999,runup_from_2020,0.5798180495386844
aus_l3,anzsco_4digit,TAS,6111,runup_from_2019,0
aus_l3,anzsco_4digit,TAS,6111,runup_from_2020,-0.08004193844247137
aus_l3,anzsco_4digit,TAS,6112,runup_from_2019,0.3987308074704805
aus_l3,anzsco_4digit,TAS,6112,runup_from_2020,0.5584906103743676
aus_l3,anzsco_4digit,TAS,6113,runup_from_2019,0.6020872353282911
aus_l3,anzsco_4digit,TAS,6113,runup_from_2020,0.7595355129262389
aus_l3,anzsco_4digit,TAS,6121,runup_from_2019,0.6910787000948406
aus_l3,anzsco_4digit,TAS,6121,runup_from_2020,0.8047381838566046
aus_l3,anzsco_4digit,TAS,6211,runup_from_2019,0.7640261815796459
aus_l3,anzsco_4digit,TAS,6211,runup_from_2020,0.9019667595627086
aus_l3,anzsco_4digit,TAS,6212,runup_from_2019,0.07410731281233801
aus_l3,anzsco_4digit,TAS,6212,runup_from_2020,0.04878973559748305
aus_l3,anzsco_4digit,TAS,6213,runup_from_2019,0.5433550120965136
aus_l3,anzsco_4digit,TAS,6213,runup_from_2020,0.6908079512589267
aus_l3,anzsco_4digit,TAS,6214,runup_from_2019,1.1670501141320389
aus_l3,anzsco_4digit,TAS,6214,runup_from_2020,1.1182589678196178
aus_l3,anzsco_4digit,TAS,6215,runup_from_2019,0.7088132956681299
aus_l3,anzsco_4digit,TAS,6215,runup_from_2020,0.7967828635326496
aus_l3,anzsco_4digit,TAS,6216,runup_from_2019,-0.262364356775216
aus_l3,anzsco_4digit,TAS,6216,runup_from_2020,-0.5766135395849477
aus_l3,anzsco_4digit,TAS,6217,runup_from_2019,-0.02247196191246817
aus_l3,anzsco_4digit,TAS,6217,runup_from_2020,0.2006709227348526
aus_l3,anzsco_4digit,TAS,6219,runup_from_2019,-0.10135225329640318
aus_l3,anzsco_4digit,TAS,6219,runup_from_2020,0.3662451641859481
aus_l3,anzsco_4digit,TAS,6311,runup_from_2019,0.74806310806499
aus_l3,anzsco_4digit,TAS,6311,runup_from_2020,1.06853401409262
aus_l3,anzsco_4digit,TAS,6391,runup_from_2019,0.8996110050815156
aus_l3,anzsco_4digit,TAS,6391,runup_from_2020,0.9818493449941255
aus_l3,anzsco_4digit,TAS,6392,runup_from_2019,0.20066887727868016
aus_l3,anzsco_4digit,TAS,6392,runup_from_2020,0.02298723492505686
aus_l3,anzsco_4digit,TAS,6393,runup_from_2019,0.8892621279793841
aus_l3,anzsco_4digit,TAS,6393,runup_from_2020,0.9946243103052659
aus_l3,anzsco_4digit,TAS,6394,runup_from_2019,0.015266863739088588
aus_l3,anzsco_4digit,TAS,6394,runup_from_2020,0.45198395491204024
aus_l3,anzsco_4digit,TAS,6395,runup_from_2019,0.5198753671483332
aus_l3,anzsco_4digit,TAS,6395,runup_from_2020,0.7205462898831858
aus_l3,anzsco_4digit,TAS,6399,runup_from_2019,0.9506157431853421
aus_l3,anzsco_4digit,TAS,6399,runup_from_2020,1.2982609299498695
aus_l3,anzsco_4digit,TAS,7111,runup_from_2019,-0.15415067982725836
aus_l3,anzsco_4digit,TAS,7111,runup_from_2020,0
aus_l3,anzsco_4digit,TAS,7112,runup_from_2019,0.3409265869705932
aus_l3,anzsco_4digit,TAS,7112,runup_from_2020,0.8799239805608218
aus_l3,anzsco_4digit,TAS,7113,runup_from_2019,0.5930624814015756
aus_l3,anzsco_4digit,TAS,7113,runup_from_2020,0.7472138755142931
aus_l3,anzsco_4digit,TAS,7114,runup_from_2019,0
aus_l3,anzsco_4digit,TAS,7114,runup_from_2020,0
aus_l3,anzsco_4digit,TAS,7115,runup_from_2019,0.5108256237659907
aus_l3,anzsco_4digit,TAS,7115,runup_from_2020,0.08701210426262163
aus_l3,anzsco_4digit,TAS,7116,runup_from_2019,0.8203027696551632
aus_l3,anzsco_4digit,TAS,7116,runup_from_2020,0.7547056243768313
aus_l3,anzsco_4digit,TAS,7117,runup_from_2019,-0.05264323452466371
aus_l3,anzsco_4digit,TAS,7117,runup_from_2020,0.02739870391780766
aus_l3,anzsco_4digit,TAS,7119,runup_from_2019,0.5830473383384454
aus_l3,anzsco_4digit,TAS,7119,runup_from_2020,0.3590531446315519
aus_l3,anzsco_4digit,TAS,7121,runup_from_2019,-0.1590646439197646
aus_l3,anzsco_4digit,TAS,7121,runup_from_2020,0.10919963679251854
aus_l3,anzsco_4digit,TAS,7122,runup_from_2019,0.007662795822495294
aus_l3,anzsco_4digit,TAS,7122,runup_from_2020,0.8862132766368771
aus_l3,anzsco_4digit,TAS,7123,runup_from_2019,-0.34130362335590714
aus_l3,anzsco_4digit,TAS,7123,runup_from_2020,0.20633734401550147
aus_l3,anzsco_4digit,TAS,7129,runup_from_2019,0.26587253214335527
aus_l3,anzsco_4digit,TAS,7129,runup_from_2020,0.6738786075371783
aus_l3,anzsco_4digit,TAS,7211,runup_from_2019,0.24567229590689688
aus_l3,anzsco_4digit,TAS,7211,runup_from_2020,-0.27522925680605037
aus_l3,anzsco_4digit,TAS,7212,runup_from_2019,0.19114418986693682
aus_l3,anzsco_4digit,TAS,7212,runup_from_2020,0.4808734485251871
aus_l3,anzsco_4digit,TAS,7213,runup_from_2019,0.4156692536826383
aus_l3,anzsco_4digit,TAS,7213,runup_from_2020,0.3632227378833668
aus_l3,anzsco_4digit,TAS,7219,runup_from_2019,-0.3302410958380504
aus_l3,anzsco_4digit,TAS,7219,runup_from_2020,0.010929944875240682
aus_l3,anzsco_4digit,TAS,7311,runup_from_2019,-0.5295184674699829
aus_l3,anzsco_4digit,TAS,7311,runup_from_2020,-0.07276025795664115
aus_l3,anzsco_4digit,TAS,7312,runup_from_2019,0.5648930302214685
aus_l3,anzsco_4digit,TAS,7312,runup_from_2020,0.6620565934899141
aus_l3,anzsco_4digit,TAS,7313,runup_from_2019,0.09763830856199021
aus_l3,anzsco_4digit,TAS,7313,runup_from_2020,0.15028154308665392
aus_l3,anzsco_4digit,TAS,7321,runup_from_2019,1.1611050505216296
aus_l3,anzsco_4digit,TAS,7321,runup_from_2020,0.8989503992906904
aus_l3,anzsco_4digit,TAS,7331,runup_from_2019,0.5232481069998425
aus_l3,anzsco_4digit,TAS,7331,runup_from_2020,0.7096219845408593
aus_l3,anzsco_4digit,TAS,7411,runup_from_2019,0.6457830939824536
aus_l3,anzsco_4digit,TAS,7411,runup_from_2020,0.653688253335837
aus_l3,anzsco_4digit,TAS,8111,runup_from_2019,0.1786916069251776
aus_l3,anzsco_4digit,TAS,8111,runup_from_2020,0.19329025928751764
aus_l3,anzsco_4digit,TAS,8112,runup_from_2019,0.8361894829419971
aus_l3,anzsco_4digit,TAS,8112,runup_from_2020,1.064177822661076
aus_l3,anzsco_4digit,TAS,8113,runup_from_2019,0.20067069546215122
aus_l3,anzsco_4digit,TAS,8113,runup_from_2020,0.14660452682400849
aus_l3,anzsco_4digit,TAS,8114,runup_from_2019,1.1457302116451795
aus_l3,anzsco_4digit,TAS,8114,runup_from_2020,1.2817707646188778
aus_l3,anzsco_4digit,TAS,8115,runup_from_2019,0.5016925939142434
aus_l3,anzsco_4digit,TAS,8115,runup_from_2020,0.5324648633763606
aus_l3,anzsco_4digit,TAS,8116,runup_from_2019,0.09662670411011565
aus_l3,anzsco_4digit,TAS,8116,runup_from_2020,0.05406708969131968
aus_l3,anzsco_4digit,TAS,8211,runup_from_2019,0.34705435842975385
aus_l3,anzsco_4digit,TAS,8211,runup_from_2020,0.7960045359244647
aus_l3,anzsco_4digit,TAS,8212,runup_from_2019,0.20155330707143215
aus_l3,anzsco_4digit,TAS,8212,runup_from_2020,0.5596157879354228
aus_l3,anzsco_4digit,TAS,8213,runup_from_2019,0.2876842153096891
aus_l3,anzsco_4digit,TAS,8213,runup_from_2020,-0.13353005333886808
aus_l3,anzsco_4digit,TAS,8214,runup_from_2019,0.3621161931271581
aus_l3,anzsco_4digit,TAS,8214,runup_from_2020,0.17979336360512077
aus_l3,anzsco_4digit,TAS,8215,runup_from_2019,-0.14425014924621443
aus_l3,anzsco_4digit,TAS,8215,runup_from_2020,0.27625382333702997
aus_l3,anzsco_4digit,TAS,8216,runup_from_2019,0
aus_l3,anzsco_4digit,TAS,8216,runup_from_2020,-0.07410731281233801
aus_l3,anzsco_4digit,TAS,8217,runup_from_2019,-0.15591268875216824
aus_l3,anzsco_4digit,TAS,8217,runup_from_2020,0.4561089579703477
aus_l3,anzsco_4digit,TAS,8219,runup_from_2019,0.2444537660752364
aus_l3,anzsco_4digit,TAS,8219,runup_from_2020,0.2141478103801342
aus_l3,anzsco_4digit,TAS,8311,runup_from_2019,0.6146021635216576
aus_l3,anzsco_4digit,TAS,8311,runup_from_2020,0.8856369577459364
aus_l3,anzsco_4digit,TAS,8312,runup_from_2019,0.10135333763342591
aus_l3,anzsco_4digit,TAS,8312,runup_from_2020,0.27570672477820357
aus_l3,anzsco_4digit,TAS,8313,runup_from_2019,1.174119785026529
aus_l3,anzsco_4digit,TAS,8313,runup_from_2020,1.0369188105718568
aus_l3,anzsco_4digit,TAS,8321,runup_from_2019,1.1931028618187987
aus_l3,anzsco_4digit,TAS,8321,runup_from_2020,1.066351664545155
aus_l3,anzsco_4digit,TAS,8322,runup_from_2019,0.47000231674618664
aus_l3,anzsco_4digit,TAS,8322,runup_from_2020,0.38995999368772416
aus_l3,anzsco_4digit,TAS,8391,runup_from_2019,0.07598521378091132
aus_l3,anzsco_4digit,TAS,8391,runup_from_2020,0.13005190873525913
aus_l3,anzsco_4digit,TAS,8392,runup_from_2019,0
aus_l3,anzsco_4digit,TAS,8392,runup_from_2020,-0.08004193844247137
aus_l3,anzsco_4digit,TAS,8393,runup_from_2019,0.642957292576608
aus_l3,anzsco_4digit,TAS,8393,runup_from_2020,0.6499745830527082
aus_l3,anzsco_4digit,TAS,8394,runup_from_2019,-0.11954486895960215
aus_l3,anzsco_4digit,TAS,8394,runup_from_2020,0.032261517956141295
aus_l3,anzsco_4digit,TAS,8399,runup_from_2019,0.4608152212025869
aus_l3,anzsco_4digit,TAS,8399,runup_from_2020,0.3115543938554217
aus_l3,anzsco_4digit,TAS,8411,runup_from_2019,0
aus_l3,anzsco_4digit,TAS,8411,runup_from_2020,-0.08004193844247137
aus_l3,anzsco_4digit,TAS,8412,runup_from_2019,1.5089674555998802
aus_l3,anzsco_4digit,TAS,8412,runup_from_2020,1.4414460781021923
aus_l3,anzsco_4digit,TAS,8413,runup_from_2019,0.18514249042852382
aus_l3,anzsco_4digit,TAS,8413,runup_from_2020,0.5738011412376985
aus_l3,anzsco_4digit,TAS,8414,runup_from_2019,0.38665558745658246
aus_l3,anzsco_4digit,TAS,8414,runup_from_2020,0.10676770799835911
aus_l3,anzsco_4digit,TAS,8415,runup_from_2019,0.9231636465894144
aus_l3,anzsco_4digit,TAS,8415,runup_from_2020,0.5062691020621625
aus_l3,anzsco_4digit,TAS,8416,runup_from_2019,0.5183921424395235
aus_l3,anzsco_4digit,TAS,8416,runup_from_2020,0.6111736227259006
aus_l3,anzsco_4digit,TAS,8419,runup_from_2019,0.23001635974701012
aus_l3,anzsco_4digit,TAS,8419,runup_from_2020,-0.027028398415354093
aus_l3,anzsco_4digit,TAS,8511,runup_from_2019,0.6061360560956766
aus_l3,anzsco_4digit,TAS,8511,runup_from_2020,0.6438760208305245
aus_l3,anzsco_4digit,TAS,8512,runup_from_2019,0.24981104732963855
aus_l3,anzsco_4digit,TAS,8512,runup_from_2020,0.4763405931016061
aus_l3,anzsco_4digit,TAS,8513,runup_from_2019,0.6414658864116554
aus_l3,anzsco_4digit,TAS,8513,runup_from_2020,0.916937939991231
aus_l3,anzsco_4digit,TAS,8911,runup_from_2019,0.338023951175098
aus_l3,anzsco_4digit,TAS,8911,runup_from_2020,0.36000296658951947
aus_l3,anzsco_4digit,TAS,8912,runup_from_2019,1.0712133069724858
aus_l3,anzsco_4digit,TAS,8912,runup_from_2020,0.8109299384385124
aus_l3,anzsco_4digit,TAS,8991,runup_from_2019,0.21440937363403945
aus_l3,anzsco_4digit,TAS,8991,runup_from_2020,0.5930635089704599
aus_l3,anzsco_4digit,TAS,8992,runup_from_2019,-0.05715780109529356
aus_l3,anzsco_4digit,TAS,8992,runup_from_2020,0.09237467212294725
aus_l3,anzsco_4digit,TAS,8993,runup_from_2019,0.8333311234105925
aus_l3,anzsco_4digit,TAS,8993,runup_from_2020,0.7859287874286252
aus_l3,anzsco_4digit,TAS,8994,runup_from_2019,0.24434597624758392
aus_l3,anzsco_4digit,TAS,8994,runup_from_2020,0.4195498145127382
aus_l3,anzsco_4digit,TAS,8995,runup_from_2019,0.4795743256833142
aus_l3,anzsco_4digit,TAS,8995,runup_from_2020,0.032261010539785584
aus_l3,anzsco_4digit,TAS,8996,runup_from_2019,-0.15414925125480938
aus_l3,anzsco_4digit,TAS,8996,runup_from_2020,-0.15414925125480938
aus_l3,anzsco_4digit,TAS,8997,runup_from_2019,0.02739870391780766
aus_l3,anzsco_4digit,TAS,8997,runup_from_2020,0.02739870391780766
aus_l3,anzsco_4digit,TAS,8999,runup_from_2019,0.3232889590967991
aus_l3,anzsco_4digit,TAS,8999,runup_from_2020,0.6740368573524758
aus_l3,anzsco_4digit,VIC,1111,runup_from_2019,0.2246239623996118
aus_l3,anzsco_4digit,VIC,1111,runup_from_2020,0.5114833054695689
aus_l3,anzsco_4digit,VIC,1112,runup_from_2019,0.3266368755614595
aus_l3,anzsco_4digit,VIC,1112,runup_from_2020,0.7003178163309771
aus_l3,anzsco_4digit,VIC,1211,runup_from_2019,0
aus_l3,anzsco_4digit,VIC,1211,runup_from_2020,0
aus_l3,anzsco_4digit,VIC,1212,runup_from_2019,0.3420955322965826
aus_l3,anzsco_4digit,VIC,1212,runup_from_2020,0.5896571984811454
aus_l3,anzsco_4digit,VIC,1213,runup_from_2019,1.0270549820884605
aus_l3,anzsco_4digit,VIC,1213,runup_from_2020,0.8437378851326853
aus_l3,anzsco_4digit,VIC,1214,runup_from_2019,0.46421455030319114
aus_l3,anzsco_4digit,VIC,1214,runup_from_2020,0.5681607057510298
aus_l3,anzsco_4digit,VIC,1311,runup_from_2019,-0.020606294657316226
aus_l3,anzsco_4digit,VIC,1311,runup_from_2020,0.5421157674881831
aus_l3,anzsco_4digit,VIC,1321,runup_from_2019,0.1041641437620422
aus_l3,anzsco_4digit,VIC,1321,runup_from_2020,0.4950619508186396
aus_l3,anzsco_4digit,VIC,1322,runup_from_2019,0.0705067060950677
aus_l3,anzsco_4digit,VIC,1322,runup_from_2020,0.5226026968314024
aus_l3,anzsco_4digit,VIC,1323,runup_from_2019,0.430489053483889
aus_l3,anzsco_4digit,VIC,1323,runup_from_2020,0.8956135992765297
aus_l3,anzsco_4digit,VIC,1324,runup_from_2019,0.40303175840851146
aus_l3,anzsco_4digit,VIC,1324,runup_from_2020,0.7995027277579823
aus_l3,anzsco_4digit,VIC,1325,runup_from_2019,0.5464122466567476
aus_l3,anzsco_4digit,VIC,1325,runup_from_2020,0.9400796083047154
aus_l3,anzsco_4digit,VIC,1331,runup_from_2019,0.03572048939054451
aus_l3,anzsco_4digit,VIC,1331,runup_from_2020,0.6564253620980693
aus_l3,anzsco_4digit,VIC,1332,runup_from_2019,0.6580276244251491
aus_l3,anzsco_4digit,VIC,1332,runup_from_2020,0.8702979227837968
aus_l3,anzsco_4digit,VIC,1333,runup_from_2019,0.3571040321615624
aus_l3,anzsco_4digit,VIC,1333,runup_from_2020,0.6548510944099533
aus_l3,anzsco_4digit,VIC,1334,runup_from_2019,0.5058751428073442
aus_l3,anzsco_4digit,VIC,1334,runup_from_2020,0.7894503098496741
aus_l3,anzsco_4digit,VIC,1335,runup_from_2019,0.4858086105193484
aus_l3,anzsco_4digit,VIC,1335,runup_from_2020,0.7571272062267633
aus_l3,anzsco_4digit,VIC,1336,runup_from_2019,0.5133670434319342
aus_l3,anzsco_4digit,VIC,1336,runup_from_2020,0.715506882961396
aus_l3,anzsco_4digit,VIC,1341,runup_from_2019,0.5055945882432393
aus_l3,anzsco_4digit,VIC,1341,runup_from_2020,0.7754651757950706
aus_l3,anzsco_4digit,VIC,1342,runup_from_2019,0.5062989943418801
aus_l3,anzsco_4digit,VIC,1342,runup_from_2020,0.7404746245794391
aus_l3,anzsco_4digit,VIC,1343,runup_from_2019,0.25808154711993625
aus_l3,anzsco_4digit,VIC,1343,runup_from_2020,-0.6477846043777507
aus_l3,anzsco_4digit,VIC,1344,runup_from_2019,0.08248399200425816
aus_l3,anzsco_4digit,VIC,1344,runup_from_2020,0.32211783142828887
aus_l3,anzsco_4digit,VIC,1351,runup_from_2019,0.5149399937209704
aus_l3,anzsco_4digit,VIC,1351,runup_from_2020,0.8472140793321419
aus_l3,anzsco_4digit,VIC,1399,runup_from_2019,0.3874055508340257
aus_l3,anzsco_4digit,VIC,1399,runup_from_2020,0.8401461872998075
aus_l3,anzsco_4digit,VIC,1411,runup_from_2019,0.6264323729250885
aus_l3,anzsco_4digit,VIC,1411,runup_from_2020,1.103854733994452
aus_l3,anzsco_4digit,VIC,1412,runup_from_2019,0.18721208010824597
aus_l3,anzsco_4digit,VIC,1412,runup_from_2020,0.2715530944243192
aus_l3,anzsco_4digit,VIC,1413,runup_from_2019,0.7593050194745503
aus_l3,anzsco_4digit,VIC,1413,runup_from_2020,1.4490756971459797
aus_l3,anzsco_4digit,VIC,1414,runup_from_2019,0.6361369510320829
aus_l3,anzsco_4digit,VIC,1414,runup_from_2020,0.9870708244897681
aus_l3,anzsco_4digit,VIC,1419,runup_from_2019,0.33123206059368204
aus_l3,anzsco_4digit,VIC,1419,runup_from_2020,0.495186764907805
aus_l3,anzsco_4digit,VIC,1421,runup_from_2019,0.49508004844375453
aus_l3,anzsco_4digit,VIC,1421,runup_from_2020,1.0054048186583318
aus_l3,anzsco_4digit,VIC,1491,runup_from_2019,0.7093796036682845
aus_l3,anzsco_4digit,VIC,1491,runup_from_2020,1.1688539751179046
aus_l3,anzsco_4digit,VIC,1492,runup_from_2019,0.4079791997035045
aus_l3,anzsco_4digit,VIC,1492,runup_from_2020,0.8210247341572785
aus_l3,anzsco_4digit,VIC,1493,runup_from_2019,0.4719137846699528
aus_l3,anzsco_4digit,VIC,1493,runup_from_2020,1.3965137977235784
aus_l3,anzsco_4digit,VIC,1494,runup_from_2019,0.3667905537326366
aus_l3,anzsco_4digit,VIC,1494,runup_from_2020,0.861891532401502
aus_l3,anzsco_4digit,VIC,1499,runup_from_2019,0.20307808084939616
aus_l3,anzsco_4digit,VIC,1499,runup_from_2020,0.6543244323981883
aus_l3,anzsco_4digit,VIC,2111,runup_from_2019,0.5219461507791081
aus_l3,anzsco_4digit,VIC,2111,runup_from_2020,0.7911621212252329
aus_l3,anzsco_4digit,VIC,2112,runup_from_2019,0.48550756578173204
aus_l3,anzsco_4digit,VIC,2112,runup_from_2020,0.9035514529322005
aus_l3,anzsco_4digit,VIC,2113,runup_from_2019,0.35358021955120433
aus_l3,anzsco_4digit,VIC,2113,runup_from_2020,0.9055009860634002
aus_l3,anzsco_4digit,VIC,2114,runup_from_2019,0.1124785153414426
aus_l3,anzsco_4digit,VIC,2114,runup_from_2020,0.19949015207136578
aus_l3,anzsco_4digit,VIC,2121,runup_from_2019,0.13419605861785233
aus_l3,anzsco_4digit,VIC,2121,runup_from_2020,0.7359086009728784
aus_l3,anzsco_4digit,VIC,2122,runup_from_2019,0.47636401523078753
aus_l3,anzsco_4digit,VIC,2122,runup_from_2020,0.11275254354417585
aus_l3,anzsco_4digit,VIC,2123,runup_from_2019,0.5197600038958421
aus_l3,anzsco_4digit,VIC,2123,runup_from_2020,0.9252250479014408
aus_l3,anzsco_4digit,VIC,2124,runup_from_2019,0.5091169139279232
aus_l3,anzsco_4digit,VIC,2124,runup_from_2020,0.9306532265676148
aus_l3,anzsco_4digit,VIC,2211,runup_from_2019,0.05009394457717509
aus_l3,anzsco_4digit,VIC,2211,runup_from_2020,0.5282270333712225
aus_l3,anzsco_4digit,VIC,2212,runup_from_2019,0.33395337537228365
aus_l3,anzsco_4digit,VIC,2212,runup_from_2020,0.8098901029362278
aus_l3,anzsco_4digit,VIC,2221,runup_from_2019,0.43227721007743725
aus_l3,anzsco_4digit,VIC,2221,runup_from_2020,0.6143093731492155
aus_l3,anzsco_4digit,VIC,2222,runup_from_2019,0.6551864469740178
aus_l3,anzsco_4digit,VIC,2222,runup_from_2020,0.9007865453381898
aus_l3,anzsco_4digit,VIC,2223,runup_from_2019,0.054030929686029516
aus_l3,anzsco_4digit,VIC,2223,runup_from_2020,0.5213714398981946
aus_l3,anzsco_4digit,VIC,2231,runup_from_2019,0.30709748384864444
aus_l3,anzsco_4digit,VIC,2231,runup_from_2020,0.9366103346040191
aus_l3,anzsco_4digit,VIC,2232,runup_from_2019,-0.1730621392152636
aus_l3,anzsco_4digit,VIC,2232,runup_from_2020,-0.2222213382729774
aus_l3,anzsco_4digit,VIC,2233,runup_from_2019,0.2032515803922621
aus_l3,anzsco_4digit,VIC,2233,runup_from_2020,0.6040322455375042
aus_l3,anzsco_4digit,VIC,2241,runup_from_2019,0.2737173894007361
aus_l3,anzsco_4digit,VIC,2241,runup_from_2020,0.7405126705091125
aus_l3,anzsco_4digit,VIC,2242,runup_from_2019,0.29966876155238875
aus_l3,anzsco_4digit,VIC,2242,runup_from_2020,0.7098507766851303
aus_l3,anzsco_4digit,VIC,2243,runup_from_2019,0.6035350245488291
aus_l3,anzsco_4digit,VIC,2243,runup_from_2020,0.708895473539993
aus_l3,anzsco_4digit,VIC,2244,runup_from_2019,0.35943791616992105
aus_l3,anzsco_4digit,VIC,2244,runup_from_2020,0.6833412577025477
aus_l3,anzsco_4digit,VIC,2245,runup_from_2019,0.6310748156224877
aus_l3,anzsco_4digit,VIC,2245,runup_from_2020,0.681718485109513
aus_l3,anzsco_4digit,VIC,2246,runup_from_2019,0.26811687651717175
aus_l3,anzsco_4digit,VIC,2246,runup_from_2020,0.7105054665509476
aus_l3,anzsco_4digit,VIC,2247,runup_from_2019,0.25593337497290225
aus_l3,anzsco_4digit,VIC,2247,runup_from_2020,0.7932658242938917
aus_l3,anzsco_4digit,VIC,2249,runup_from_2019,0.4374036190399506
aus_l3,anzsco_4digit,VIC,2249,runup_from_2020,0.7794549466413483
aus_l3,anzsco_4digit,VIC,2251,runup_from_2019,0.4444880335922594
aus_l3,anzsco_4digit,VIC,2251,runup_from_2020,0.9370690442603191
aus_l3,anzsco_4digit,VIC,2252,runup_from_2019,0.20037825575527668
aus_l3,anzsco_4digit,VIC,2252,runup_from_2020,0.4307830254042069
aus_l3,anzsco_4digit,VIC,2253,runup_from_2019,0.33109595489370225
aus_l3,anzsco_4digit,VIC,2253,runup_from_2020,0.8639144549425559
aus_l3,anzsco_4digit,VIC,2254,runup_from_2019,0.019406484539870483
aus_l3,anzsco_4digit,VIC,2254,runup_from_2020,0.5599115427851329
aus_l3,anzsco_4digit,VIC,2311,runup_from_2019,0.29839373500139743
aus_l3,anzsco_4digit,VIC,2311,runup_from_2020,0.6795415969973151
aus_l3,anzsco_4digit,VIC,2312,runup_from_2019,0.6415891196388452
aus_l3,anzsco_4digit,VIC,2312,runup_from_2020,0.5642561209802981
aus_l3,anzsco_4digit,VIC,2321,runup_from_2019,-0.21655683733340503
aus_l3,anzsco_4digit,VIC,2321,runup_from_2020,0.2544385559090516
aus_l3,anzsco_4digit,VIC,2322,runup_from_2019,0.28101692781812737
aus_l3,anzsco_4digit,VIC,2322,runup_from_2020,0.6073609858599656
aus_l3,anzsco_4digit,VIC,2323,runup_from_2019,0.5470630619365515
aus_l3,anzsco_4digit,VIC,2323,runup_from_2020,0.8811084826165105
aus_l3,anzsco_4digit,VIC,2324,runup_from_2019,0.300370741151462
aus_l3,anzsco_4digit,VIC,2324,runup_from_2020,0.7230519717880526
aus_l3,anzsco_4digit,VIC,2325,runup_from_2019,-0.3229026467462415
aus_l3,anzsco_4digit,VIC,2325,runup_from_2020,0.6416977184249077
aus_l3,anzsco_4digit,VIC,2326,runup_from_2019,-0.06034811218595948
aus_l3,anzsco_4digit,VIC,2326,runup_from_2020,0.5408545111895524
aus_l3,anzsco_4digit,VIC,2331,runup_from_2019,0.22198682482736132
aus_l3,anzsco_4digit,VIC,2331,runup_from_2020,0.5429729177599754
aus_l3,anzsco_4digit,VIC,2332,runup_from_2019,0.08767011680267167
aus_l3,anzsco_4digit,VIC,2332,runup_from_2020,0.6907053991065188
aus_l3,anzsco_4digit,VIC,2333,runup_from_2019,0.2660850931131451
aus_l3,anzsco_4digit,VIC,2333,runup_from_2020,0.7608861255073238
aus_l3,anzsco_4digit,VIC,2334,runup_from_2019,0.7552789737151442
aus_l3,anzsco_4digit,VIC,2334,runup_from_2020,0.710158611964089
aus_l3,anzsco_4digit,VIC,2335,runup_from_2019,0.45369384356621456
aus_l3,anzsco_4digit,VIC,2335,runup_from_2020,0.7309215412634167
aus_l3,anzsco_4digit,VIC,2336,runup_from_2019,0.21223469966027153
aus_l3,anzsco_4digit,VIC,2336,runup_from_2020,0.6541812591645395
aus_l3,anzsco_4digit,VIC,2339,runup_from_2019,0.18525841940844057
aus_l3,anzsco_4digit,VIC,2339,runup_from_2020,0.5666049648136804
aus_l3,anzsco_4digit,VIC,2341,runup_from_2019,0.4766608010494884
aus_l3,anzsco_4digit,VIC,2341,runup_from_2020,0.6200553372669737
aus_l3,anzsco_4digit,VIC,2342,runup_from_2019,1.3252787916632958
aus_l3,anzsco_4digit,VIC,2342,runup_from_2020,1.3535992859027584
aus_l3,anzsco_4digit,VIC,2343,runup_from_2019,0.3983137164517272
aus_l3,anzsco_4digit,VIC,2343,runup_from_2020,0.738498315692127
aus_l3,anzsco_4digit,VIC,2344,runup_from_2019,0.87403094770211
aus_l3,anzsco_4digit,VIC,2344,runup_from_2020,0.9784341199939441
aus_l3,anzsco_4digit,VIC,2345,runup_from_2019,0.9256484966958345
aus_l3,anzsco_4digit,VIC,2345,runup_from_2020,1.0161625362879474
aus_l3,anzsco_4digit,VIC,2346,runup_from_2019,0.3149908759776934
aus_l3,anzsco_4digit,VIC,2346,runup_from_2020,0.5449958365850223
aus_l3,anzsco_4digit,VIC,2347,runup_from_2019,1.6549003097666724
aus_l3,anzsco_4digit,VIC,2347,runup_from_2020,1.5940021261860995
aus_l3,anzsco_4digit,VIC,2349,runup_from_2019,-0.19020473192524445
aus_l3,anzsco_4digit,VIC,2349,runup_from_2020,-0.17859024677311552
aus_l3,anzsco_4digit,VIC,2411,runup_from_2019,0.8963213522300695
aus_l3,anzsco_4digit,VIC,2411,runup_from_2020,1.0175841603105313
aus_l3,anzsco_4digit,VIC,2412,runup_from_2019,0.37309982997555924
aus_l3,anzsco_4digit,VIC,2412,runup_from_2020,-1.2487448842395779
aus_l3,anzsco_4digit,VIC,2413,runup_from_2019,0.37729533828509626
aus_l3,anzsco_4digit,VIC,2413,runup_from_2020,0.014388594594946569
aus_l3,anzsco_4digit,VIC,2414,runup_from_2019,0.3297345159583154
aus_l3,anzsco_4digit,VIC,2414,runup_from_2020,-0.16230443248939608
aus_l3,anzsco_4digit,VIC,2415,runup_from_2019,0.09684974906683763
aus_l3,anzsco_4digit,VIC,2415,runup_from_2020,-0.37948975125956164
aus_l3,anzsco_4digit,VIC,2421,runup_from_2019,0.15330068948883646
aus_l3,anzsco_4digit,VIC,2421,runup_from_2020,0.9711579712086413
aus_l3,anzsco_4digit,VIC,2422,runup_from_2019,-0.17149212621044985
aus_l3,anzsco_4digit,VIC,2422,runup_from_2020,-0.09716374845364761
aus_l3,anzsco_4digit,VIC,2491,runup_from_2019,0.3143275039639919
aus_l3,anzsco_4digit,VIC,2491,runup_from_2020,0.6680202190226714
aus_l3,anzsco_4digit,VIC,2492,runup_from_2019,0.4286803639528496
aus_l3,anzsco_4digit,VIC,2492,runup_from_2020,0.40326102962672294
aus_l3,anzsco_4digit,VIC,2493,runup_from_2019,-0.1778070033808341
aus_l3,anzsco_4digit,VIC,2493,runup_from_2020,-0.00539079458082381
aus_l3,anzsco_4digit,VIC,2511,runup_from_2019,0.7255824019525665
aus_l3,anzsco_4digit,VIC,2511,runup_from_2020,0.607121309725065
aus_l3,anzsco_4digit,VIC,2512,runup_from_2019,0.3093185524069195
aus_l3,anzsco_4digit,VIC,2512,runup_from_2020,0.666118518531615
aus_l3,anzsco_4digit,VIC,2513,runup_from_2019,0.2761106568001015
aus_l3,anzsco_4digit,VIC,2513,runup_from_2020,0.6360306188894311
aus_l3,anzsco_4digit,VIC,2514,runup_from_2019,0.8788642666871076
aus_l3,anzsco_4digit,VIC,2514,runup_from_2020,1.4325453028003383
aus_l3,anzsco_4digit,VIC,2515,runup_from_2019,0.19536496064294973
aus_l3,anzsco_4digit,VIC,2515,runup_from_2020,0.6306354992052894
aus_l3,anzsco_4digit,VIC,2519,runup_from_2019,0.15028220304933804
aus_l3,anzsco_4digit,VIC,2519,runup_from_2020,0.7273161296511321
aus_l3,anzsco_4digit,VIC,2521,runup_from_2019,1.1831117761346817
aus_l3,anzsco_4digit,VIC,2521,runup_from_2020,1.0061808535030203
aus_l3,anzsco_4digit,VIC,2522,runup_from_2019,0.5233494841282269
aus_l3,anzsco_4digit,VIC,2522,runup_from_2020,0.6834538100401586
aus_l3,anzsco_4digit,VIC,2523,runup_from_2019,0.46973477859250856
aus_l3,anzsco_4digit,VIC,2523,runup_from_2020,0.6158177268214295
aus_l3,anzsco_4digit,VIC,2524,runup_from_2019,0.5945428759479414
aus_l3,anzsco_4digit,VIC,2524,runup_from_2020,0.4505757110515862
aus_l3,anzsco_4digit,VIC,2525,runup_from_2019,0.4217213099310442
aus_l3,anzsco_4digit,VIC,2525,runup_from_2020,0.6116575780869287
aus_l3,anzsco_4digit,VIC,2526,runup_from_2019,0.9503940215112539
aus_l3,anzsco_4digit,VIC,2526,runup_from_2020,1.1062925024898886
aus_l3,anzsco_4digit,VIC,2527,runup_from_2019,0.8256055752415605
aus_l3,anzsco_4digit,VIC,2527,runup_from_2020,0.47180393085308214
aus_l3,anzsco_4digit,VIC,2531,runup_from_2019,0.663319102237816
aus_l3,anzsco_4digit,VIC,2531,runup_from_2020,0.7072057793088247
aus_l3,anzsco_4digit,VIC,2532,runup_from_2019,-0.06920056331314939
aus_l3,anzsco_4digit,VIC,2532,runup_from_2020,0.7810083322696677
aus_l3,anzsco_4digit,VIC,2533,runup_from_2019,0.32589942978146524
aus_l3,anzsco_4digit,VIC,2533,runup_from_2020,0.3753646763607055
aus_l3,anzsco_4digit,VIC,2534,runup_from_2019,0.3361881590753151
aus_l3,anzsco_4digit,VIC,2534,runup_from_2020,0.2111419882271739
aus_l3,anzsco_4digit,VIC,2535,runup_from_2019,-0.5929690885901184
aus_l3,anzsco_4digit,VIC,2535,runup_from_2020,-0.272276339231563
aus_l3,anzsco_4digit,VIC,2539,runup_from_2019,0.44283543561987093
aus_l3,anzsco_4digit,VIC,2539,runup_from_2020,0.6062359498980845
aus_l3,anzsco_4digit,VIC,2541,runup_from_2019,0.5383803908122156
aus_l3,anzsco_4digit,VIC,2541,runup_from_2020,0.6794366060670547
aus_l3,anzsco_4digit,VIC,2542,runup_from_2019,0.43235007574909634
aus_l3,anzsco_4digit,VIC,2542,runup_from_2020,0.49815687798950403
aus_l3,anzsco_4digit,VIC,2543,runup_from_2019,0.3855498220702742
aus_l3,anzsco_4digit,VIC,2543,runup_from_2020,0.5837717622792797
aus_l3,anzsco_4digit,VIC,2544,runup_from_2019,0.5997993612201995
aus_l3,anzsco_4digit,VIC,2544,runup_from_2020,0.7573921041468088
aus_l3,anzsco_4digit,VIC,2611,runup_from_2019,0.34187168179064553
aus_l3,anzsco_4digit,VIC,2611,runup_from_2020,0.8135408803158777
aus_l3,anzsco_4digit,VIC,2612,runup_from_2019,-0.018310066529505953
aus_l3,anzsco_4digit,VIC,2612,runup_from_2020,0.4173533082973284
aus_l3,anzsco_4digit,VIC,2613,runup_from_2019,0.29430562347957245
aus_l3,anzsco_4digit,VIC,2613,runup_from_2020,0.662000763337188
aus_l3,anzsco_4digit,VIC,2621,runup_from_2019,0.31391749622031817
aus_l3,anzsco_4digit,VIC,2621,runup_from_2020,0.7402009605198163
aus_l3,anzsco_4digit,VIC,2631,runup_from_2019,0.1753801922039857
aus_l3,anzsco_4digit,VIC,2631,runup_from_2020,0.5603056935356072
aus_l3,anzsco_4digit,VIC,2632,runup_from_2019,0.5148511385546923
aus_l3,anzsco_4digit,VIC,2632,runup_from_2020,0.8810416695211796
aus_l3,anzsco_4digit,VIC,2633,runup_from_2019,0.2442327892550793
aus_l3,anzsco_4digit,VIC,2633,runup_from_2020,0.6373950304930469
aus_l3,anzsco_4digit,VIC,2711,runup_from_2019,0.30327407534904793
aus_l3,anzsco_4digit,VIC,2711,runup_from_2020,0.44089554737029646
aus_l3,anzsco_4digit,VIC,2713,runup_from_2019,-0.16885723642541262
aus_l3,anzsco_4digit,VIC,2713,runup_from_2020,0.24337509328336893
aus_l3,anzsco_4digit,VIC,2721,runup_from_2019,0.4730034662840259
aus_l3,anzsco_4digit,VIC,2721,runup_from_2020,0.7182572581329101
aus_l3,anzsco_4digit,VIC,2722,runup_from_2019,0.46213444380637103
aus_l3,anzsco_4digit,VIC,2722,runup_from_2020,0.5554663835985902
aus_l3,anzsco_4digit,VIC,2723,runup_from_2019,0.5785880746298773
aus_l3,anzsco_4digit,VIC,2723,runup_from_2020,0.3492123726029419
aus_l3,anzsco_4digit,VIC,2724,runup_from_2019,0.29632187928063836
aus_l3,anzsco_4digit,VIC,2724,runup_from_2020,0.7306218173629215
aus_l3,anzsco_4digit,VIC,2725,runup_from_2019,0.7246939394471532
aus_l3,anzsco_4digit,VIC,2725,runup_from_2020,0.7243101927213278
aus_l3,anzsco_4digit,VIC,2726,runup_from_2019,0.6207575847692084
aus_l3,anzsco_4digit,VIC,2726,runup_from_2020,0.683973544143095
aus_l3,anzsco_4digit,VIC,3111,runup_from_2019,1.1887896685812867
aus_l3,anzsco_4digit,VIC,3111,runup_from_2020,1.0564003920423883
aus_l3,anzsco_4digit,VIC,3112,runup_from_2019,0.6467644223649618
aus_l3,anzsco_4digit,VIC,3112,runup_from_2020,0.73721777225001
aus_l3,anzsco_4digit,VIC,3113,runup_from_2019,0.51270999727222
aus_l3,anzsco_4digit,VIC,3113,runup_from_2020,0.8194407363926973
aus_l3,anzsco_4digit,VIC,3114,runup_from_2019,0.3222291076890036
aus_l3,anzsco_4digit,VIC,3114,runup_from_2020,0.4153894936640885
aus_l3,anzsco_4digit,VIC,3121,runup_from_2019,-0.05496948995465978
aus_l3,anzsco_4digit,VIC,3121,runup_from_2020,0.43545326992958877
aus_l3,anzsco_4digit,VIC,3122,runup_from_2019,0.14691868501794225
aus_l3,anzsco_4digit,VIC,3122,runup_from_2020,0.7224229910641693
aus_l3,anzsco_4digit,VIC,3123,runup_from_2019,0.11075140815713258
aus_l3,anzsco_4digit,VIC,3123,runup_from_2020,0.6249610396264056
aus_l3,anzsco_4digit,VIC,3124,runup_from_2019,0.42243531012614177
aus_l3,anzsco_4digit,VIC,3124,runup_from_2020,0.7357067615339257
aus_l3,anzsco_4digit,VIC,3125,runup_from_2019,0.2361589194262801
aus_l3,anzsco_4digit,VIC,3125,runup_from_2020,0.6178904005584274
aus_l3,anzsco_4digit,VIC,3126,runup_from_2019,0.4187595286959658
aus_l3,anzsco_4digit,VIC,3126,runup_from_2020,0.6522268881707962
aus_l3,anzsco_4digit,VIC,3129,runup_from_2019,-0.07156492178204132
aus_l3,anzsco_4digit,VIC,3129,runup_from_2020,0.45553461971102216
aus_l3,anzsco_4digit,VIC,3131,runup_from_2019,0.22781461036844242
aus_l3,anzsco_4digit,VIC,3131,runup_from_2020,0.742465153454491
aus_l3,anzsco_4digit,VIC,3132,runup_from_2019,0.10619041210353819
aus_l3,anzsco_4digit,VIC,3132,runup_from_2020,0.34396287771408107
aus_l3,anzsco_4digit,VIC,3211,runup_from_2019,0.452099800274695
aus_l3,anzsco_4digit,VIC,3211,runup_from_2020,0.8403635400379583
aus_l3,anzsco_4digit,VIC,3212,runup_from_2019,0.4004927692548774
aus_l3,anzsco_4digit,VIC,3212,runup_from_2020,0.810968797086514
aus_l3,anzsco_4digit,VIC,3221,runup_from_2019,0.04196405037107942
aus_l3,anzsco_4digit,VIC,3221,runup_from_2020,0.17413583745471373
aus_l3,anzsco_4digit,VIC,3222,runup_from_2019,0.28580428278144066
aus_l3,anzsco_4digit,VIC,3222,runup_from_2020,0.5278862378797715
aus_l3,anzsco_4digit,VIC,3223,runup_from_2019,0.24442365980383318
aus_l3,anzsco_4digit,VIC,3223,runup_from_2020,0.6482833750418946
aus_l3,anzsco_4digit,VIC,3231,runup_from_2019,0.4754236422337188
aus_l3,anzsco_4digit,VIC,3231,runup_from_2020,0.9525672772757845
aus_l3,anzsco_4digit,VIC,3232,runup_from_2019,0.358892969479645
aus_l3,anzsco_4digit,VIC,3232,runup_from_2020,0.7902173147916338
aus_l3,anzsco_4digit,VIC,3233,runup_from_2019,0.5235299508314912
aus_l3,anzsco_4digit,VIC,3233,runup_from_2020,0.7252158189413169
aus_l3,anzsco_4digit,VIC,3234,runup_from_2019,0.06430786263614596
aus_l3,anzsco_4digit,VIC,3234,runup_from_2020,0.4624200152947333
aus_l3,anzsco_4digit,VIC,3241,runup_from_2019,0.35906774815918086
aus_l3,anzsco_4digit,VIC,3241,runup_from_2020,0.8152569240142418
aus_l3,anzsco_4digit,VIC,3242,runup_from_2019,0.7520700867614933
aus_l3,anzsco_4digit,VIC,3242,runup_from_2020,0.9355482311534267
aus_l3,anzsco_4digit,VIC,3243,runup_from_2019,0.12174323412684496
aus_l3,anzsco_4digit,VIC,3243,runup_from_2020,0.7375986197387572
aus_l3,anzsco_4digit,VIC,3311,runup_from_2019,0.3969903752728623
aus_l3,anzsco_4digit,VIC,3311,runup_from_2020,0.7088729947214389
aus_l3,anzsco_4digit,VIC,3312,runup_from_2019,0.3939724508957658
aus_l3,anzsco_4digit,VIC,3312,runup_from_2020,0.9187430238394532
aus_l3,anzsco_4digit,VIC,3321,runup_from_2019,0.3204027201038009
aus_l3,anzsco_4digit,VIC,3321,runup_from_2020,0.6009573351861739
aus_l3,anzsco_4digit,VIC,3322,runup_from_2019,0.659914840266679
aus_l3,anzsco_4digit,VIC,3322,runup_from_2020,0.8414443233505233
aus_l3,anzsco_4digit,VIC,3331,runup_from_2019,0.20720969129624667
aus_l3,anzsco_4digit,VIC,3331,runup_from_2020,0.6801960738093205
aus_l3,anzsco_4digit,VIC,3332,runup_from_2019,0.24258964125522686
aus_l3,anzsco_4digit,VIC,3332,runup_from_2020,0.529060356765044
aus_l3,anzsco_4digit,VIC,3333,runup_from_2019,0.5045022162471859
aus_l3,anzsco_4digit,VIC,3333,runup_from_2020,0.16312985081520504
aus_l3,anzsco_4digit,VIC,3334,runup_from_2019,0.5100139678739821
aus_l3,anzsco_4digit,VIC,3334,runup_from_2020,0.7165615945755084
aus_l3,anzsco_4digit,VIC,3341,runup_from_2019,0.4149825141562262
aus_l3,anzsco_4digit,VIC,3341,runup_from_2020,0.621721535623573
aus_l3,anzsco_4digit,VIC,3411,runup_from_2019,0.3827611918349465
aus_l3,anzsco_4digit,VIC,3411,runup_from_2020,0.8309295708866733
aus_l3,anzsco_4digit,VIC,3421,runup_from_2019,0.34620938851051886
aus_l3,anzsco_4digit,VIC,3421,runup_from_2020,0.8065792134561902
aus_l3,anzsco_4digit,VIC,3422,runup_from_2019,0.8730688209397908
aus_l3,anzsco_4digit,VIC,3422,runup_from_2020,0.7672008198612783
aus_l3,anzsco_4digit,VIC,3423,runup_from_2019,0.19214007298169467
aus_l3,anzsco_4digit,VIC,3423,runup_from_2020,0.7670287365520636
aus_l3,anzsco_4digit,VIC,3424,runup_from_2019,0.09555656852688355
aus_l3,anzsco_4digit,VIC,3424,runup_from_2020,0.19821072698160558
aus_l3,anzsco_4digit,VIC,3511,runup_from_2019,1.0144880534320748
aus_l3,anzsco_4digit,VIC,3511,runup_from_2020,1.1391157000193033
aus_l3,anzsco_4digit,VIC,3512,runup_from_2019,0.5737861845408871
aus_l3,anzsco_4digit,VIC,3512,runup_from_2020,0.5400528084556115
aus_l3,anzsco_4digit,VIC,3513,runup_from_2019,0.5982254857554787
aus_l3,anzsco_4digit,VIC,3513,runup_from_2020,1.0837400462981943
aus_l3,anzsco_4digit,VIC,3514,runup_from_2019,0.7665068458773581
aus_l3,anzsco_4digit,VIC,3514,runup_from_2020,1.1374642953394964
aus_l3,anzsco_4digit,VIC,3611,runup_from_2019,0.6726505420839413
aus_l3,anzsco_4digit,VIC,3611,runup_from_2020,0.8342460122190154
aus_l3,anzsco_4digit,VIC,3612,runup_from_2019,-0.15415067982725836
aus_l3,anzsco_4digit,VIC,3612,runup_from_2020,0
aus_l3,anzsco_4digit,VIC,3613,runup_from_2019,1.452045567235205
aus_l3,anzsco_4digit,VIC,3613,runup_from_2020,1.1619394211335816
aus_l3,anzsco_4digit,VIC,3621,runup_from_2019,0.6350915871697556
aus_l3,anzsco_4digit,VIC,3621,runup_from_2020,0.5616372562534355
aus_l3,anzsco_4digit,VIC,3622,runup_from_2019,0.2541971433845811
aus_l3,anzsco_4digit,VIC,3622,runup_from_2020,0.549684012313036
aus_l3,anzsco_4digit,VIC,3623,runup_from_2019,0.5323805672546142
aus_l3,anzsco_4digit,VIC,3623,runup_from_2020,0.8574502996722906
aus_l3,anzsco_4digit,VIC,3624,runup_from_2019,0.4331484145285822
aus_l3,anzsco_4digit,VIC,3624,runup_from_2020,0.7456987307639773
aus_l3,anzsco_4digit,VIC,3911,runup_from_2019,0.3055165758396168
aus_l3,anzsco_4digit,VIC,3911,runup_from_2020,0.5035395412150221
aus_l3,anzsco_4digit,VIC,3921,runup_from_2019,0.43390318496356173
aus_l3,anzsco_4digit,VIC,3921,runup_from_2020,0.6181495642867101
aus_l3,anzsco_4digit,VIC,3922,runup_from_2019,0.22314359543185924
aus_l3,anzsco_4digit,VIC,3922,runup_from_2020,0.7985076668060067
aus_l3,anzsco_4digit,VIC,3923,runup_from_2019,0.43801763879401845
aus_l3,anzsco_4digit,VIC,3923,runup_from_2020,0.8480889086801247
aus_l3,anzsco_4digit,VIC,3931,runup_from_2019,0.399798578970245
aus_l3,anzsco_4digit,VIC,3931,runup_from_2020,0.5855166068128632
aus_l3,anzsco_4digit,VIC,3932,runup_from_2019,0.5781503546797877
aus_l3,anzsco_4digit,VIC,3932,runup_from_2020,0.9104646226461137
aus_l3,anzsco_4digit,VIC,3933,runup_from_2019,0.15880264861929438
aus_l3,anzsco_4digit,VIC,3933,runup_from_2020,0.598988330861326
aus_l3,anzsco_4digit,VIC,3941,runup_from_2019,-0.13797854717730385
aus_l3,anzsco_4digit,VIC,3941,runup_from_2020,0.45397168502891727
aus_l3,anzsco_4digit,VIC,3942,runup_from_2019,0.6056278457202522
aus_l3,anzsco_4digit,VIC,3942,runup_from_2020,0.6112300452460735
aus_l3,anzsco_4digit,VIC,3991,runup_from_2019,0.4640334160659161
aus_l3,anzsco_4digit,VIC,3991,runup_from_2020,0.8005063384014539
aus_l3,anzsco_4digit,VIC,3992,runup_from_2019,0.045280888031101085
aus_l3,anzsco_4digit,VIC,3992,runup_from_2020,0.29116035370528115
aus_l3,anzsco_4digit,VIC,3993,runup_from_2019,0.4088722323000864
aus_l3,anzsco_4digit,VIC,3993,runup_from_2020,0.55171068716847
aus_l3,anzsco_4digit,VIC,3994,runup_from_2019,0.5776010142819294
aus_l3,anzsco_4digit,VIC,3994,runup_from_2020,0.7789956308015151
aus_l3,anzsco_4digit,VIC,3995,runup_from_2019,0.4061249497837678
aus_l3,anzsco_4digit,VIC,3995,runup_from_2020,0.7585655134437048
aus_l3,anzsco_4digit,VIC,3996,runup_from_2019,-0.10605960692535943
aus_l3,anzsco_4digit,VIC,3996,runup_from_2020,0.5201931035104652
aus_l3,anzsco_4digit,VIC,3999,runup_from_2019,0.787411063352395
aus_l3,anzsco_4digit,VIC,3999,runup_from_2020,0.9616159243584201
aus_l3,anzsco_4digit,VIC,4111,runup_from_2019,0.3314321500571795
aus_l3,anzsco_4digit,VIC,4111,runup_from_2020,0.9703576391093462
aus_l3,anzsco_4digit,VIC,4112,runup_from_2019,0.5562140588165527
aus_l3,anzsco_4digit,VIC,4112,runup_from_2020,0.6836513054311206
aus_l3,anzsco_4digit,VIC,4113,runup_from_2019,1.0710243712938103
aus_l3,anzsco_4digit,VIC,4113,runup_from_2020,1.2423281357948754
aus_l3,anzsco_4digit,VIC,4114,runup_from_2019,0.49321493751516066
aus_l3,anzsco_4digit,VIC,4114,runup_from_2020,0.7645521749851545
aus_l3,anzsco_4digit,VIC,4115,runup_from_2019,0.7011794322572062
aus_l3,anzsco_4digit,VIC,4115,runup_from_2020,0.6236210486576115
aus_l3,anzsco_4digit,VIC,4116,runup_from_2019,0.800505678863336
aus_l3,anzsco_4digit,VIC,4116,runup_from_2020,0.7156394867915226
aus_l3,anzsco_4digit,VIC,4117,runup_from_2019,0.5829483419560182
aus_l3,anzsco_4digit,VIC,4117,runup_from_2020,0.8558466112354415
aus_l3,anzsco_4digit,VIC,4211,runup_from_2019,0.6501045958065488
aus_l3,anzsco_4digit,VIC,4211,runup_from_2020,1.2018504464665147
aus_l3,anzsco_4digit,VIC,4221,runup_from_2019,0.20135881332484296
aus_l3,anzsco_4digit,VIC,4221,runup_from_2020,0.4026030259919313
aus_l3,anzsco_4digit,VIC,4231,runup_from_2019,0.6766288644363625
aus_l3,anzsco_4digit,VIC,4231,runup_from_2020,0.7029500831866917
aus_l3,anzsco_4digit,VIC,4232,runup_from_2019,0.5831752977862195
aus_l3,anzsco_4digit,VIC,4232,runup_from_2020,0.6734834605600817
aus_l3,anzsco_4digit,VIC,4233,runup_from_2019,0.8637472824937227
aus_l3,anzsco_4digit,VIC,4233,runup_from_2020,0.8866543169223302
aus_l3,anzsco_4digit,VIC,4234,runup_from_2019,0.3022809339847332
aus_l3,anzsco_4digit,VIC,4234,runup_from_2020,0.3050859568224542
aus_l3,anzsco_4digit,VIC,4311,runup_from_2019,0.8430297237368007
aus_l3,anzsco_4digit,VIC,4311,runup_from_2020,1.2827384525221257
aus_l3,anzsco_4digit,VIC,4312,runup_from_2019,0.7938844720620422
aus_l3,anzsco_4digit,VIC,4312,runup_from_2020,1.2988505641956625
aus_l3,anzsco_4digit,VIC,4313,runup_from_2019,0.4767281484594408
aus_l3,anzsco_4digit,VIC,4313,runup_from_2020,1.2016239909061808
aus_l3,anzsco_4digit,VIC,4314,runup_from_2019,0.821561150827141
aus_l3,anzsco_4digit,VIC,4314,runup_from_2020,1.335719627312098
aus_l3,anzsco_4digit,VIC,4315,runup_from_2019,1.0780342243681735
aus_l3,anzsco_4digit,VIC,4315,runup_from_2020,1.5513935762900957
aus_l3,anzsco_4digit,VIC,4412,runup_from_2019,0.3404014753910243
aus_l3,anzsco_4digit,VIC,4412,runup_from_2020,0.4841081445181905
aus_l3,anzsco_4digit,VIC,4413,runup_from_2019,0.07867307035211812
aus_l3,anzsco_4digit,VIC,4413,runup_from_2020,0.6356236140860758
aus_l3,anzsco_4digit,VIC,4421,runup_from_2019,-0.06209824461916291
aus_l3,anzsco_4digit,VIC,4421,runup_from_2020,0.30359251488551453
aus_l3,anzsco_4digit,VIC,4422,runup_from_2019,0.5670602142565562
aus_l3,anzsco_4digit,VIC,4422,runup_from_2020,0.8080400480031358
aus_l3,anzsco_4digit,VIC,4511,runup_from_2019,0.419204116684031
aus_l3,anzsco_4digit,VIC,4511,runup_from_2020,0.7197449331356633
aus_l3,anzsco_4digit,VIC,4512,runup_from_2019,0.7163144777947885
aus_l3,anzsco_4digit,VIC,4512,runup_from_2020,0.7725538881372198
aus_l3,anzsco_4digit,VIC,4513,runup_from_2019,0.4295628184173712
aus_l3,anzsco_4digit,VIC,4513,runup_from_2020,0.7873997612572179
aus_l3,anzsco_4digit,VIC,4514,runup_from_2019,0.271191686799396
aus_l3,anzsco_4digit,VIC,4514,runup_from_2020,1.238611929130595
aus_l3,anzsco_4digit,VIC,4515,runup_from_2019,-0.7272802540434956
aus_l3,anzsco_4digit,VIC,4515,runup_from_2020,-0.4940179122290945
aus_l3,anzsco_4digit,VIC,4516,runup_from_2019,-0.1999351442566084
aus_l3,anzsco_4digit,VIC,4516,runup_from_2020,1.0916512494363282
aus_l3,anzsco_4digit,VIC,4517,runup_from_2019,0.3856630063022488
aus_l3,anzsco_4digit,VIC,4517,runup_from_2020,1.181993596157971
aus_l3,anzsco_4digit,VIC,4521,runup_from_2019,0.13036182361698412
aus_l3,anzsco_4digit,VIC,4521,runup_from_2020,0.6140372994422387
aus_l3,anzsco_4digit,VIC,4522,runup_from_2019,0.7164036269028697
aus_l3,anzsco_4digit,VIC,4522,runup_from_2020,0.854989837883743
aus_l3,anzsco_4digit,VIC,4523,runup_from_2019,0.756486280432676
aus_l3,anzsco_4digit,VIC,4523,runup_from_2020,1.1632982069194409
aus_l3,anzsco_4digit,VIC,4524,runup_from_2019,0.7434271632661287
aus_l3,anzsco_4digit,VIC,4524,runup_from_2020,1.4057468052478574
aus_l3,anzsco_4digit,VIC,5111,runup_from_2019,0.13428868067584077
aus_l3,anzsco_4digit,VIC,5111,runup_from_2020,0.734466545375632
aus_l3,anzsco_4digit,VIC,5121,runup_from_2019,0.33653733312557144
aus_l3,anzsco_4digit,VIC,5121,runup_from_2020,0.7808541143566945
aus_l3,anzsco_4digit,VIC,5122,runup_from_2019,0.6292276473667822
aus_l3,anzsco_4digit,VIC,5122,runup_from_2020,0.7998531737574703
aus_l3,anzsco_4digit,VIC,5211,runup_from_2019,-0.7914028715489545
aus_l3,anzsco_4digit,VIC,5211,runup_from_2020,0.05969004957854818
aus_l3,anzsco_4digit,VIC,5212,runup_from_2019,0.17981698945714264
aus_l3,anzsco_4digit,VIC,5212,runup_from_2020,0.9934954053947358
aus_l3,anzsco_4digit,VIC,5311,runup_from_2019,0.42761516620334383
aus_l3,anzsco_4digit,VIC,5311,runup_from_2020,0.8977154104194964
aus_l3,anzsco_4digit,VIC,5321,runup_from_2019,0.23322766527937144
aus_l3,anzsco_4digit,VIC,5321,runup_from_2020,0.8313718700021742
aus_l3,anzsco_4digit,VIC,5411,runup_from_2019,0.40898969797143003
aus_l3,anzsco_4digit,VIC,5411,runup_from_2020,0.9149655832197352
aus_l3,anzsco_4digit,VIC,5412,runup_from_2019,0.7575092241304411
aus_l3,anzsco_4digit,VIC,5412,runup_from_2020,1.368404814163621
aus_l3,anzsco_4digit,VIC,5421,runup_from_2019,0.4781674899715389
aus_l3,anzsco_4digit,VIC,5421,runup_from_2020,0.9855562464517034
aus_l3,anzsco_4digit,VIC,5511,runup_from_2019,0.11932822107014385
aus_l3,anzsco_4digit,VIC,5511,runup_from_2020,0.8432114114769478
aus_l3,anzsco_4digit,VIC,5512,runup_from_2019,0.14060627340013543
aus_l3,anzsco_4digit,VIC,5512,runup_from_2020,0.6325301371618828
aus_l3,anzsco_4digit,VIC,5513,runup_from_2019,0.09826191387942984
aus_l3,anzsco_4digit,VIC,5513,runup_from_2020,0.5065410974079665
aus_l3,anzsco_4digit,VIC,5521,runup_from_2019,0.6735279525375937
aus_l3,anzsco_4digit,VIC,5521,runup_from_2020,1.0781058892204776
aus_l3,anzsco_4digit,VIC,5522,runup_from_2019,0.3959403984544805
aus_l3,anzsco_4digit,VIC,5522,runup_from_2020,0.8779426444353966
aus_l3,anzsco_4digit,VIC,5523,runup_from_2019,0.2219523867490123
aus_l3,anzsco_4digit,VIC,5523,runup_from_2020,0.618528480673179
aus_l3,anzsco_4digit,VIC,5611,runup_from_2019,-0.27193481667419994
aus_l3,anzsco_4digit,VIC,5611,runup_from_2020,-0.20633671901491546
aus_l3,anzsco_4digit,VIC,5612,runup_from_2019,0.6042366984895597
aus_l3,anzsco_4digit,VIC,5612,runup_from_2020,1.0781389801557277
aus_l3,anzsco_4digit,VIC,5613,runup_from_2019,0.04376328150475928
aus_l3,anzsco_4digit,VIC,5613,runup_from_2020,0.8481765599184312
aus_l3,anzsco_4digit,VIC,5614,runup_from_2019,0.702716726814187
aus_l3,anzsco_4digit,VIC,5614,runup_from_2020,0.6773987938299049
aus_l3,anzsco_4digit,VIC,5615,runup_from_2019,0.12062806804926529
aus_l3,anzsco_4digit,VIC,5615,runup_from_2020,0.6252567781275982
aus_l3,anzsco_4digit,VIC,5616,runup_from_2019,0.6017132844536315
aus_l3,anzsco_4digit,VIC,5616,runup_from_2020,0.8544154159220102
aus_l3,anzsco_4digit,VIC,5619,runup_from_2019,0.6496314738315276
aus_l3,anzsco_4digit,VIC,5619,runup_from_2020,0.9119958289583585
aus_l3,anzsco_4digit,VIC,5911,runup_from_2019,0.530001388645398
aus_l3,anzsco_4digit,VIC,5911,runup_from_2020,0.922344034498388
aus_l3,anzsco_4digit,VIC,5912,runup_from_2019,0.3156459129698437
aus_l3,anzsco_4digit,VIC,5912,runup_from_2020,0.8895915195872393
aus_l3,anzsco_4digit,VIC,5991,runup_from_2019,0.04603913998027842
aus_l3,anzsco_4digit,VIC,5991,runup_from_2020,0.5124594584975926
aus_l3,anzsco_4digit,VIC,5992,runup_from_2019,-0.019089145364135973
aus_l3,anzsco_4digit,VIC,5992,runup_from_2020,0.6732594114270349
aus_l3,anzsco_4digit,VIC,5993,runup_from_2019,-0.07284666411652463
aus_l3,anzsco_4digit,VIC,5993,runup_from_2020,0.5437914032441205
aus_l3,anzsco_4digit,VIC,5994,runup_from_2019,0.5465437145703933
aus_l3,anzsco_4digit,VIC,5994,runup_from_2020,1.0704416034307436
aus_l3,anzsco_4digit,VIC,5995,runup_from_2019,0.25019210508758327
aus_l3,anzsco_4digit,VIC,5995,runup_from_2020,0.5769832420444496
aus_l3,anzsco_4digit,VIC,5996,runup_from_2019,0.24549890761712234
aus_l3,anzsco_4digit,VIC,5996,runup_from_2020,0.6304377665878969
aus_l3,anzsco_4digit,VIC,5997,runup_from_2019,0.336472143957121
aus_l3,anzsco_4digit,VIC,5997,runup_from_2020,0.5198754856109364
aus_l3,anzsco_4digit,VIC,5999,runup_from_2019,0.3133266106452961
aus_l3,anzsco_4digit,VIC,5999,runup_from_2020,0.9112237828768617
aus_l3,anzsco_4digit,VIC,6111,runup_from_2019,0.06252070888771433
aus_l3,anzsco_4digit,VIC,6111,runup_from_2020,0.3395077496011623
aus_l3,anzsco_4digit,VIC,6112,runup_from_2019,0.41080557473948254
aus_l3,anzsco_4digit,VIC,6112,runup_from_2020,0.7387024614390132
aus_l3,anzsco_4digit,VIC,6113,runup_from_2019,0.25533430154579495
aus_l3,anzsco_4digit,VIC,6113,runup_from_2020,0.784569940170333
aus_l3,anzsco_4digit,VIC,6121,runup_from_2019,0.09154369857526401
aus_l3,anzsco_4digit,VIC,6121,runup_from_2020,0.351555885010014
aus_l3,anzsco_4digit,VIC,6211,runup_from_2019,0.6814457706442694
aus_l3,anzsco_4digit,VIC,6211,runup_from_2020,1.0709729465664273
aus_l3,anzsco_4digit,VIC,6212,runup_from_2019,0.17604228152426993
aus_l3,anzsco_4digit,VIC,6212,runup_from_2020,0.6173535265459018
aus_l3,anzsco_4digit,VIC,6213,runup_from_2019,0.44022898770147645
aus_l3,anzsco_4digit,VIC,6213,runup_from_2020,0.8321306240071698
aus_l3,anzsco_4digit,VIC,6214,runup_from_2019,1.5960244749664492
aus_l3,anzsco_4digit,VIC,6214,runup_from_2020,1.785886787445535
aus_l3,anzsco_4digit,VIC,6215,runup_from_2019,0.0843909377878247
aus_l3,anzsco_4digit,VIC,6215,runup_from_2020,0.3828036101778496
aus_l3,anzsco_4digit,VIC,6216,runup_from_2019,0.0742977907379303
aus_l3,anzsco_4digit,VIC,6216,runup_from_2020,-0.29322230807601324
aus_l3,anzsco_4digit,VIC,6217,runup_from_2019,0.7035098623549587
aus_l3,anzsco_4digit,VIC,6217,runup_from_2020,0.991192143140051
aus_l3,anzsco_4digit,VIC,6219,runup_from_2019,0.21002405975466099
aus_l3,anzsco_4digit,VIC,6219,runup_from_2020,0.7096764278663459
aus_l3,anzsco_4digit,VIC,6311,runup_from_2019,1.634088808081787
aus_l3,anzsco_4digit,VIC,6311,runup_from_2020,1.6004721807538766
aus_l3,anzsco_4digit,VIC,6391,runup_from_2019,0.8352529347086
aus_l3,anzsco_4digit,VIC,6391,runup_from_2020,1.1777988769042063
aus_l3,anzsco_4digit,VIC,6392,runup_from_2019,0.20437444665538562
aus_l3,anzsco_4digit,VIC,6392,runup_from_2020,0.6374275122338084
aus_l3,anzsco_4digit,VIC,6393,runup_from_2019,-0.24292887518878592
aus_l3,anzsco_4digit,VIC,6393,runup_from_2020,0.2974555577535618
aus_l3,anzsco_4digit,VIC,6394,runup_from_2019,0.4019315971928208
aus_l3,anzsco_4digit,VIC,6394,runup_from_2020,1.2998733707739902
aus_l3,anzsco_4digit,VIC,6395,runup_from_2019,0.5822303815460605
aus_l3,anzsco_4digit,VIC,6395,runup_from_2020,1.3100937328878022
aus_l3,anzsco_4digit,VIC,6399,runup_from_2019,-0.25956151313438314
aus_l3,anzsco_4digit,VIC,6399,runup_from_2020,1.0915947682107863
aus_l3,anzsco_4digit,VIC,7111,runup_from_2019,0.4485484691932181
aus_l3,anzsco_4digit,VIC,7111,runup_from_2020,0.506817999959132
aus_l3,anzsco_4digit,VIC,7112,runup_from_2019,0.35961502090881226
aus_l3,anzsco_4digit,VIC,7112,runup_from_2020,0.7972590693203969
aus_l3,anzsco_4digit,VIC,7113,runup_from_2019,-0.08030000154941597
aus_l3,anzsco_4digit,VIC,7113,runup_from_2020,0.15526643579347676
aus_l3,anzsco_4digit,VIC,7114,runup_from_2019,0.16362981371935287
aus_l3,anzsco_4digit,VIC,7114,runup_from_2020,0.16362981371935287
aus_l3,anzsco_4digit,VIC,7115,runup_from_2019,0.6640188351594909
aus_l3,anzsco_4digit,VIC,7115,runup_from_2020,0.9126028114650491
aus_l3,anzsco_4digit,VIC,7116,runup_from_2019,0.8393774657169
aus_l3,anzsco_4digit,VIC,7116,runup_from_2020,0.8513896374510113
aus_l3,anzsco_4digit,VIC,7117,runup_from_2019,0.4326157351164488
aus_l3,anzsco_4digit,VIC,7117,runup_from_2020,0.30368207393646784
aus_l3,anzsco_4digit,VIC,7119,runup_from_2019,0.6716510234803756
aus_l3,anzsco_4digit,VIC,7119,runup_from_2020,0.8500045014514619
aus_l3,anzsco_4digit,VIC,7121,runup_from_2019,0.3411520715940837
aus_l3,anzsco_4digit,VIC,7121,runup_from_2020,0.7580253281304219
aus_l3,anzsco_4digit,VIC,7122,runup_from_2019,0.3680967963286097
aus_l3,anzsco_4digit,VIC,7122,runup_from_2020,0.8092579603481553
aus_l3,anzsco_4digit,VIC,7123,runup_from_2019,0.214103338617337
aus_l3,anzsco_4digit,VIC,7123,runup_from_2020,0.5044357916152844
aus_l3,anzsco_4digit,VIC,7129,runup_from_2019,0.4435492096285678
aus_l3,anzsco_4digit,VIC,7129,runup_from_2020,0.6195615543823512
aus_l3,anzsco_4digit,VIC,7211,runup_from_2019,0.5183977988525257
aus_l3,anzsco_4digit,VIC,7211,runup_from_2020,0.38516343072510395
aus_l3,anzsco_4digit,VIC,7212,runup_from_2019,0.11180677997705413
aus_l3,anzsco_4digit,VIC,7212,runup_from_2020,0.5179987878784047
aus_l3,anzsco_4digit,VIC,7213,runup_from_2019,0.30121192421902077
aus_l3,anzsco_4digit,VIC,7213,runup_from_2020,0.5370520000323831
aus_l3,anzsco_4digit,VIC,7219,runup_from_2019,0.43886336964208805
aus_l3,anzsco_4digit,VIC,7219,runup_from_2020,0.898605403392934
aus_l3,anzsco_4digit,VIC,7311,runup_from_2019,0.30971481166473813
aus_l3,anzsco_4digit,VIC,7311,runup_from_2020,1.2194269822770005
aus_l3,anzsco_4digit,VIC,7312,runup_from_2019,0.8004624933385323
aus_l3,anzsco_4digit,VIC,7312,runup_from_2020,1.3244188402880273
aus_l3,anzsco_4digit,VIC,7313,runup_from_2019,0.7431576011346068
aus_l3,anzsco_4digit,VIC,7313,runup_from_2020,0.6690496289808849
aus_l3,anzsco_4digit,VIC,7321,runup_from_2019,1.3071014591192824
aus_l3,anzsco_4digit,VIC,7321,runup_from_2020,1.3512311021823473
aus_l3,anzsco_4digit,VIC,7331,runup_from_2019,0.5976009768841202
aus_l3,anzsco_4digit,VIC,7331,runup_from_2020,0.8248034752720788
aus_l3,anzsco_4digit,VIC,7411,runup_from_2019,0.8289325232069196
aus_l3,anzsco_4digit,VIC,7411,runup_from_2020,0.9959723362935549
aus_l3,anzsco_4digit,VIC,8111,runup_from_2019,0.7787333896341146
aus_l3,anzsco_4digit,VIC,8111,runup_from_2020,1.3948472562783412
aus_l3,anzsco_4digit,VIC,8112,runup_from_2019,1.2103159557037744
aus_l3,anzsco_4digit,VIC,8112,runup_from_2020,1.3286768293570779
aus_l3,anzsco_4digit,VIC,8113,runup_from_2019,1.869935715696823
aus_l3,anzsco_4digit,VIC,8113,runup_from_2020,1.212258639374678
aus_l3,anzsco_4digit,VIC,8114,runup_from_2019,1.1460331450855863
aus_l3,anzsco_4digit,VIC,8114,runup_from_2020,1.56298638627668
aus_l3,anzsco_4digit,VIC,8115,runup_from_2019,0.8514831844358324
aus_l3,anzsco_4digit,VIC,8115,runup_from_2020,1.0363766956477556
aus_l3,anzsco_4digit,VIC,8116,runup_from_2019,0.7533505680648354
aus_l3,anzsco_4digit,VIC,8116,runup_from_2020,0.6864282301607187
aus_l3,anzsco_4digit,VIC,8211,runup_from_2019,0.8055510356016944
aus_l3,anzsco_4digit,VIC,8211,runup_from_2020,1.1285259090885633
aus_l3,anzsco_4digit,VIC,8212,runup_from_2019,0.3004863523253025
aus_l3,anzsco_4digit,VIC,8212,runup_from_2020,0.4600707728912128
aus_l3,anzsco_4digit,VIC,8213,runup_from_2019,0.47499116538364095
aus_l3,anzsco_4digit,VIC,8213,runup_from_2020,0.607380570415694
aus_l3,anzsco_4digit,VIC,8214,runup_from_2019,0.3990816195270228
aus_l3,anzsco_4digit,VIC,8214,runup_from_2020,0.5476190447597995
aus_l3,anzsco_4digit,VIC,8215,runup_from_2019,0.048163304241188865
aus_l3,anzsco_4digit,VIC,8215,runup_from_2020,0.11621679806440888
aus_l3,anzsco_4digit,VIC,8216,runup_from_2019,-0.2876823609133332
aus_l3,anzsco_4digit,VIC,8216,runup_from_2020,0.12260191239334084
aus_l3,anzsco_4digit,VIC,8217,runup_from_2019,0.15497203746883237
aus_l3,anzsco_4digit,VIC,8217,runup_from_2020,0.4401920159600996
aus_l3,anzsco_4digit,VIC,8219,runup_from_2019,0.6321526438535332
aus_l3,anzsco_4digit,VIC,8219,runup_from_2020,1.2402627913751085
aus_l3,anzsco_4digit,VIC,8311,runup_from_2019,0.5454310973240357
aus_l3,anzsco_4digit,VIC,8311,runup_from_2020,0.5407472949051195
aus_l3,anzsco_4digit,VIC,8312,runup_from_2019,0.034288988229088435
aus_l3,anzsco_4digit,VIC,8312,runup_from_2020,0.26180249529148547
aus_l3,anzsco_4digit,VIC,8313,runup_from_2019,0.8511256547177686
aus_l3,anzsco_4digit,VIC,8313,runup_from_2020,1.0620400256400906
aus_l3,anzsco_4digit,VIC,8321,runup_from_2019,0.9724045921667921
aus_l3,anzsco_4digit,VIC,8321,runup_from_2020,1.1148173384147153
aus_l3,anzsco_4digit,VIC,8322,runup_from_2019,0.549246261949146
aus_l3,anzsco_4digit,VIC,8322,runup_from_2020,0.9186948243829391
aus_l3,anzsco_4digit,VIC,8391,runup_from_2019,0.21772321357463698
aus_l3,anzsco_4digit,VIC,8391,runup_from_2020,0.4846021933727984
aus_l3,anzsco_4digit,VIC,8392,runup_from_2019,-0.12675054733700172
aus_l3,anzsco_4digit,VIC,8392,runup_from_2020,-0.12675126162348122
aus_l3,anzsco_4digit,VIC,8393,runup_from_2019,0.3772097694026826
aus_l3,anzsco_4digit,VIC,8393,runup_from_2020,0.7486591072169624
aus_l3,anzsco_4digit,VIC,8394,runup_from_2019,0.2831264377341185
aus_l3,anzsco_4digit,VIC,8394,runup_from_2020,0.2072884042435419
aus_l3,anzsco_4digit,VIC,8399,runup_from_2019,0.8623875274710091
aus_l3,anzsco_4digit,VIC,8399,runup_from_2020,0.9746501181084586
aus_l3,anzsco_4digit,VIC,8411,runup_from_2019,0.28768082245099963
aus_l3,anzsco_4digit,VIC,8411,runup_from_2020,0.08701194517231947
aus_l3,anzsco_4digit,VIC,8412,runup_from_2019,0.8020873533148487
aus_l3,anzsco_4digit,VIC,8412,runup_from_2020,0.625359709081557
aus_l3,anzsco_4digit,VIC,8413,runup_from_2019,0.0992551155756436
aus_l3,anzsco_4digit,VIC,8413,runup_from_2020,0.3593032990132772
aus_l3,anzsco_4digit,VIC,8414,runup_from_2019,0.8910664594208537
aus_l3,anzsco_4digit,VIC,8414,runup_from_2020,0.899439114494335
aus_l3,anzsco_4digit,VIC,8415,runup_from_2019,1.117823082240414
aus_l3,anzsco_4digit,VIC,8415,runup_from_2020,0.9848306872080759
aus_l3,anzsco_4digit,VIC,8416,runup_from_2019,0.835578600696973
aus_l3,anzsco_4digit,VIC,8416,runup_from_2020,0.5713822283084053
aus_l3,anzsco_4digit,VIC,8419,runup_from_2019,0.727890048885564
aus_l3,anzsco_4digit,VIC,8419,runup_from_2020,0.8969664634590022
aus_l3,anzsco_4digit,VIC,8511,runup_from_2019,0.6858744935888508
aus_l3,anzsco_4digit,VIC,8511,runup_from_2020,0.9090180666421932
aus_l3,anzsco_4digit,VIC,8512,runup_from_2019,0.32084330236217395
aus_l3,anzsco_4digit,VIC,8512,runup_from_2020,0.7855973917867902
aus_l3,anzsco_4digit,VIC,8513,runup_from_2019,1.446425024458681
aus_l3,anzsco_4digit,VIC,8513,runup_from_2020,1.8216186230786127
aus_l3,anzsco_4digit,VIC,8911,runup_from_2019,0.7533451303274532
aus_l3,anzsco_4digit,VIC,8911,runup_from_2020,0.8988041474656621
aus_l3,anzsco_4digit,VIC,8912,runup_from_2019,2.0104188737838062
aus_l3,anzsco_4digit,VIC,8912,runup_from_2020,1.8021503235105323
aus_l3,anzsco_4digit,VIC,8991,runup_from_2019,0.22314356865525076
aus_l3,anzsco_4digit,VIC,8991,runup_from_2020,0.734451071526034
aus_l3,anzsco_4digit,VIC,8992,runup_from_2019,1.7241377836541005e-7
aus_l3,anzsco_4digit,VIC,8992,runup_from_2020,0.505094835756539
aus_l3,anzsco_4digit,VIC,8993,runup_from_2019,0.5472933060041649
aus_l3,anzsco_4digit,VIC,8993,runup_from_2020,1.0591659253993129
aus_l3,anzsco_4digit,VIC,8994,runup_from_2019,0.7391200381145691
aus_l3,anzsco_4digit,VIC,8994,runup_from_2020,0.8081910167485429
aus_l3,anzsco_4digit,VIC,8995,runup_from_2019,0.11570849170063058
aus_l3,anzsco_4digit,VIC,8995,runup_from_2020,0.6912320443340896
aus_l3,anzsco_4digit,VIC,8996,runup_from_2019,0.6111739996102421
aus_l3,anzsco_4digit,VIC,8996,runup_from_2020,1.0028455116135055
aus_l3,anzsco_4digit,VIC,8997,runup_from_2019,0.41129667101394873
aus_l3,anzsco_4digit,VIC,8997,runup_from_2020,0.8708284740764609
aus_l3,anzsco_4digit,VIC,8999,runup_from_2019,0.5850542731059782
aus_l3,anzsco_4digit,VIC,8999,runup_from_2020,0.8496134788392231
aus_l3,anzsco_4digit,WA,1111,runup_from_2019,0.4736222004433692
aus_l3,anzsco_4digit,WA,1111,runup_from_2020,0.534515374019747
aus_l3,anzsco_4digit,WA,1112,runup_from_2019,0.38113660292720253
aus_l3,anzsco_4digit,WA,1112,runup_from_2020,0.5803517013399739
aus_l3,anzsco_4digit,WA,1211,runup_from_2019,-0.08004193844247137
aus_l3,anzsco_4digit,WA,1211,runup_from_2020,0
aus_l3,anzsco_4digit,WA,1212,runup_from_2019,0.6341491160410452
aus_l3,anzsco_4digit,WA,1212,runup_from_2020,0.9080384143058458
aus_l3,anzsco_4digit,WA,1213,runup_from_2019,0.20157936440654245
aus_l3,anzsco_4digit,WA,1213,runup_from_2020,0.4848267840382414
aus_l3,anzsco_4digit,WA,1214,runup_from_2019,0.48827093413267875
aus_l3,anzsco_4digit,WA,1214,runup_from_2020,0.3793199264870708
aus_l3,anzsco_4digit,WA,1311,runup_from_2019,0.21043672288002035
aus_l3,anzsco_4digit,WA,1311,runup_from_2020,0.46799914402452547
aus_l3,anzsco_4digit,WA,1321,runup_from_2019,0.43894105102197445
aus_l3,anzsco_4digit,WA,1321,runup_from_2020,0.5894340594979557
aus_l3,anzsco_4digit,WA,1322,runup_from_2019,0.5549307373755243
aus_l3,anzsco_4digit,WA,1322,runup_from_2020,0.7565934138870669
aus_l3,anzsco_4digit,WA,1323,runup_from_2019,0.7857347463900815
aus_l3,anzsco_4digit,WA,1323,runup_from_2020,0.8671843731307711
aus_l3,anzsco_4digit,WA,1324,runup_from_2019,0.8594670887960003
aus_l3,anzsco_4digit,WA,1324,runup_from_2020,0.8568830854327381
aus_l3,anzsco_4digit,WA,1325,runup_from_2019,0.5715599910617326
aus_l3,anzsco_4digit,WA,1325,runup_from_2020,0.7784809727408026
aus_l3,anzsco_4digit,WA,1331,runup_from_2019,0.6421986530907349
aus_l3,anzsco_4digit,WA,1331,runup_from_2020,0.6953303583071913
aus_l3,anzsco_4digit,WA,1332,runup_from_2019,0.6471756385869902
aus_l3,anzsco_4digit,WA,1332,runup_from_2020,0.7787338918806901
aus_l3,anzsco_4digit,WA,1333,runup_from_2019,-0.07232065285869693
aus_l3,anzsco_4digit,WA,1333,runup_from_2020,-0.24294634772800128
aus_l3,anzsco_4digit,WA,1334,runup_from_2019,0.44876209085265484
aus_l3,anzsco_4digit,WA,1334,runup_from_2020,0.4666195312614949
aus_l3,anzsco_4digit,WA,1335,runup_from_2019,0.5730311870477793
aus_l3,anzsco_4digit,WA,1335,runup_from_2020,0.6390799572152268
aus_l3,anzsco_4digit,WA,1336,runup_from_2019,0.6138663751696751
aus_l3,anzsco_4digit,WA,1336,runup_from_2020,0.6638767332052495
aus_l3,anzsco_4digit,WA,1341,runup_from_2019,1.0286536749926536
aus_l3,anzsco_4digit,WA,1341,runup_from_2020,0.7116752477364163
aus_l3,anzsco_4digit,WA,1342,runup_from_2019,0.6380095207168952
aus_l3,anzsco_4digit,WA,1342,runup_from_2020,0.4527121279745452
aus_l3,anzsco_4digit,WA,1343,runup_from_2019,1.6240102200779059
aus_l3,anzsco_4digit,WA,1343,runup_from_2020,1.5879702360993742
aus_l3,anzsco_4digit,WA,1344,runup_from_2019,0.4054649595933386
aus_l3,anzsco_4digit,WA,1344,runup_from_2020,0.5152359285020598
aus_l3,anzsco_4digit,WA,1351,runup_from_2019,0.5421245036685871
aus_l3,anzsco_4digit,WA,1351,runup_from_2020,0.6825848456444863
aus_l3,anzsco_4digit,WA,1399,runup_from_2019,0.5903376498724957
aus_l3,anzsco_4digit,WA,1399,runup_from_2020,0.6310470307249543
aus_l3,anzsco_4digit,WA,1411,runup_from_2019,0.6361881257067044
aus_l3,anzsco_4digit,WA,1411,runup_from_2020,0.6166070919165838
aus_l3,anzsco_4digit,WA,1412,runup_from_2019,0.9222137513466857
aus_l3,anzsco_4digit,WA,1412,runup_from_2020,0.677521433248339
aus_l3,anzsco_4digit,WA,1413,runup_from_2019,0.7164286125559522
aus_l3,anzsco_4digit,WA,1413,runup_from_2020,0.8621684499087805
aus_l3,anzsco_4digit,WA,1414,runup_from_2019,0.7156198788362482
aus_l3,anzsco_4digit,WA,1414,runup_from_2020,0.30712917093211445
aus_l3,anzsco_4digit,WA,1419,runup_from_2019,0.6192775796715391
aus_l3,anzsco_4digit,WA,1419,runup_from_2020,0.5857886023592083
aus_l3,anzsco_4digit,WA,1421,runup_from_2019,0.8226730497165518
aus_l3,anzsco_4digit,WA,1421,runup_from_2020,0.9243410065228934
aus_l3,anzsco_4digit,WA,1491,runup_from_2019,0.7208894969988586
aus_l3,anzsco_4digit,WA,1491,runup_from_2020,0.4829734847018674
aus_l3,anzsco_4digit,WA,1492,runup_from_2019,0.694397466204169
aus_l3,anzsco_4digit,WA,1492,runup_from_2020,0.7112186785684527
aus_l3,anzsco_4digit,WA,1493,runup_from_2019,0.5705449129348841
aus_l3,anzsco_4digit,WA,1493,runup_from_2020,0.8257916986445002
aus_l3,anzsco_4digit,WA,1494,runup_from_2019,0.7742471317010593
aus_l3,anzsco_4digit,WA,1494,runup_from_2020,0.8184310626866895
aus_l3,anzsco_4digit,WA,1499,runup_from_2019,0.45526721994443875
aus_l3,anzsco_4digit,WA,1499,runup_from_2020,0.5073274201723375
aus_l3,anzsco_4digit,WA,2111,runup_from_2019,0.7185119117836636
aus_l3,anzsco_4digit,WA,2111,runup_from_2020,0.8873904210783543
aus_l3,anzsco_4digit,WA,2112,runup_from_2019,0.2499414702524737
aus_l3,anzsco_4digit,WA,2112,runup_from_2020,0.4396976296358701
aus_l3,anzsco_4digit,WA,2113,runup_from_2019,0.36157086421274354
aus_l3,anzsco_4digit,WA,2113,runup_from_2020,0.6350401287435854
aus_l3,anzsco_4digit,WA,2114,runup_from_2019,0.020203111399152873
aus_l3,anzsco_4digit,WA,2114,runup_from_2020,0.10536138232469536
aus_l3,anzsco_4digit,WA,2121,runup_from_2019,0.31845330498221347
aus_l3,anzsco_4digit,WA,2121,runup_from_2020,0.545512244588791
aus_l3,anzsco_4digit,WA,2122,runup_from_2019,0.6889543439651136
aus_l3,anzsco_4digit,WA,2122,runup_from_2020,1.0296191398702605
aus_l3,anzsco_4digit,WA,2123,runup_from_2019,0.8393300485158399
aus_l3,anzsco_4digit,WA,2123,runup_from_2020,0.7852622863098877
aus_l3,anzsco_4digit,WA,2124,runup_from_2019,0.5977855801129732
aus_l3,anzsco_4digit,WA,2124,runup_from_2020,0.6019050709631966
aus_l3,anzsco_4digit,WA,2211,runup_from_2019,0.15470851183158274
aus_l3,anzsco_4digit,WA,2211,runup_from_2020,0.45909146730887773
aus_l3,anzsco_4digit,WA,2212,runup_from_2019,0.4736946497698922
aus_l3,anzsco_4digit,WA,2212,runup_from_2020,0.7562831975177957
aus_l3,anzsco_4digit,WA,2221,runup_from_2019,0.35667506123196713
aus_l3,anzsco_4digit,WA,2221,runup_from_2020,0.16561972443656536
aus_l3,anzsco_4digit,WA,2222,runup_from_2019,0.9372463068631033
aus_l3,anzsco_4digit,WA,2222,runup_from_2020,0.9025607448645175
aus_l3,anzsco_4digit,WA,2223,runup_from_2019,0.20481895103870773
aus_l3,anzsco_4digit,WA,2223,runup_from_2020,0.347002651536076
aus_l3,anzsco_4digit,WA,2231,runup_from_2019,0.49397743889089085
aus_l3,anzsco_4digit,WA,2231,runup_from_2020,0.7449043063000378
aus_l3,anzsco_4digit,WA,2232,runup_from_2019,-0.042111691535672735
aus_l3,anzsco_4digit,WA,2232,runup_from_2020,0.43825593093165505
aus_l3,anzsco_4digit,WA,2233,runup_from_2019,0.48870710507487214
aus_l3,anzsco_4digit,WA,2233,runup_from_2020,0.5660246338023738
aus_l3,anzsco_4digit,WA,2241,runup_from_2019,0.45726450220248793
aus_l3,anzsco_4digit,WA,2241,runup_from_2020,0.5584146706234057
aus_l3,anzsco_4digit,WA,2242,runup_from_2019,0.31344603396092396
aus_l3,anzsco_4digit,WA,2242,runup_from_2020,0.45485748979128093
aus_l3,anzsco_4digit,WA,2243,runup_from_2019,0.7765285808033451
aus_l3,anzsco_4digit,WA,2243,runup_from_2020,1.0642103271682581
aus_l3,anzsco_4digit,WA,2244,runup_from_2019,0.7734790540609207
aus_l3,anzsco_4digit,WA,2244,runup_from_2020,0.8659736130495328
aus_l3,anzsco_4digit,WA,2245,runup_from_2019,0.5854691203580429
aus_l3,anzsco_4digit,WA,2245,runup_from_2020,0.8243610286403917
aus_l3,anzsco_4digit,WA,2246,runup_from_2019,0.34466893867764536
aus_l3,anzsco_4digit,WA,2246,runup_from_2020,0.6012886490280114
aus_l3,anzsco_4digit,WA,2247,runup_from_2019,0.43671064881915544
aus_l3,anzsco_4digit,WA,2247,runup_from_2020,0.689327563768988
aus_l3,anzsco_4digit,WA,2249,runup_from_2019,0.513694051697013
aus_l3,anzsco_4digit,WA,2249,runup_from_2020,0.7006943266308343
aus_l3,anzsco_4digit,WA,2251,runup_from_2019,0.4755736525547505
aus_l3,anzsco_4digit,WA,2251,runup_from_2020,0.6566109864263812
aus_l3,anzsco_4digit,WA,2252,runup_from_2019,-0.1031838334218943
aus_l3,anzsco_4digit,WA,2252,runup_from_2020,0.10294795746616825
aus_l3,anzsco_4digit,WA,2253,runup_from_2019,0.5603481329034561
aus_l3,anzsco_4digit,WA,2253,runup_from_2020,0.8314168158915285
aus_l3,anzsco_4digit,WA,2254,runup_from_2019,0.04532936149225453
aus_l3,anzsco_4digit,WA,2254,runup_from_2020,0.3610754443065516
aus_l3,anzsco_4digit,WA,2311,runup_from_2019,0.9552386582336672
aus_l3,anzsco_4digit,WA,2311,runup_from_2020,0.9950270558935665
aus_l3,anzsco_4digit,WA,2312,runup_from_2019,0.9444614671175002
aus_l3,anzsco_4digit,WA,2312,runup_from_2020,1.0750817515753752
aus_l3,anzsco_4digit,WA,2321,runup_from_2019,0.18613835063159057
aus_l3,anzsco_4digit,WA,2321,runup_from_2020,0.1756769713442865
aus_l3,anzsco_4digit,WA,2322,runup_from_2019,0.6313049329838942
aus_l3,anzsco_4digit,WA,2322,runup_from_2020,0.5287520685318707
aus_l3,anzsco_4digit,WA,2323,runup_from_2019,0.6024926852845325
aus_l3,anzsco_4digit,WA,2323,runup_from_2020,0.2755898592948638
aus_l3,anzsco_4digit,WA,2324,runup_from_2019,0.5000534672602721
aus_l3,anzsco_4digit,WA,2324,runup_from_2020,0.6449875056348553
aus_l3,anzsco_4digit,WA,2325,runup_from_2019,0.31577625990830693
aus_l3,anzsco_4digit,WA,2325,runup_from_2020,0.6851364572416798
aus_l3,anzsco_4digit,WA,2326,runup_from_2019,0.49257316449056887
aus_l3,anzsco_4digit,WA,2326,runup_from_2020,0.5315850806426949
aus_l3,anzsco_4digit,WA,2331,runup_from_2019,0.5682737825697353
aus_l3,anzsco_4digit,WA,2331,runup_from_2020,0.6036757530989112
aus_l3,anzsco_4digit,WA,2332,runup_from_2019,0.6260071000838261
aus_l3,anzsco_4digit,WA,2332,runup_from_2020,0.7074000639972677
aus_l3,anzsco_4digit,WA,2333,runup_from_2019,0.6177140753170098
aus_l3,anzsco_4digit,WA,2333,runup_from_2020,0.6977989990710789
aus_l3,anzsco_4digit,WA,2334,runup_from_2019,0.010969030969504523
aus_l3,anzsco_4digit,WA,2334,runup_from_2020,0.3184538674821753
aus_l3,anzsco_4digit,WA,2335,runup_from_2019,0.4361319084136088
aus_l3,anzsco_4digit,WA,2335,runup_from_2020,0.7766832965334531
aus_l3,anzsco_4digit,WA,2336,runup_from_2019,0.27606355721195985
aus_l3,anzsco_4digit,WA,2336,runup_from_2020,0.4845083208114893
aus_l3,anzsco_4digit,WA,2339,runup_from_2019,0.4645691566909611
aus_l3,anzsco_4digit,WA,2339,runup_from_2020,0.6628851389459327
aus_l3,anzsco_4digit,WA,2341,runup_from_2019,0.4000745563346453
aus_l3,anzsco_4digit,WA,2341,runup_from_2020,0.4754234781487534
aus_l3,anzsco_4digit,WA,2342,runup_from_2019,0.8304096767096558
aus_l3,anzsco_4digit,WA,2342,runup_from_2020,1.110148903369625
aus_l3,anzsco_4digit,WA,2343,runup_from_2019,0.6279930710312902
aus_l3,anzsco_4digit,WA,2343,runup_from_2020,0.6571314690526271
aus_l3,anzsco_4digit,WA,2344,runup_from_2019,0.9154116568606518
aus_l3,anzsco_4digit,WA,2344,runup_from_2020,0.7797281237577902
aus_l3,anzsco_4digit,WA,2345,runup_from_2019,0.9724608480791073
aus_l3,anzsco_4digit,WA,2345,runup_from_2020,0.7285815681506786
aus_l3,anzsco_4digit,WA,2346,runup_from_2019,0.7531106453275025
aus_l3,anzsco_4digit,WA,2346,runup_from_2020,0.6567795363890703
aus_l3,anzsco_4digit,WA,2347,runup_from_2019,1.5275418554157782
aus_l3,anzsco_4digit,WA,2347,runup_from_2020,1.1079318711516155
aus_l3,anzsco_4digit,WA,2349,runup_from_2019,0.28324736446945975
aus_l3,anzsco_4digit,WA,2349,runup_from_2020,0.6039160411409457
aus_l3,anzsco_4digit,WA,2411,runup_from_2019,0.7661295528146264
aus_l3,anzsco_4digit,WA,2411,runup_from_2020,0.6901529062118108
aus_l3,anzsco_4digit,WA,2412,runup_from_2019,1.4403616363712746
aus_l3,anzsco_4digit,WA,2412,runup_from_2020,1.6460304143195001
aus_l3,anzsco_4digit,WA,2413,runup_from_2019,-0.12516506452334936
aus_l3,anzsco_4digit,WA,2413,runup_from_2020,0.06899225243869864
aus_l3,anzsco_4digit,WA,2414,runup_from_2019,0.9694280491989651
aus_l3,anzsco_4digit,WA,2414,runup_from_2020,1.1901877614252006
aus_l3,anzsco_4digit,WA,2415,runup_from_2019,0.7395016897382716
aus_l3,anzsco_4digit,WA,2415,runup_from_2020,1.1056058853182134
aus_l3,anzsco_4digit,WA,2421,runup_from_2019,0.7926900795951171
aus_l3,anzsco_4digit,WA,2421,runup_from_2020,0.7555570636412186
aus_l3,anzsco_4digit,WA,2422,runup_from_2019,0.7392882835074011
aus_l3,anzsco_4digit,WA,2422,runup_from_2020,1.1200605351227846
aus_l3,anzsco_4digit,WA,2491,runup_from_2019,0.6931473066103786
aus_l3,anzsco_4digit,WA,2491,runup_from_2020,0.6047360273529427
aus_l3,anzsco_4digit,WA,2492,runup_from_2019,0.8639314061070713
aus_l3,anzsco_4digit,WA,2492,runup_from_2020,0.9352403408704815
aus_l3,anzsco_4digit,WA,2493,runup_from_2019,-0.04317132058079598
aus_l3,anzsco_4digit,WA,2493,runup_from_2020,0.029853110208493794
aus_l3,anzsco_4digit,WA,2511,runup_from_2019,0.8579024363074566
aus_l3,anzsco_4digit,WA,2511,runup_from_2020,0.6024506081137897
aus_l3,anzsco_4digit,WA,2512,runup_from_2019,0.22911678876854813
aus_l3,anzsco_4digit,WA,2512,runup_from_2020,0.4350416541456279
aus_l3,anzsco_4digit,WA,2513,runup_from_2019,0.8299174452407962
aus_l3,anzsco_4digit,WA,2513,runup_from_2020,0.6550626713690111
aus_l3,anzsco_4digit,WA,2514,runup_from_2019,1.259437209660124
aus_l3,anzsco_4digit,WA,2514,runup_from_2020,1.3407827776098304
aus_l3,anzsco_4digit,WA,2515,runup_from_2019,0.85275645475678985
aus_l3,anzsco_4digit,WA,2515,runup_from_2020,0.8565951927497784
aus_l3,anzsco_4digit,WA,2519,runup_from_2019,0.18137386377184717
aus_l3,anzsco_4digit,WA,2519,runup_from_2020,0.3890135956829428
aus_l3,anzsco_4digit,WA,2521,runup_from_2019,0.591678440885752
aus_l3,anzsco_4digit,WA,2521,runup_from_2020,0.4915949322034312
aus_l3,anzsco_4digit,WA,2522,runup_from_2019,0.5338153290943095
aus_l3,anzsco_4digit,WA,2522,runup_from_2020,0.6061357581157691
aus_l3,anzsco_4digit,WA,2523,runup_from_2019,0.7640364895524328
aus_l3,anzsco_4digit,WA,2523,runup_from_2020,0.6561734552171008
aus_l3,anzsco_4digit,WA,2524,runup_from_2019,0.9318655683122685
aus_l3,anzsco_4digit,WA,2524,runup_from_2020,0.5912830861059852
aus_l3,anzsco_4digit,WA,2525,runup_from_2019,0.5862770656879421
aus_l3,anzsco_4digit,WA,2525,runup_from_2020,0.5567871677828382
aus_l3,anzsco_4digit,WA,2526,runup_from_2019,0.7562314103787495
aus_l3,anzsco_4digit,WA,2526,runup_from_2020,0.9620832891675906
aus_l3,anzsco_4digit,WA,2527,runup_from_2019,1.510167969287767
aus_l3,anzsco_4digit,WA,2527,runup_from_2020,1.0360919285817212
aus_l3,anzsco_4digit,WA,2531,runup_from_2019,0.6660590731395191
aus_l3,anzsco_4digit,WA,2531,runup_from_2020,0.6738554667134418
aus_l3,anzsco_4digit,WA,2532,runup_from_2019,0.4653632496892335
aus_l3,anzsco_4digit,WA,2532,runup_from_2020,-0.32197092121128645
aus_l3,anzsco_4digit,WA,2533,runup_from_2019,0.7067837213395141
aus_l3,anzsco_4digit,WA,2533,runup_from_2020,0.6318588453019816
aus_l3,anzsco_4digit,WA,2534,runup_from_2019,1.2776607489239906
aus_l3,anzsco_4digit,WA,2534,runup_from_2020,0.36888464275200494
aus_l3,anzsco_4digit,WA,2535,runup_from_2019,0.6296341644971842
aus_l3,anzsco_4digit,WA,2535,runup_from_2020,0.21905354598908322
aus_l3,anzsco_4digit,WA,2539,runup_from_2019,0.5224502083802074
aus_l3,anzsco_4digit,WA,2539,runup_from_2020,0.39547871590018646
aus_l3,anzsco_4digit,WA,2541,runup_from_2019,0.8104838448806682
aus_l3,anzsco_4digit,WA,2541,runup_from_2020,1.1892014755372533
aus_l3,anzsco_4digit,WA,2542,runup_from_2019,1.0737444146308224
aus_l3,anzsco_4digit,WA,2542,runup_from_2020,1.1278110920414828
aus_l3,anzsco_4digit,WA,2543,runup_from_2019,0.8523478699773728
aus_l3,anzsco_4digit,WA,2543,runup_from_2020,0.6532191794587159
aus_l3,anzsco_4digit,WA,2544,runup_from_2019,0.9913276813102883
aus_l3,anzsco_4digit,WA,2544,runup_from_2020,0.9017155223856381
aus_l3,anzsco_4digit,WA,2611,runup_from_2019,0.23962682297750604
aus_l3,anzsco_4digit,WA,2611,runup_from_2020,0.44463902235671426
aus_l3,anzsco_4digit,WA,2612,runup_from_2019,-0.2213237465147584
aus_l3,anzsco_4digit,WA,2612,runup_from_2020,0.03940249967131848
aus_l3,anzsco_4digit,WA,2613,runup_from_2019,0.24442181571995203
aus_l3,anzsco_4digit,WA,2613,runup_from_2020,0.4417544859429974
aus_l3,anzsco_4digit,WA,2621,runup_from_2019,0.3396731758286209
aus_l3,anzsco_4digit,WA,2621,runup_from_2020,0.46164032912301156
aus_l3,anzsco_4digit,WA,2631,runup_from_2019,-0.12985685698452443
aus_l3,anzsco_4digit,WA,2631,runup_from_2020,0.2227886722690311
aus_l3,anzsco_4digit,WA,2632,runup_from_2019,0.26683517363753584
aus_l3,anzsco_4digit,WA,2632,runup_from_2020,0.4462483522160756
aus_l3,anzsco_4digit,WA,2633,runup_from_2019,0.2766320983531103
aus_l3,anzsco_4digit,WA,2633,runup_from_2020,0.27883242920122875
aus_l3,anzsco_4digit,WA,2711,runup_from_2019,0.6931469424647922
aus_l3,anzsco_4digit,WA,2711,runup_from_2020,0.7587440231750966
aus_l3,anzsco_4digit,WA,2713,runup_from_2019,-0.1929673604880655
aus_l3,anzsco_4digit,WA,2713,runup_from_2020,0.2582429810241633
aus_l3,anzsco_4digit,WA,2721,runup_from_2019,0.7180964993485186
aus_l3,anzsco_4digit,WA,2721,runup_from_2020,0.4778371076965149
aus_l3,anzsco_4digit,WA,2722,runup_from_2019,0.7193170827951578
aus_l3,anzsco_4digit,WA,2722,runup_from_2020,0.39263285254010794
aus_l3,anzsco_4digit,WA,2723,runup_from_2019,0.6170664927400322
aus_l3,anzsco_4digit,WA,2723,runup_from_2020,0.3123170720152384
aus_l3,anzsco_4digit,WA,2724,runup_from_2019,0.5500974063177746
aus_l3,anzsco_4digit,WA,2724,runup_from_2020,0.5290991934405889
aus_l3,anzsco_4digit,WA,2725,runup_from_2019,0.7714720834906719
aus_l3,anzsco_4digit,WA,2725,runup_from_2020,0.4822698739295399
aus_l3,anzsco_4digit,WA,2726,runup_from_2019,0.8249148874318868
aus_l3,anzsco_4digit,WA,2726,runup_from_2020,0.577134476458057
aus_l3,anzsco_4digit,WA,3111,runup_from_2019,0.9198878221483611
aus_l3,anzsco_4digit,WA,3111,runup_from_2020,0.850294446315556
aus_l3,anzsco_4digit,WA,3112,runup_from_2019,0.6467969691315312
aus_l3,anzsco_4digit,WA,3112,runup_from_2020,0.6503697275254212
aus_l3,anzsco_4digit,WA,3113,runup_from_2019,0.46847827422400046
aus_l3,anzsco_4digit,WA,3113,runup_from_2020,0.4092892808824429
aus_l3,anzsco_4digit,WA,3114,runup_from_2019,0.5265095118390453
aus_l3,anzsco_4digit,WA,3114,runup_from_2020,0.5072235937165068
aus_l3,anzsco_4digit,WA,3121,runup_from_2019,0.5153189823152795
aus_l3,anzsco_4digit,WA,3121,runup_from_2020,0.45718807447503007
aus_l3,anzsco_4digit,WA,3122,runup_from_2019,0.6394094941636435
aus_l3,anzsco_4digit,WA,3122,runup_from_2020,0.7830083706893376
aus_l3,anzsco_4digit,WA,3123,runup_from_2019,0.4173464362301962
aus_l3,anzsco_4digit,WA,3123,runup_from_2020,0.6736533275838665
aus_l3,anzsco_4digit,WA,3124,runup_from_2019,0.24864124939119758
aus_l3,anzsco_4digit,WA,3124,runup_from_2020,0.5116063969472457
aus_l3,anzsco_4digit,WA,3125,runup_from_2019,0.6595255936940272
aus_l3,anzsco_4digit,WA,3125,runup_from_2020,0.7242187323545108
aus_l3,anzsco_4digit,WA,3126,runup_from_2019,0.9786717656708408
aus_l3,anzsco_4digit,WA,3126,runup_from_2020,0.8596123801446489
aus_l3,anzsco_4digit,WA,3129,runup_from_2019,0.465078604652267
aus_l3,anzsco_4digit,WA,3129,runup_from_2020,0.5908067506803807
aus_l3,anzsco_4digit,WA,3131,runup_from_2019,0.25349283481861296
aus_l3,anzsco_4digit,WA,3131,runup_from_2020,0.3341899899115246
aus_l3,anzsco_4digit,WA,3132,runup_from_2019,0.5710847531723882
aus_l3,anzsco_4digit,WA,3132,runup_from_2020,0.6286085936329024
aus_l3,anzsco_4digit,WA,3211,runup_from_2019,0.20350523788013408
aus_l3,anzsco_4digit,WA,3211,runup_from_2020,0.28181475789575305
aus_l3,anzsco_4digit,WA,3212,runup_from_2019,0.4988736638048481
aus_l3,anzsco_4digit,WA,3212,runup_from_2020,0.5052877356786238
aus_l3,anzsco_4digit,WA,3221,runup_from_2019,0.5619557194844543
aus_l3,anzsco_4digit,WA,3221,runup_from_2020,0.6654953790510771
aus_l3,anzsco_4digit,WA,3222,runup_from_2019,0.5396868424833992
aus_l3,anzsco_4digit,WA,3222,runup_from_2020,0.4859104798714067
aus_l3,anzsco_4digit,WA,3223,runup_from_2019,0.5418218972304922
aus_l3,anzsco_4digit,WA,3223,runup_from_2020,0.4797503345383811
aus_l3,anzsco_4digit,WA,3231,runup_from_2019,0.5086492681498735
aus_l3,anzsco_4digit,WA,3231,runup_from_2020,0.4054651326179699
aus_l3,anzsco_4digit,WA,3232,runup_from_2019,0.3019852169637236
aus_l3,anzsco_4digit,WA,3232,runup_from_2020,0.4204073806550115
aus_l3,anzsco_4digit,WA,3233,runup_from_2019,0.7146534452496496
aus_l3,anzsco_4digit,WA,3233,runup_from_2020,0.46818180064371395
aus_l3,anzsco_4digit,WA,3234,runup_from_2019,0.0752240462377829
aus_l3,anzsco_4digit,WA,3234,runup_from_2020,0.13976194237515882
aus_l3,anzsco_4digit,WA,3241,runup_from_2019,0.8531564231958617
aus_l3,anzsco_4digit,WA,3241,runup_from_2020,0.5629071349896728
aus_l3,anzsco_4digit,WA,3242,runup_from_2019,0.032435271369240404
aus_l3,anzsco_4digit,WA,3242,runup_from_2020,-0.1010960079311154
aus_l3,anzsco_4digit,WA,3243,runup_from_2019,1.1014091292218124
aus_l3,anzsco_4digit,WA,3243,runup_from_2020,0.4688867280412867
aus_l3,anzsco_4digit,WA,3311,runup_from_2019,0.9833548395676628
aus_l3,anzsco_4digit,WA,3311,runup_from_2020,0.6920667914409049
aus_l3,anzsco_4digit,WA,3312,runup_from_2019,1.0707868623238719
aus_l3,anzsco_4digit,WA,3312,runup_from_2020,0.6637725687840659
aus_l3,anzsco_4digit,WA,3321,runup_from_2019,1.0316977623681027
aus_l3,anzsco_4digit,WA,3321,runup_from_2020,0.6359887321179198
aus_l3,anzsco_4digit,WA,3322,runup_from_2019,0.8975479468899277
aus_l3,anzsco_4digit,WA,3322,runup_from_2020,0.7652057614916243
aus_l3,anzsco_4digit,WA,3331,runup_from_2019,0.7577708751841894
aus_l3,anzsco_4digit,WA,3331,runup_from_2020,0.4769240103619161
aus_l3,anzsco_4digit,WA,3332,runup_from_2019,0.48064511803660626
aus_l3,anzsco_4digit,WA,3332,runup_from_2020,0.38206449344581217
aus_l3,anzsco_4digit,WA,3333,runup_from_2019,1.037987268567399
aus_l3,anzsco_4digit,WA,3333,runup_from_2020,0.8266787071130626
aus_l3,anzsco_4digit,WA,3334,runup_from_2019,0.9801533963301858
aus_l3,anzsco_4digit,WA,3334,runup_from_2020,0.6790483976003177
aus_l3,anzsco_4digit,WA,3341,runup_from_2019,0.6487336286963847
aus_l3,anzsco_4digit,WA,3341,runup_from_2020,0.5439899057911246
aus_l3,anzsco_4digit,WA,3411,runup_from_2019,0.7806207195215418
aus_l3,anzsco_4digit,WA,3411,runup_from_2020,0.8148566818478722
aus_l3,anzsco_4digit,WA,3421,runup_from_2019,0.6031420635673244
aus_l3,anzsco_4digit,WA,3421,runup_from_2020,0.5137694162882411
aus_l3,anzsco_4digit,WA,3422,runup_from_2019,1.0152841806261619
aus_l3,anzsco_4digit,WA,3422,runup_from_2020,0.7120410620550115
aus_l3,anzsco_4digit,WA,3423,runup_from_2019,0.21459646087546513
aus_l3,anzsco_4digit,WA,3423,runup_from_2020,0.16885046036385676
aus_l3,anzsco_4digit,WA,3424,runup_from_2019,0.551334818961104
aus_l3,anzsco_4digit,WA,3424,runup_from_2020,0.46572106165424154
aus_l3,anzsco_4digit,WA,3511,runup_from_2019,1.1201386416361347
aus_l3,anzsco_4digit,WA,3511,runup_from_2020,0.9857797426169461
aus_l3,anzsco_4digit,WA,3512,runup_from_2019,0.8050975182120976
aus_l3,anzsco_4digit,WA,3512,runup_from_2020,0.37335084354367476
aus_l3,anzsco_4digit,WA,3513,runup_from_2019,0.4745193022907017
aus_l3,anzsco_4digit,WA,3513,runup_from_2020,0.48038701354012225
aus_l3,anzsco_4digit,WA,3514,runup_from_2019,0.8029579977601617
aus_l3,anzsco_4digit,WA,3514,runup_from_2020,0.6306543548178736
aus_l3,anzsco_4digit,WA,3611,runup_from_2019,0.4153450754217154
aus_l3,anzsco_4digit,WA,3611,runup_from_2020,0.07281242014111955
aus_l3,anzsco_4digit,WA,3612,runup_from_2019,-0.06899430005940038
aus_l3,anzsco_4digit,WA,3612,runup_from_2020,-0.13353219619677625
aus_l3,anzsco_4digit,WA,3613,runup_from_2019,1.420695587837243
aus_l3,anzsco_4digit,WA,3613,runup_from_2020,1.1583313695235897
aus_l3,anzsco_4digit,WA,3621,runup_from_2019,0.6410904369244301
aus_l3,anzsco_4digit,WA,3621,runup_from_2020,-0.02264293305608489
aus_l3,anzsco_4digit,WA,3622,runup_from_2019,0.9827324978652241
aus_l3,anzsco_4digit,WA,3622,runup_from_2020,0.8182518293935175
aus_l3,anzsco_4digit,WA,3623,runup_from_2019,1.1644041293817042
aus_l3,anzsco_4digit,WA,3623,runup_from_2020,1.0418018111483889
aus_l3,anzsco_4digit,WA,3624,runup_from_2019,0.41667422449001745
aus_l3,anzsco_4digit,WA,3624,runup_from_2020,0.29835452127123196
aus_l3,anzsco_4digit,WA,3911,runup_from_2019,0.6177927117970214
aus_l3,anzsco_4digit,WA,3911,runup_from_2020,0.19645274048209682
aus_l3,anzsco_4digit,WA,3921,runup_from_2019,0.5636888276088134
aus_l3,anzsco_4digit,WA,3921,runup_from_2020,0.5355174030233758
aus_l3,anzsco_4digit,WA,3922,runup_from_2019,0.3513979620258614
aus_l3,anzsco_4digit,WA,3922,runup_from_2020,0.14188052625983616
aus_l3,anzsco_4digit,WA,3923,runup_from_2019,0.34830615015055666
aus_l3,anzsco_4digit,WA,3923,runup_from_2020,0.4723591431601313
aus_l3,anzsco_4digit,WA,3931,runup_from_2019,0.3973031049457958
aus_l3,anzsco_4digit,WA,3931,runup_from_2020,0.34967480070971063
aus_l3,anzsco_4digit,WA,3932,runup_from_2019,0.7433368479550554
aus_l3,anzsco_4digit,WA,3932,runup_from_2020,0.5561255748769486
aus_l3,anzsco_4digit,WA,3933,runup_from_2019,0.8368548589935234
aus_l3,anzsco_4digit,WA,3933,runup_from_2020,0.4253460432193935
aus_l3,anzsco_4digit,WA,3941,runup_from_2019,0.7389936368632144
aus_l3,anzsco_4digit,WA,3941,runup_from_2020,0.4338718651511817
aus_l3,anzsco_4digit,WA,3942,runup_from_2019,0.7805589099361576
aus_l3,anzsco_4digit,WA,3942,runup_from_2020,0.44821652023778613
aus_l3,anzsco_4digit,WA,3991,runup_from_2019,0.43531769206483695
aus_l3,anzsco_4digit,WA,3991,runup_from_2020,0.4353176920648367
aus_l3,anzsco_4digit,WA,3992,runup_from_2019,0.26658174656555245
aus_l3,anzsco_4digit,WA,3992,runup_from_2020,0.35379309756384325
aus_l3,anzsco_4digit,WA,3993,runup_from_2019,1.1490006582307926
aus_l3,anzsco_4digit,WA,3993,runup_from_2020,1.164626054874034
aus_l3,anzsco_4digit,WA,3994,runup_from_2019,1.2290291729920964
aus_l3,anzsco_4digit,WA,3994,runup_from_2020,0.8087492776062095
aus_l3,anzsco_4digit,WA,3995,runup_from_2019,0.7219263974783738
aus_l3,anzsco_4digit,WA,3995,runup_from_2020,0.8627836001759472
aus_l3,anzsco_4digit,WA,3996,runup_from_2019,0.3794898781151932
aus_l3,anzsco_4digit,WA,3996,runup_from_2020,0.3133497392003619
aus_l3,anzsco_4digit,WA,3999,runup_from_2019,0.8778408765313603
aus_l3,anzsco_4digit,WA,3999,runup_from_2020,0.8327697460629029
aus_l3,anzsco_4digit,WA,4111,runup_from_2019,0.7437326773480519
aus_l3,anzsco_4digit,WA,4111,runup_from_2020,0.4607786513054912
aus_l3,anzsco_4digit,WA,4112,runup_from_2019,0.6864780415273368
aus_l3,anzsco_4digit,WA,4112,runup_from_2020,0.4648126190132533
aus_l3,anzsco_4digit,WA,4113,runup_from_2019,0.6310753567343603
aus_l3,anzsco_4digit,WA,4113,runup_from_2020,0.5596157509896125
aus_l3,anzsco_4digit,WA,4114,runup_from_2019,1.106372482869081
aus_l3,anzsco_4digit,WA,4114,runup_from_2020,0.9319907592981869
aus_l3,anzsco_4digit,WA,4115,runup_from_2019,0.6775215513585915
aus_l3,anzsco_4digit,WA,4115,runup_from_2020,0.7170529452540364
aus_l3,anzsco_4digit,WA,4116,runup_from_2019,0.5308570941731601
aus_l3,anzsco_4digit,WA,4116,runup_from_2020,0.39635345064020333
aus_l3,anzsco_4digit,WA,4117,runup_from_2019,0.776381594510501
aus_l3,anzsco_4digit,WA,4117,runup_from_2020,0.6531301439867843
aus_l3,anzsco_4digit,WA,4211,runup_from_2019,0.8516294219220546
aus_l3,anzsco_4digit,WA,4211,runup_from_2020,0.8926688566312793
aus_l3,anzsco_4digit,WA,4221,runup_from_2019,0.7112047285634517
aus_l3,anzsco_4digit,WA,4221,runup_from_2020,0.9162907383165324
aus_l3,anzsco_4digit,WA,4231,runup_from_2019,0.7755620071552638
aus_l3,anzsco_4digit,WA,4231,runup_from_2020,0.5961851697375744
aus_l3,anzsco_4digit,WA,4232,runup_from_2019,0.6402247923423801
aus_l3,anzsco_4digit,WA,4232,runup_from_2020,0.5862932039142126
aus_l3,anzsco_4digit,WA,4233,runup_from_2019,0.8152607022110292
aus_l3,anzsco_4digit,WA,4233,runup_from_2020,0.7322179781709268
aus_l3,anzsco_4digit,WA,4234,runup_from_2019,0.6170479368608994
aus_l3,anzsco_4digit,WA,4234,runup_from_2020,0.6344400289375909
aus_l3,anzsco_4digit,WA,4311,runup_from_2019,0.995979136537926
aus_l3,anzsco_4digit,WA,4311,runup_from_2020,0.9086763367006752
aus_l3,anzsco_4digit,WA,4312,runup_from_2019,0.6475697103465992
aus_l3,anzsco_4digit,WA,4312,runup_from_2020,0.9860241478789002
aus_l3,anzsco_4digit,WA,4313,runup_from_2019,0.043484048109385665
aus_l3,anzsco_4digit,WA,4313,runup_from_2020,-0.061876067548360614
aus_l3,anzsco_4digit,WA,4314,runup_from_2019,0.9149742470940554
aus_l3,anzsco_4digit,WA,4314,runup_from_2020,0.673577046372162
aus_l3,anzsco_4digit,WA,4315,runup_from_2019,1.4554199940201924
aus_l3,anzsco_4digit,WA,4315,runup_from_2020,1.3718790863434212
aus_l3,anzsco_4digit,WA,4412,runup_from_2019,0.661398473604812
aus_l3,anzsco_4digit,WA,4412,runup_from_2020,0.6578334964718384
aus_l3,anzsco_4digit,WA,4413,runup_from_2019,-0.25022471647288547
aus_l3,anzsco_4digit,WA,4413,runup_from_2020,-0.30228146010840073
aus_l3,anzsco_4digit,WA,4421,runup_from_2019,1.038352632946061
aus_l3,anzsco_4digit,WA,4421,runup_from_2020,0.49643684638487917
aus_l3,anzsco_4digit,WA,4422,runup_from_2019,0.8187000751463174
aus_l3,anzsco_4digit,WA,4422,runup_from_2020,0.6929307025848246
aus_l3,anzsco_4digit,WA,4511,runup_from_2019,0.5550589027812776
aus_l3,anzsco_4digit,WA,4511,runup_from_2020,0.30514133743148264
aus_l3,anzsco_4digit,WA,4512,runup_from_2019,-0.14792044257657322
aus_l3,anzsco_4digit,WA,4512,runup_from_2020,0.007272686336381673
aus_l3,anzsco_4digit,WA,4513,runup_from_2019,0.8312971606178587
aus_l3,anzsco_4digit,WA,4513,runup_from_2020,1.0590812529872469
aus_l3,anzsco_4digit,WA,4514,runup_from_2019,1.0752931304292677
aus_l3,anzsco_4digit,WA,4514,runup_from_2020,0.8780129984199994
aus_l3,anzsco_4digit,WA,4515,runup_from_2019,-0.27087496543482703
aus_l3,anzsco_4digit,WA,4515,runup_from_2020,-0.08515571310141326
aus_l3,anzsco_4digit,WA,4516,runup_from_2019,0.413481123055516
aus_l3,anzsco_4digit,WA,4516,runup_from_2020,1.2702130831901686
aus_l3,anzsco_4digit,WA,4517,runup_from_2019,0.879429384758631
aus_l3,anzsco_4digit,WA,4517,runup_from_2020,1.4390443869798522
aus_l3,anzsco_4digit,WA,4521,runup_from_2019,0.3822938574778769
aus_l3,anzsco_4digit,WA,4521,runup_from_2020,0.36228521830478444
aus_l3,anzsco_4digit,WA,4522,runup_from_2019,0.7014463965976955
aus_l3,anzsco_4digit,WA,4522,runup_from_2020,0.668656412484395
aus_l3,anzsco_4digit,WA,4523,runup_from_2019,1.0323519413205764
aus_l3,anzsco_4digit,WA,4523,runup_from_2020,0.8157742362551614
aus_l3,anzsco_4digit,WA,4524,runup_from_2019,0.43428548484143237
aus_l3,anzsco_4digit,WA,4524,runup_from_2020,0.4226575644814279
aus_l3,anzsco_4digit,WA,5111,runup_from_2019,0.5139457461080754
aus_l3,anzsco_4digit,WA,5111,runup_from_2020,0.7252456517660502
aus_l3,anzsco_4digit,WA,5121,runup_from_2019,0.7253994119826324
aus_l3,anzsco_4digit,WA,5121,runup_from_2020,0.7904934644324353
aus_l3,anzsco_4digit,WA,5122,runup_from_2019,0.7657977061208121
aus_l3,anzsco_4digit,WA,5122,runup_from_2020,0.5935740642240122
aus_l3,anzsco_4digit,WA,5211,runup_from_2019,-0.1427453242921266
aus_l3,anzsco_4digit,WA,5211,runup_from_2020,0.06295998215039544
aus_l3,anzsco_4digit,WA,5212,runup_from_2019,0.6354567578786581
aus_l3,anzsco_4digit,WA,5212,runup_from_2020,0.9814680393677735
aus_l3,anzsco_4digit,WA,5311,runup_from_2019,0.7572473793171133
aus_l3,anzsco_4digit,WA,5311,runup_from_2020,0.8104205918810683
aus_l3,anzsco_4digit,WA,5321,runup_from_2019,0.42075927136862346
aus_l3,anzsco_4digit,WA,5321,runup_from_2020,0.6012331965631019
aus_l3,anzsco_4digit,WA,5411,runup_from_2019,0.9500271934475526
aus_l3,anzsco_4digit,WA,5411,runup_from_2020,0.9304118605773786
aus_l3,anzsco_4digit,WA,5412,runup_from_2019,1.0461076826374818
aus_l3,anzsco_4digit,WA,5412,runup_from_2020,1.1231511131579488
aus_l3,anzsco_4digit,WA,5421,runup_from_2019,0.77088292765236055
aus_l3,anzsco_4digit,WA,5421,runup_from_2020,0.8264360031140265
aus_l3,anzsco_4digit,WA,5511,runup_from_2019,0.40401587270586603
aus_l3,anzsco_4digit,WA,5511,runup_from_2020,0.6837892327186159
aus_l3,anzsco_4digit,WA,5512,runup_from_2019,0.32367400915298017
aus_l3,anzsco_4digit,WA,5512,runup_from_2020,0.567739092396057
aus_l3,anzsco_4digit,WA,5513,runup_from_2019,0.3571950204274055
aus_l3,anzsco_4digit,WA,5513,runup_from_2020,0.6135492266773577
aus_l3,anzsco_4digit,WA,5521,runup_from_2019,0.8392087665425669
aus_l3,anzsco_4digit,WA,5521,runup_from_2020,1.060174445491179
aus_l3,anzsco_4digit,WA,5522,runup_from_2019,0.5827193090524494
aus_l3,anzsco_4digit,WA,5522,runup_from_2020,0.8057630908023086
aus_l3,anzsco_4digit,WA,5523,runup_from_2019,0.8790850595067174
aus_l3,anzsco_4digit,WA,5523,runup_from_2020,0.5551131595627645
aus_l3,anzsco_4digit,WA,5611,runup_from_2019,0.1431009462048494
aus_l3,anzsco_4digit,WA,5611,runup_from_2020,-6.666668889987459e-7
aus_l3,anzsco_4digit,WA,5612,runup_from_2019,0.8984631131940306
aus_l3,anzsco_4digit,WA,5612,runup_from_2020,0.8908099763992556
aus_l3,anzsco_4digit,WA,5613,runup_from_2019,0.4335692856819895
aus_l3,anzsco_4digit,WA,5613,runup_from_2020,0.7421707383593126
aus_l3,anzsco_4digit,WA,5614,runup_from_2019,0.4700036292457356
aus_l3,anzsco_4digit,WA,5614,runup_from_2020,0.4700036292457357
aus_l3,anzsco_4digit,WA,5615,runup_from_2019,0.27506347436807266
aus_l3,anzsco_4digit,WA,5615,runup_from_2020,0.15137670921679058
aus_l3,anzsco_4digit,WA,5616,runup_from_2019,0.46034222020109217
aus_l3,anzsco_4digit,WA,5616,runup_from_2020,0.3720491645179983
aus_l3,anzsco_4digit,WA,5619,runup_from_2019,0.18038180825520467
aus_l3,anzsco_4digit,WA,5619,runup_from_2020,0.597542781023956
aus_l3,anzsco_4digit,WA,5911,runup_from_2019,0.6771454453552179
aus_l3,anzsco_4digit,WA,5911,runup_from_2020,0.7690263935480335
aus_l3,anzsco_4digit,WA,5912,runup_from_2019,0.6498220558215717
aus_l3,anzsco_4digit,WA,5912,runup_from_2020,0.7023793065602475
aus_l3,anzsco_4digit,WA,5991,runup_from_2019,0.20078886911230542
aus_l3,anzsco_4digit,WA,5991,runup_from_2020,0.35363998415073583
aus_l3,anzsco_4digit,WA,5992,runup_from_2019,0.4104443382299019
aus_l3,anzsco_4digit,WA,5992,runup_from_2020,0.7545999597736088
aus_l3,anzsco_4digit,WA,5993,runup_from_2019,0.2206715846355145
aus_l3,anzsco_4digit,WA,5993,runup_from_2020,0.3956129106750488
aus_l3,anzsco_4digit,WA,5994,runup_from_2019,0.6994298605826568
aus_l3,anzsco_4digit,WA,5994,runup_from_2020,0.7780731173899265
aus_l3,anzsco_4digit,WA,5995,runup_from_2019,0.6589483540144547
aus_l3,anzsco_4digit,WA,5995,runup_from_2020,0.8565585688407404
aus_l3,anzsco_4digit,WA,5996,runup_from_2019,0.7169659181854597
aus_l3,anzsco_4digit,WA,5996,runup_from_2020,0.9449420470368404
aus_l3,anzsco_4digit,WA,5997,runup_from_2019,0.6135944409524283
aus_l3,anzsco_4digit,WA,5997,runup_from_2020,0.54538719545105
aus_l3,anzsco_4digit,WA,5999,runup_from_2019,0.42993800349680367
aus_l3,anzsco_4digit,WA,5999,runup_from_2020,0.5673377978678213
aus_l3,anzsco_4digit,WA,6111,runup_from_2019,0.06899296672517813
aus_l3,anzsco_4digit,WA,6111,runup_from_2020,0.2231422179799875
aus_l3,anzsco_4digit,WA,6112,runup_from_2019,0.5535896816563435
aus_l3,anzsco_4digit,WA,6112,runup_from_2020,0.6414510385205365
aus_l3,anzsco_4digit,WA,6113,runup_from_2019,0.3419377890004949
aus_l3,anzsco_4digit,WA,6113,runup_from_2020,0.5608321728519492
aus_l3,anzsco_4digit,WA,6121,runup_from_2019,0.49712500106975366
aus_l3,anzsco_4digit,WA,6121,runup_from_2020,0.4054000308399148
aus_l3,anzsco_4digit,WA,6211,runup_from_2019,1.0046771621912054
aus_l3,anzsco_4digit,WA,6211,runup_from_2020,0.887571285855099
aus_l3,anzsco_4digit,WA,6212,runup_from_2019,0.09662709884693199
aus_l3,anzsco_4digit,WA,6212,runup_from_2020,-0.12361346025114972
aus_l3,anzsco_4digit,WA,6213,runup_from_2019,0.5537811004318467
aus_l3,anzsco_4digit,WA,6213,runup_from_2020,0.6598960484151588
aus_l3,anzsco_4digit,WA,6214,runup_from_2019,1.415929694006807
aus_l3,anzsco_4digit,WA,6214,runup_from_2020,1.4218643696506055
aus_l3,anzsco_4digit,WA,6215,runup_from_2019,0.8493872677411933
aus_l3,anzsco_4digit,WA,6215,runup_from_2020,0.5948245046663545
aus_l3,anzsco_4digit,WA,6216,runup_from_2019,0.5210954194357131
aus_l3,anzsco_4digit,WA,6216,runup_from_2020,-0.1848726104326932
aus_l3,anzsco_4digit,WA,6217,runup_from_2019,0.0763726496530237
aus_l3,anzsco_4digit,WA,6217,runup_from_2020,0.3074858468072732
aus_l3,anzsco_4digit,WA,6219,runup_from_2019,0.4439312923765828
aus_l3,anzsco_4digit,WA,6219,runup_from_2020,0.4149435286126133
aus_l3,anzsco_4digit,WA,6311,runup_from_2019,1.5732350880405053
aus_l3,anzsco_4digit,WA,6311,runup_from_2020,1.1752047171263156
aus_l3,anzsco_4digit,WA,6391,runup_from_2019,1.147792401087711
aus_l3,anzsco_4digit,WA,6391,runup_from_2020,1.187315625766054
aus_l3,anzsco_4digit,WA,6392,runup_from_2019,0.30058563837659746
aus_l3,anzsco_4digit,WA,6392,runup_from_2020,0.8602007931952964
aus_l3,anzsco_4digit,WA,6393,runup_from_2019,0.2200930659021676
aus_l3,anzsco_4digit,WA,6393,runup_from_2020,0.2536447295749813
aus_l3,anzsco_4digit,WA,6394,runup_from_2019,0.6697268589584806
aus_l3,anzsco_4digit,WA,6394,runup_from_2020,1.0751915504000653
aus_l3,anzsco_4digit,WA,6395,runup_from_2019,0.4664256936121438
aus_l3,anzsco_4digit,WA,6395,runup_from_2020,1.32714655348207
aus_l3,anzsco_4digit,WA,6399,runup_from_2019,0.8999820122145845
aus_l3,anzsco_4digit,WA,6399,runup_from_2020,1.7652092808020574
aus_l3,anzsco_4digit,WA,7111,runup_from_2019,0.28185155605805057
aus_l3,anzsco_4digit,WA,7111,runup_from_2020,-0.1313362206846599
aus_l3,anzsco_4digit,WA,7112,runup_from_2019,0.6687731360019407
aus_l3,anzsco_4digit,WA,7112,runup_from_2020,0.5142179386790833
aus_l3,anzsco_4digit,WA,7113,runup_from_2019,0.6136835762483807
aus_l3,anzsco_4digit,WA,7113,runup_from_2020,0.04616227087925173
aus_l3,anzsco_4digit,WA,7114,runup_from_2019,0.11247898646713378
aus_l3,anzsco_4digit,WA,7114,runup_from_2020,0.26662823772194316
aus_l3,anzsco_4digit,WA,7115,runup_from_2019,0.21195122179273795
aus_l3,anzsco_4digit,WA,7115,runup_from_2020,-0.021593268570862634
aus_l3,anzsco_4digit,WA,7116,runup_from_2019,1.0388930539664876
aus_l3,anzsco_4digit,WA,7116,runup_from_2020,0.6286085632685328
aus_l3,anzsco_4digit,WA,7117,runup_from_2019,0.0741078485272455
aus_l3,anzsco_4digit,WA,7117,runup_from_2020,-0.13353212923205193
aus_l3,anzsco_4digit,WA,7119,runup_from_2019,0.6968834939388091
aus_l3,anzsco_4digit,WA,7119,runup_from_2020,0.5499398007721084
aus_l3,anzsco_4digit,WA,7121,runup_from_2019,0.8144919277363516
aus_l3,anzsco_4digit,WA,7121,runup_from_2020,0.6378201232826246
aus_l3,anzsco_4digit,WA,7122,runup_from_2019,0.34922299181624616
aus_l3,anzsco_4digit,WA,7122,runup_from_2020,0.4048509152354791
aus_l3,anzsco_4digit,WA,7123,runup_from_2019,0.09587583552674017
aus_l3,anzsco_4digit,WA,7123,runup_from_2020,0.17126134459032727
aus_l3,anzsco_4digit,WA,7129,runup_from_2019,0.3548796072434177
aus_l3,anzsco_4digit,WA,7129,runup_from_2020,0.46146386769760106
aus_l3,anzsco_4digit,WA,7211,runup_from_2019,1.0364806319046311
aus_l3,anzsco_4digit,WA,7211,runup_from_2020,0.7279335377390888
aus_l3,anzsco_4digit,WA,7212,runup_from_2019,0.07359376695512232
aus_l3,anzsco_4digit,WA,7212,runup_from_2020,-0.12436525387177966
aus_l3,anzsco_4digit,WA,7213,runup_from_2019,0.9317910093311692
aus_l3,anzsco_4digit,WA,7213,runup_from_2020,0.7092451423718185
aus_l3,anzsco_4digit,WA,7219,runup_from_2019,0.4022524512093364
aus_l3,anzsco_4digit,WA,7219,runup_from_2020,0.17188119165629434
aus_l3,anzsco_4digit,WA,7311,runup_from_2019,0.47623374110829575
aus_l3,anzsco_4digit,WA,7311,runup_from_2020,0.5596157413515758
aus_l3,anzsco_4digit,WA,7312,runup_from_2019,0.9652574388181048
aus_l3,anzsco_4digit,WA,7312,runup_from_2020,0.7930819696730707
aus_l3,anzsco_4digit,WA,7313,runup_from_2019,0.33013540891269066
aus_l3,anzsco_4digit,WA,7313,runup_from_2020,-0.2108431905871364
aus_l3,anzsco_4digit,WA,7321,runup_from_2019,1.3342139629834842
aus_l3,anzsco_4digit,WA,7321,runup_from_2020,0.9890129466894102
aus_l3,anzsco_4digit,WA,7331,runup_from_2019,0.573482673534814
aus_l3,anzsco_4digit,WA,7331,runup_from_2020,0.37973056947091965
aus_l3,anzsco_4digit,WA,7411,runup_from_2019,0.9607784090580864
aus_l3,anzsco_4digit,WA,7411,runup_from_2020,0.8413907862287457
aus_l3,anzsco_4digit,WA,8111,runup_from_2019,0.9612284449449486
aus_l3,anzsco_4digit,WA,8111,runup_from_2020,0.8441357786635861
aus_l3,anzsco_4digit,WA,8112,runup_from_2019,1.5434753822212226
aus_l3,anzsco_4digit,WA,8112,runup_from_2020,1.1758535386548123
aus_l3,anzsco_4digit,WA,8113,runup_from_2019,1.2173957095229504
aus_l3,anzsco_4digit,WA,8113,runup_from_2020,0.9623346380195419
aus_l3,anzsco_4digit,WA,8114,runup_from_2019,1.1389755685739917
aus_l3,anzsco_4digit,WA,8114,runup_from_2020,0.8692888433525168
aus_l3,anzsco_4digit,WA,8115,runup_from_2019,1.1801623517106679
aus_l3,anzsco_4digit,WA,8115,runup_from_2020,1.1416960634836846
aus_l3,anzsco_4digit,WA,8116,runup_from_2019,0.9028673992297227
aus_l3,anzsco_4digit,WA,8116,runup_from_2020,0.8736687545294832
aus_l3,anzsco_4digit,WA,8211,runup_from_2019,0.915927023925561
aus_l3,anzsco_4digit,WA,8211,runup_from_2020,0.7407013119201595
aus_l3,anzsco_4digit,WA,8212,runup_from_2019,0.840448520878935
aus_l3,anzsco_4digit,WA,8212,runup_from_2020,0.292110079654174
aus_l3,anzsco_4digit,WA,8213,runup_from_2019,0.5824817920037682
aus_l3,anzsco_4digit,WA,8213,runup_from_2020,-0.09143450651735452
aus_l3,anzsco_4digit,WA,8214,runup_from_2019,1.048487948214512
aus_l3,anzsco_4digit,WA,8214,runup_from_2020,0.50616357986977345
aus_l3,anzsco_4digit,WA,8215,runup_from_2019,-0.07878086543384155
aus_l3,anzsco_4digit,WA,8215,runup_from_2020,0.08552233737257486
aus_l3,anzsco_4digit,WA,8216,runup_from_2019,0.6361924260407874
aus_l3,anzsco_4digit,WA,8216,runup_from_2020,0.4590744717570274
aus_l3,anzsco_4digit,WA,8217,runup_from_2019,0.8605380704965704
aus_l3,anzsco_4digit,WA,8217,runup_from_2020,0.7394601566809378
aus_l3,anzsco_4digit,WA,8219,runup_from_2019,0.19118244981422094
aus_l3,anzsco_4digit,WA,8219,runup_from_2020,0.2368319687031475
aus_l3,anzsco_4digit,WA,8311,runup_from_2019,1.4619062509104408
aus_l3,anzsco_4digit,WA,8311,runup_from_2020,1.2334131038159049
aus_l3,anzsco_4digit,WA,8312,runup_from_2019,0.6190394674329303
aus_l3,anzsco_4digit,WA,8312,runup_from_2020,0.6139501430823855
aus_l3,anzsco_4digit,WA,8313,runup_from_2019,0.7745878482035882
aus_l3,anzsco_4digit,WA,8313,runup_from_2020,0.2280436729359363
aus_l3,anzsco_4digit,WA,8321,runup_from_2019,1.2117853637087204
aus_l3,anzsco_4digit,WA,8321,runup_from_2020,0.9161691451507425
aus_l3,anzsco_4digit,WA,8322,runup_from_2019,0.7689308975855083
aus_l3,anzsco_4digit,WA,8322,runup_from_2020,1.0998935829431404
aus_l3,anzsco_4digit,WA,8391,runup_from_2019,0.8430870542097609
aus_l3,anzsco_4digit,WA,8391,runup_from_2020,0.985058309996947
aus_l3,anzsco_4digit,WA,8392,runup_from_2019,0.10535951565732633
aus_l3,anzsco_4digit,WA,8392,runup_from_2020,-0.024693856493280805
aus_l3,anzsco_4digit,WA,8393,runup_from_2019,0.5413833062070847
aus_l3,anzsco_4digit,WA,8393,runup_from_2020,0.6169629936671823
aus_l3,anzsco_4digit,WA,8394,runup_from_2019,0.7472142483215015
aus_l3,anzsco_4digit,WA,8394,runup_from_2020,0.7198151502595724
aus_l3,anzsco_4digit,WA,8399,runup_from_2019,1.4150659841949431
aus_l3,anzsco_4digit,WA,8399,runup_from_2020,1.070969828722634
aus_l3,anzsco_4digit,WA,8411,runup_from_2019,-0.06899158577092096
aus_l3,anzsco_4digit,WA,8411,runup_from_2020,0.0741080270988175
aus_l3,anzsco_4digit,WA,8412,runup_from_2019,0.8295875955352137
aus_l3,anzsco_4digit,WA,8412,runup_from_2020,0.6304588356791117
aus_l3,anzsco_4digit,WA,8413,runup_from_2019,0.5381097512092428
aus_l3,anzsco_4digit,WA,8413,runup_from_2020,0.5650652908803737
aus_l3,anzsco_4digit,WA,8414,runup_from_2019,0.4276290341606903
aus_l3,anzsco_4digit,WA,8414,runup_from_2020,0.47914630077641673
aus_l3,anzsco_4digit,WA,8415,runup_from_2019,0.7717373827530025
aus_l3,anzsco_4digit,WA,8415,runup_from_2020,0.45614680260649587
aus_l3,anzsco_4digit,WA,8416,runup_from_2019,0.8657180717831876
aus_l3,anzsco_4digit,WA,8416,runup_from_2020,0.6883555372151697
aus_l3,anzsco_4digit,WA,8419,runup_from_2019,1.082738860141741
aus_l3,anzsco_4digit,WA,8419,runup_from_2020,0.5703396641285874
aus_l3,anzsco_4digit,WA,8511,runup_from_2019,0.5606577055431061
aus_l3,anzsco_4digit,WA,8511,runup_from_2020,0.3626448714043069
aus_l3,anzsco_4digit,WA,8512,runup_from_2019,0.19329062292388133
aus_l3,anzsco_4digit,WA,8512,runup_from_2020,0.14310095552877122
aus_l3,anzsco_4digit,WA,8513,runup_from_2019,1.293949873145884
aus_l3,anzsco_4digit,WA,8513,runup_from_2020,1.0934821931370795
aus_l3,anzsco_4digit,WA,8911,runup_from_2019,0.8966940870220164
aus_l3,anzsco_4digit,WA,8911,runup_from_2020,0.7377458697730166
aus_l3,anzsco_4digit,WA,8912,runup_from_2019,2.1478788349729303
aus_l3,anzsco_4digit,WA,8912,runup_from_2020,0.9758388906450635
aus_l3,anzsco_4digit,WA,8991,runup_from_2019,0.4036905291075299
aus_l3,anzsco_4digit,WA,8991,runup_from_2020,0.7959453395130649
aus_l3,anzsco_4digit,WA,8992,runup_from_2019,0.42810769765272694
aus_l3,anzsco_4digit,WA,8992,runup_from_2020,0.7653435998672347
aus_l3,anzsco_4digit,WA,8993,runup_from_2019,1.0058338352401934
aus_l3,anzsco_4digit,WA,8993,runup_from_2020,0.8471245819235467
aus_l3,anzsco_4digit,WA,8994,runup_from_2019,0.8940081222991196
aus_l3,anzsco_4digit,WA,8994,runup_from_2020,0.5744138397832463
aus_l3,anzsco_4digit,WA,8995,runup_from_2019,0.6163830087040401
aus_l3,anzsco_4digit,WA,8995,runup_from_2020,0.7366320194500471
aus_l3,anzsco_4digit,WA,8996,runup_from_2019,0.5322165113021233
aus_l3,anzsco_4digit,WA,8996,runup_from_2020,0.03226126424787057
aus_l3,anzsco_4digit,WA,8997,runup_from_2019,0.6171627562528221
aus_l3,anzsco_4digit,WA,8997,runup_from_2020,0.5695351156589306
aus_l3,anzsco_4digit,WA,8999,runup_from_2019,0.7244482898730347
aus_l3,anzsco_4digit,WA,8999,runup_from_2020,0.5590284556832747
