sample,key,idcountry,occupation_id,control,value
eu_l3,isco_level_2,AT,11,runup_from_2019,0.5742829029421761
eu_l3,isco_level_2,AT,11,runup_from_2020,0.7679234293839007
eu_l3,isco_level_2,AT,11,runup_from_2019_mix,0.1991411788354874
eu_l3,isco_level_2,AT,11,runup_from_2019_pooled,0.22205715776995835
eu_l3,isco_level_2,AT,12,runup_from_2019,0.513896339510461
eu_l3,isco_level_2,AT,12,runup_from_2020,0.7294287419351633
eu_l3,isco_level_2,AT,12,runup_from_2019_mix,0.24018498575733066
eu_l3,isco_level_2,AT,12,runup_from_2019_pooled,0.24446408178875306
eu_l3,isco_level_2,AT,13,runup_from_2019,0.4613777403076384
eu_l3,isco_level_2,AT,13,runup_from_2020,0.6932412971160735
eu_l3,isco_level_2,AT,13,runup_from_2019_mix,0.22615795405953154
eu_l3,isco_level_2,AT,13,runup_from_2019_pooled,0.2130208675503039
eu_l3,isco_level_2,AT,14,runup_from_2019,0.5139965337255359
eu_l3,isco_level_2,AT,14,runup_from_2020,0.7560373967600977
eu_l3,isco_level_2,AT,14,runup_from_2019_mix,0.27980412273784233
eu_l3,isco_level_2,AT,14,runup_from_2019_pooled,0.25317490005446597
eu_l3,isco_level_2,AT,21,runup_from_2019,0.49764947319839314
eu_l3,isco_level_2,AT,21,runup_from_2020,0.685593300751343
eu_l3,isco_level_2,AT,21,runup_from_2019_mix,0.25131113285649653
eu_l3,isco_level_2,AT,21,runup_from_2019_pooled,0.25205294245025983
eu_l3,isco_level_2,AT,22,runup_from_2019,0.11009464203254635
eu_l3,isco_level_2,AT,22,runup_from_2020,0.29546793115785674
eu_l3,isco_level_2,AT,22,runup_from_2019_mix,0.16523143447989735
eu_l3,isco_level_2,AT,22,runup_from_2019_pooled,0.1721416170252814
eu_l3,isco_level_2,AT,23,runup_from_2019,0.3806814220586783
eu_l3,isco_level_2,AT,23,runup_from_2020,0.5794557767905714
eu_l3,isco_level_2,AT,23,runup_from_2019_mix,0.21693450278802642
eu_l3,isco_level_2,AT,23,runup_from_2019_pooled,0.21847032587873527
eu_l3,isco_level_2,AT,24,runup_from_2019,0.6078964503058916
eu_l3,isco_level_2,AT,24,runup_from_2020,0.7095643436481945
eu_l3,isco_level_2,AT,24,runup_from_2019_mix,0.2744490094861684
eu_l3,isco_level_2,AT,24,runup_from_2019_pooled,0.2514016893047965
eu_l3,isco_level_2,AT,25,runup_from_2019,0.3868732110035174
eu_l3,isco_level_2,AT,25,runup_from_2020,0.61110937528313
eu_l3,isco_level_2,AT,25,runup_from_2019_mix,0.2539246348770283
eu_l3,isco_level_2,AT,25,runup_from_2019_pooled,0.2598746776979377
eu_l3,isco_level_2,AT,26,runup_from_2019,0.4573687071337655
eu_l3,isco_level_2,AT,26,runup_from_2020,0.4041048628419545
eu_l3,isco_level_2,AT,26,runup_from_2019_mix,0.2034414491405045
eu_l3,isco_level_2,AT,26,runup_from_2019_pooled,0.2152636121063766
eu_l3,isco_level_2,AT,31,runup_from_2019,0.5010205045570144
eu_l3,isco_level_2,AT,31,runup_from_2020,0.7179540181496581
eu_l3,isco_level_2,AT,31,runup_from_2019_mix,0.22936023783645684
eu_l3,isco_level_2,AT,31,runup_from_2019_pooled,0.2276955086746763
eu_l3,isco_level_2,AT,32,runup_from_2019,0.285282537447846
eu_l3,isco_level_2,AT,32,runup_from_2020,0.3894412212384286
eu_l3,isco_level_2,AT,32,runup_from_2019_mix,0.17671523604730519
eu_l3,isco_level_2,AT,32,runup_from_2019_pooled,0.173028653055236
eu_l3,isco_level_2,AT,33,runup_from_2019,0.53295088578379
eu_l3,isco_level_2,AT,33,runup_from_2020,0.6636799571575324
eu_l3,isco_level_2,AT,33,runup_from_2019_mix,0.23716937420274067
eu_l3,isco_level_2,AT,33,runup_from_2019_pooled,0.24331163690461108
eu_l3,isco_level_2,AT,34,runup_from_2019,0.3486584040303451
eu_l3,isco_level_2,AT,34,runup_from_2020,0.35149301172384523
eu_l3,isco_level_2,AT,34,runup_from_2019_mix,0.18108817392118068
eu_l3,isco_level_2,AT,34,runup_from_2019_pooled,0.1917560116138421
eu_l3,isco_level_2,AT,35,runup_from_2019,0.2151113796169455
eu_l3,isco_level_2,AT,35,runup_from_2020,0.4672424678044076
eu_l3,isco_level_2,AT,35,runup_from_2019_mix,0.26319105244348484
eu_l3,isco_level_2,AT,35,runup_from_2019_pooled,0.25033411023201657
eu_l3,isco_level_2,AT,41,runup_from_2019,0.4742022738319396
eu_l3,isco_level_2,AT,41,runup_from_2020,0.6273522529847623
eu_l3,isco_level_2,AT,41,runup_from_2019_mix,0.22256325941174898
eu_l3,isco_level_2,AT,41,runup_from_2019_pooled,0.22007888890575802
eu_l3,isco_level_2,AT,42,runup_from_2019,0.6307610642140971
eu_l3,isco_level_2,AT,42,runup_from_2020,0.7835727895652116
eu_l3,isco_level_2,AT,42,runup_from_2019_mix,0.2944877119914797
eu_l3,isco_level_2,AT,42,runup_from_2019_pooled,0.2562536313099383
eu_l3,isco_level_2,AT,43,runup_from_2019,0.6047253203890157
eu_l3,isco_level_2,AT,43,runup_from_2020,0.8116689833430417
eu_l3,isco_level_2,AT,43,runup_from_2019_mix,0.2495867033190266
eu_l3,isco_level_2,AT,43,runup_from_2019_pooled,0.23458491600751655
eu_l3,isco_level_2,AT,44,runup_from_2019,0.5596157879354227
eu_l3,isco_level_2,AT,44,runup_from_2020,0.9968295943581674
eu_l3,isco_level_2,AT,44,runup_from_2019_mix,0.22825865198098017
eu_l3,isco_level_2,AT,44,runup_from_2019_pooled,0.22342473279847286
eu_l3,isco_level_2,AT,51,runup_from_2019,0.5492788816318974
eu_l3,isco_level_2,AT,51,runup_from_2020,0.5962485496517388
eu_l3,isco_level_2,AT,51,runup_from_2019_mix,0.2522748540656307
eu_l3,isco_level_2,AT,51,runup_from_2019_pooled,0.238314812334843
eu_l3,isco_level_2,AT,52,runup_from_2019,0.4849452599336753
eu_l3,isco_level_2,AT,52,runup_from_2020,0.6690856242671357
eu_l3,isco_level_2,AT,52,runup_from_2019_mix,0.22614623718765559
eu_l3,isco_level_2,AT,52,runup_from_2019_pooled,0.22638151495911119
eu_l3,isco_level_2,AT,53,runup_from_2019,0.15078821547618826
eu_l3,isco_level_2,AT,53,runup_from_2020,0.3396846484061884
eu_l3,isco_level_2,AT,53,runup_from_2019_mix,0.17371227241544906
eu_l3,isco_level_2,AT,53,runup_from_2019_pooled,0.168589853474218
eu_l3,isco_level_2,AT,54,runup_from_2019,0.4560991774896657
eu_l3,isco_level_2,AT,54,runup_from_2020,0.6324240298071574
eu_l3,isco_level_2,AT,54,runup_from_2019_mix,0.22063249724339665
eu_l3,isco_level_2,AT,54,runup_from_2019_pooled,0.2271638342216441
eu_l3,isco_level_2,AT,71,runup_from_2019,0.30610280532186707
eu_l3,isco_level_2,AT,71,runup_from_2020,0.5007170147044644
eu_l3,isco_level_2,AT,71,runup_from_2019_mix,0.2044797347693064
eu_l3,isco_level_2,AT,71,runup_from_2019_pooled,0.20087113518437769
eu_l3,isco_level_2,AT,72,runup_from_2019,0.5422378591102625
eu_l3,isco_level_2,AT,72,runup_from_2020,0.7815378992105119
eu_l3,isco_level_2,AT,72,runup_from_2019_mix,0.22238565040286543
eu_l3,isco_level_2,AT,72,runup_from_2019_pooled,0.2167728606257869
eu_l3,isco_level_2,AT,73,runup_from_2019,0.618111994617031
eu_l3,isco_level_2,AT,73,runup_from_2020,0.8938178760220963
eu_l3,isco_level_2,AT,73,runup_from_2019_mix,0.22072107126613297
eu_l3,isco_level_2,AT,73,runup_from_2019_pooled,0.21952040503363573
eu_l3,isco_level_2,AT,74,runup_from_2019,0.40670017497783195
eu_l3,isco_level_2,AT,74,runup_from_2020,0.6262989280743584
eu_l3,isco_level_2,AT,74,runup_from_2019_mix,0.20634984980098592
eu_l3,isco_level_2,AT,74,runup_from_2019_pooled,0.21619110908262257
eu_l3,isco_level_2,AT,75,runup_from_2019,0.5436541622262991
eu_l3,isco_level_2,AT,75,runup_from_2020,0.7870747408372921
eu_l3,isco_level_2,AT,75,runup_from_2019_mix,0.21757402003459794
eu_l3,isco_level_2,AT,75,runup_from_2019_pooled,0.21738428807614973
eu_l3,isco_level_2,AT,81,runup_from_2019,0.618111994617031
eu_l3,isco_level_2,AT,81,runup_from_2020,0.8938178760220963
eu_l3,isco_level_2,AT,81,runup_from_2019_mix,0.22072107126613294
eu_l3,isco_level_2,AT,81,runup_from_2019_pooled,0.21652054400345797
eu_l3,isco_level_2,AT,82,runup_from_2019,0.618111994617031
eu_l3,isco_level_2,AT,82,runup_from_2020,0.8938178760220963
eu_l3,isco_level_2,AT,82,runup_from_2019_mix,0.22072107126613294
eu_l3,isco_level_2,AT,82,runup_from_2019_pooled,0.21989440056919204
eu_l3,isco_level_2,AT,83,runup_from_2019,0.5163365711862984
eu_l3,isco_level_2,AT,83,runup_from_2020,0.868033610484796
eu_l3,isco_level_2,AT,83,runup_from_2019_mix,0.22192461936362956
eu_l3,isco_level_2,AT,83,runup_from_2019_pooled,0.20902411239158486
eu_l3,isco_level_2,AT,91,runup_from_2019,0.36656581825391177
eu_l3,isco_level_2,AT,91,runup_from_2020,0.5332008954541505
eu_l3,isco_level_2,AT,91,runup_from_2019_mix,0.25200219479707486
eu_l3,isco_level_2,AT,91,runup_from_2019_pooled,0.2330230761849543
eu_l3,isco_level_2,AT,93,runup_from_2019,0.5136027173680837
eu_l3,isco_level_2,AT,93,runup_from_2020,0.7571218343705867
eu_l3,isco_level_2,AT,93,runup_from_2019_mix,0.214938207095132
eu_l3,isco_level_2,AT,93,runup_from_2019_pooled,0.2150336288425011
eu_l3,isco_level_2,AT,94,runup_from_2019,0.42772151833559685
eu_l3,isco_level_2,AT,94,runup_from_2020,0.6794057827788895
eu_l3,isco_level_2,AT,94,runup_from_2019_mix,0.2712142019896244
eu_l3,isco_level_2,AT,94,runup_from_2019_pooled,0.2731603358466676
eu_l3,isco_level_2,AT,96,runup_from_2019,0.5401219932544216
eu_l3,isco_level_2,AT,96,runup_from_2020,0.6697998165629543
eu_l3,isco_level_2,AT,96,runup_from_2019_mix,0.1823215567939548
eu_l3,isco_level_2,AT,96,runup_from_2019_pooled,0.22864745822534405
eu_l3,isco_level_2,BE,11,runup_from_2019,0.32873164995842397
eu_l3,isco_level_2,BE,11,runup_from_2020,0.5254975389344555
eu_l3,isco_level_2,BE,11,runup_from_2019_vac,0.39486637231655414
eu_l3,isco_level_2,BE,11,runup_from_2019_mix,0.23325971375548835
eu_l3,isco_level_2,BE,11,runup_from_2019_pooled,0.22205715776995835
eu_l3,isco_level_2,BE,12,runup_from_2019,0.379490022262894
eu_l3,isco_level_2,BE,12,runup_from_2020,0.5394949244739334
eu_l3,isco_level_2,BE,12,runup_from_2019_vac,0.43561574423736377
eu_l3,isco_level_2,BE,12,runup_from_2019_mix,0.24280851042528448
eu_l3,isco_level_2,BE,12,runup_from_2019_pooled,0.24446408178875306
eu_l3,isco_level_2,BE,13,runup_from_2019,0.3217371379876954
eu_l3,isco_level_2,BE,13,runup_from_2020,0.44766768747449204
eu_l3,isco_level_2,BE,13,runup_from_2019_vac,0.3684515099121609
eu_l3,isco_level_2,BE,13,runup_from_2019_mix,0.22367324658851173
eu_l3,isco_level_2,BE,13,runup_from_2019_pooled,0.2130208675503039
eu_l3,isco_level_2,BE,14,runup_from_2019,0.3709515754094
eu_l3,isco_level_2,BE,14,runup_from_2020,0.6034300450304746
eu_l3,isco_level_2,BE,14,runup_from_2019_vac,0.36474089741059207
eu_l3,isco_level_2,BE,14,runup_from_2019_mix,0.2648763868201133
eu_l3,isco_level_2,BE,14,runup_from_2019_pooled,0.25317490005446597
eu_l3,isco_level_2,BE,21,runup_from_2019,0.33055959898632925
eu_l3,isco_level_2,BE,21,runup_from_2020,0.49030986653780717
eu_l3,isco_level_2,BE,21,runup_from_2019_vac,0.4064516363210639
eu_l3,isco_level_2,BE,21,runup_from_2019_mix,0.26111917437517773
eu_l3,isco_level_2,BE,21,runup_from_2019_pooled,0.25205294245025983
eu_l3,isco_level_2,BE,22,runup_from_2019,0.1626637163312879
eu_l3,isco_level_2,BE,22,runup_from_2020,0.2154832751103641
eu_l3,isco_level_2,BE,22,runup_from_2019_vac,0.26457883266481924
eu_l3,isco_level_2,BE,22,runup_from_2019_mix,0.1726032171966231
eu_l3,isco_level_2,BE,22,runup_from_2019_pooled,0.1721416170252814
eu_l3,isco_level_2,BE,23,runup_from_2019,0.2514895636254578
eu_l3,isco_level_2,BE,23,runup_from_2020,0.10521830338525828
eu_l3,isco_level_2,BE,23,runup_from_2019_vac,0.2201880615856583
eu_l3,isco_level_2,BE,23,runup_from_2019_mix,0.2195718618369709
eu_l3,isco_level_2,BE,23,runup_from_2019_pooled,0.21847032587873527
eu_l3,isco_level_2,BE,24,runup_from_2019,0.29804263348757914
eu_l3,isco_level_2,BE,24,runup_from_2020,0.5378728959809738
eu_l3,isco_level_2,BE,24,runup_from_2019_vac,0.3716010404302239
eu_l3,isco_level_2,BE,24,runup_from_2019_mix,0.2535648386837786
eu_l3,isco_level_2,BE,24,runup_from_2019_pooled,0.2514016893047965
eu_l3,isco_level_2,BE,25,runup_from_2019,0.3204690589783618
eu_l3,isco_level_2,BE,25,runup_from_2020,0.4971309649623989
eu_l3,isco_level_2,BE,25,runup_from_2019_vac,0.4282014607011829
eu_l3,isco_level_2,BE,25,runup_from_2019_mix,0.25541237881063406
eu_l3,isco_level_2,BE,25,runup_from_2019_pooled,0.2598746776979377
eu_l3,isco_level_2,BE,26,runup_from_2019,0.21096648010641886
eu_l3,isco_level_2,BE,26,runup_from_2020,0.42659797905426566
eu_l3,isco_level_2,BE,26,runup_from_2019_vac,0.3021052741430553
eu_l3,isco_level_2,BE,26,runup_from_2019_mix,0.21433881273333116
eu_l3,isco_level_2,BE,26,runup_from_2019_pooled,0.2152636121063766
eu_l3,isco_level_2,BE,31,runup_from_2019,0.4044748284616987
eu_l3,isco_level_2,BE,31,runup_from_2020,0.5167501568088717
eu_l3,isco_level_2,BE,31,runup_from_2019_vac,0.4533329548397469
eu_l3,isco_level_2,BE,31,runup_from_2019_mix,0.23445905569706904
eu_l3,isco_level_2,BE,31,runup_from_2019_pooled,0.2276955086746763
eu_l3,isco_level_2,BE,32,runup_from_2019,0.18435833395104675
eu_l3,isco_level_2,BE,32,runup_from_2020,0.23481189587234583
eu_l3,isco_level_2,BE,32,runup_from_2019_vac,0.28136913750883336
eu_l3,isco_level_2,BE,32,runup_from_2019_mix,0.1704372550956092
eu_l3,isco_level_2,BE,32,runup_from_2019_pooled,0.173028653055236
eu_l3,isco_level_2,BE,33,runup_from_2019,0.3342743661326943
eu_l3,isco_level_2,BE,33,runup_from_2020,0.5075975466407588
eu_l3,isco_level_2,BE,33,runup_from_2019_vac,0.3925521839654796
eu_l3,isco_level_2,BE,33,runup_from_2019_mix,0.23583042283152955
eu_l3,isco_level_2,BE,33,runup_from_2019_pooled,0.24331163690461108
eu_l3,isco_level_2,BE,34,runup_from_2019,0.16250670115537783
eu_l3,isco_level_2,BE,34,runup_from_2020,0.37714544554703133
eu_l3,isco_level_2,BE,34,runup_from_2019_vac,0.24612492407139575
eu_l3,isco_level_2,BE,34,runup_from_2019_mix,0.1911195112926606
eu_l3,isco_level_2,BE,34,runup_from_2019_pooled,0.1917560116138421
eu_l3,isco_level_2,BE,35,runup_from_2019,0.296526097248234
eu_l3,isco_level_2,BE,35,runup_from_2020,0.4557658465829635
eu_l3,isco_level_2,BE,35,runup_from_2019_vac,0.44038274856543325
eu_l3,isco_level_2,BE,35,runup_from_2019_mix,0.26319105244348484
eu_l3,isco_level_2,BE,35,runup_from_2019_pooled,0.25033411023201657
eu_l3,isco_level_2,BE,41,runup_from_2019,0.31971058782817385
eu_l3,isco_level_2,BE,41,runup_from_2020,0.4910912970472603
eu_l3,isco_level_2,BE,41,runup_from_2019_vac,0.38096656543033103
eu_l3,isco_level_2,BE,41,runup_from_2019_mix,0.2217656580099676
eu_l3,isco_level_2,BE,41,runup_from_2019_pooled,0.22007888890575802
eu_l3,isco_level_2,BE,42,runup_from_2019,0.3109153082937588
eu_l3,isco_level_2,BE,42,runup_from_2020,0.5344933217473218
eu_l3,isco_level_2,BE,42,runup_from_2019_vac,0.3829007513450326
eu_l3,isco_level_2,BE,42,runup_from_2019_mix,0.23334037001468838
eu_l3,isco_level_2,BE,42,runup_from_2019_pooled,0.2562536313099383
eu_l3,isco_level_2,BE,43,runup_from_2019,0.4047390608521396
eu_l3,isco_level_2,BE,43,runup_from_2020,0.5726575224296296
eu_l3,isco_level_2,BE,43,runup_from_2019_vac,0.450334776710534
eu_l3,isco_level_2,BE,43,runup_from_2019_mix,0.24038517214348165
eu_l3,isco_level_2,BE,43,runup_from_2019_pooled,0.23458491600751655
eu_l3,isco_level_2,BE,44,runup_from_2019,0.3091800152929895
eu_l3,isco_level_2,BE,44,runup_from_2020,0.658615827865231
eu_l3,isco_level_2,BE,44,runup_from_2019_vac,0.44096076382782123
eu_l3,isco_level_2,BE,44,runup_from_2019_mix,0.20712962927764897
eu_l3,isco_level_2,BE,44,runup_from_2019_pooled,0.22342473279847286
eu_l3,isco_level_2,BE,51,runup_from_2019,0.2283695989765656
eu_l3,isco_level_2,BE,51,runup_from_2020,0.6650127872692049
eu_l3,isco_level_2,BE,51,runup_from_2019_vac,0.2715090513753044
eu_l3,isco_level_2,BE,51,runup_from_2019_mix,0.23102639941231204
eu_l3,isco_level_2,BE,51,runup_from_2019_pooled,0.238314812334843
eu_l3,isco_level_2,BE,52,runup_from_2019,0.3936467916751165
eu_l3,isco_level_2,BE,52,runup_from_2020,0.495860416983418
eu_l3,isco_level_2,BE,52,runup_from_2019_vac,0.40736275377975634
eu_l3,isco_level_2,BE,52,runup_from_2019_mix,0.22149238554716283
eu_l3,isco_level_2,BE,52,runup_from_2019_pooled,0.22638151495911119
eu_l3,isco_level_2,BE,53,runup_from_2019,0.16035689041779103
eu_l3,isco_level_2,BE,53,runup_from_2020,0.1849003009824237
eu_l3,isco_level_2,BE,53,runup_from_2019_vac,0.24945109077002087
eu_l3,isco_level_2,BE,53,runup_from_2019_mix,0.1735375178119565
eu_l3,isco_level_2,BE,53,runup_from_2019_pooled,0.168589853474218
eu_l3,isco_level_2,BE,54,runup_from_2019,0.34538716759054333
eu_l3,isco_level_2,BE,54,runup_from_2020,0.4821804919545014
eu_l3,isco_level_2,BE,54,runup_from_2019_vac,0.40256773978500715
eu_l3,isco_level_2,BE,54,runup_from_2019_mix,0.23369522087259667
eu_l3,isco_level_2,BE,54,runup_from_2019_pooled,0.2271638342216441
eu_l3,isco_level_2,BE,71,runup_from_2019,0.2736516444723569
eu_l3,isco_level_2,BE,71,runup_from_2020,0.4701896264825267
eu_l3,isco_level_2,BE,71,runup_from_2019_vac,0.31495262048037337
eu_l3,isco_level_2,BE,71,runup_from_2019_mix,0.19677409984135572
eu_l3,isco_level_2,BE,71,runup_from_2019_pooled,0.20087113518437769
eu_l3,isco_level_2,BE,72,runup_from_2019,0.47545333507933135
eu_l3,isco_level_2,BE,72,runup_from_2020,0.5291785853192489
eu_l3,isco_level_2,BE,72,runup_from_2019_vac,0.508118442256499
eu_l3,isco_level_2,BE,72,runup_from_2019_mix,0.21679251934215
eu_l3,isco_level_2,BE,72,runup_from_2019_pooled,0.2167728606257869
eu_l3,isco_level_2,BE,73,runup_from_2019,0.5787368293822012
eu_l3,isco_level_2,BE,73,runup_from_2020,0.5787368293822012
eu_l3,isco_level_2,BE,73,runup_from_2019_vac,0.603988022610487
eu_l3,isco_level_2,BE,73,runup_from_2019_mix,0.22072107126613294
eu_l3,isco_level_2,BE,73,runup_from_2019_pooled,0.21952040503363573
eu_l3,isco_level_2,BE,74,runup_from_2019,0.32172892387027713
eu_l3,isco_level_2,BE,74,runup_from_2020,0.4856428395407062
eu_l3,isco_level_2,BE,74,runup_from_2019_vac,0.3652879085388841
eu_l3,isco_level_2,BE,74,runup_from_2019_mix,0.20711665449525518
eu_l3,isco_level_2,BE,74,runup_from_2019_pooled,0.21619110908262257
eu_l3,isco_level_2,BE,75,runup_from_2019,0.518385542143504
eu_l3,isco_level_2,BE,75,runup_from_2020,0.5424924293367127
eu_l3,isco_level_2,BE,75,runup_from_2019_vac,0.5391084338336078
eu_l3,isco_level_2,BE,75,runup_from_2019_mix,0.22051539026942818
eu_l3,isco_level_2,BE,75,runup_from_2019_pooled,0.21738428807614973
eu_l3,isco_level_2,BE,81,runup_from_2019,0.5363573790434519
eu_l3,isco_level_2,BE,81,runup_from_2020,0.5677755338494128
eu_l3,isco_level_2,BE,81,runup_from_2019_vac,0.5659543117782971
eu_l3,isco_level_2,BE,81,runup_from_2019_mix,0.21649024813680418
eu_l3,isco_level_2,BE,81,runup_from_2019_pooled,0.21652054400345797
eu_l3,isco_level_2,BE,82,runup_from_2019,0.5787368293822012
eu_l3,isco_level_2,BE,82,runup_from_2020,0.5787368293822012
eu_l3,isco_level_2,BE,82,runup_from_2019_vac,0.603988022610487
eu_l3,isco_level_2,BE,82,runup_from_2019_mix,0.22072107126613294
eu_l3,isco_level_2,BE,82,runup_from_2019_pooled,0.21989440056919204
eu_l3,isco_level_2,BE,83,runup_from_2019,0.35565918492630916
eu_l3,isco_level_2,BE,83,runup_from_2020,0.593642243479289
eu_l3,isco_level_2,BE,83,runup_from_2019_vac,0.46510924635072354
eu_l3,isco_level_2,BE,83,runup_from_2019_mix,0.21952015264096086
eu_l3,isco_level_2,BE,83,runup_from_2019_pooled,0.20902411239158486
eu_l3,isco_level_2,BE,91,runup_from_2019,0.28071965808891863
eu_l3,isco_level_2,BE,91,runup_from_2020,0.35344803919193196
eu_l3,isco_level_2,BE,91,runup_from_2019_vac,0.33683999758831823
eu_l3,isco_level_2,BE,91,runup_from_2019_mix,0.2547644093546944
eu_l3,isco_level_2,BE,91,runup_from_2019_pooled,0.2330230761849543
eu_l3,isco_level_2,BE,92,runup_from_2019,0.3454470983819114
eu_l3,isco_level_2,BE,92,runup_from_2020,0.3700183591124165
eu_l3,isco_level_2,BE,92,runup_from_2019_vac,0.3819080884094372
eu_l3,isco_level_2,BE,92,runup_from_2019_mix,0.15355817108393394
eu_l3,isco_level_2,BE,92,runup_from_2019_pooled,-0.12237825031757464
eu_l3,isco_level_2,BE,93,runup_from_2019,0.38669365534340644
eu_l3,isco_level_2,BE,93,runup_from_2020,0.4985658652586205
eu_l3,isco_level_2,BE,93,runup_from_2019_vac,0.44326090181156436
eu_l3,isco_level_2,BE,93,runup_from_2019_mix,0.21713149309942079
eu_l3,isco_level_2,BE,93,runup_from_2019_pooled,0.2150336288425011
eu_l3,isco_level_2,BE,94,runup_from_2019,0.33385404766404636
eu_l3,isco_level_2,BE,94,runup_from_2020,0.546073335674832
eu_l3,isco_level_2,BE,94,runup_from_2019_vac,0.33783989934987946
eu_l3,isco_level_2,BE,94,runup_from_2019_mix,0.27047230936595146
eu_l3,isco_level_2,BE,94,runup_from_2019_pooled,0.2731603358466676
eu_l3,isco_level_2,BE,96,runup_from_2019,0.3583075403444952
eu_l3,isco_level_2,BE,96,runup_from_2020,0.4162236955067444
eu_l3,isco_level_2,BE,96,runup_from_2019_vac,0.40655216371904107
eu_l3,isco_level_2,BE,96,runup_from_2019_mix,0.2043606736978401
eu_l3,isco_level_2,BE,96,runup_from_2019_pooled,0.22864745822534405
eu_l3,isco_level_2,BG,11,runup_from_2019,-0.4519851237430573
eu_l3,isco_level_2,BG,11,runup_from_2020,-0.3708595789306889
eu_l3,isco_level_2,BG,11,runup_from_2019_vac,-0.3524770220022599
eu_l3,isco_level_2,BG,11,runup_from_2019_mix,0.1823215567939548
eu_l3,isco_level_2,BG,11,runup_from_2019_pooled,0.22205715776995835
eu_l3,isco_level_2,BG,12,runup_from_2019,0.3503665272432749
eu_l3,isco_level_2,BG,12,runup_from_2020,0.3925797277293819
eu_l3,isco_level_2,BG,12,runup_from_2019_vac,0.40270011053840327
eu_l3,isco_level_2,BG,12,runup_from_2019_mix,0.2661594111852536
eu_l3,isco_level_2,BG,12,runup_from_2019_pooled,0.24446408178875306
eu_l3,isco_level_2,BG,13,runup_from_2019,-0.031092001850704987
eu_l3,isco_level_2,BG,13,runup_from_2020,0.1351678572993547
eu_l3,isco_level_2,BG,13,runup_from_2019_vac,-0.06334661392652753
eu_l3,isco_level_2,BG,13,runup_from_2019_mix,0.2122266448813147
eu_l3,isco_level_2,BG,13,runup_from_2019_pooled,0.2130208675503039
eu_l3,isco_level_2,BG,14,runup_from_2019,0.32105881716081935
eu_l3,isco_level_2,BG,14,runup_from_2020,0.5347843089268339
eu_l3,isco_level_2,BG,14,runup_from_2019_vac,0.2625354969872308
eu_l3,isco_level_2,BG,14,runup_from_2019_mix,0.24647602903060148
eu_l3,isco_level_2,BG,14,runup_from_2019_pooled,0.25317490005446597
eu_l3,isco_level_2,BG,21,runup_from_2019,-0.0431888442439946
eu_l3,isco_level_2,BG,21,runup_from_2020,0.03664088798886867
eu_l3,isco_level_2,BG,21,runup_from_2019_vac,-0.04658345667160167
eu_l3,isco_level_2,BG,21,runup_from_2019_mix,0.24160483046637385
eu_l3,isco_level_2,BG,21,runup_from_2019_pooled,0.25205294245025983
eu_l3,isco_level_2,BG,22,runup_from_2019,-0.047655454261197557
eu_l3,isco_level_2,BG,22,runup_from_2020,-0.025336105180697406
eu_l3,isco_level_2,BG,22,runup_from_2019_vac,-0.05690959921371907
eu_l3,isco_level_2,BG,22,runup_from_2019_mix,0.16674648852677595
eu_l3,isco_level_2,BG,22,runup_from_2019_pooled,0.1721416170252814
eu_l3,isco_level_2,BG,23,runup_from_2019,0
eu_l3,isco_level_2,BG,23,runup_from_2020,0.15415067982725827
eu_l3,isco_level_2,BG,23,runup_from_2019_vac,-0.00930239266231414
eu_l3,isco_level_2,BG,23,runup_from_2019_mix,0.22314355131420974
eu_l3,isco_level_2,BG,23,runup_from_2019_pooled,0.21847032587873527
eu_l3,isco_level_2,BG,24,runup_from_2019,-0.11224952931742771
eu_l3,isco_level_2,BG,24,runup_from_2020,-0.07170748743204133
eu_l3,isco_level_2,BG,24,runup_from_2019_vac,-0.06906366995638304
eu_l3,isco_level_2,BG,24,runup_from_2019_mix,0.24370497677864192
eu_l3,isco_level_2,BG,24,runup_from_2019_pooled,0.2514016893047965
eu_l3,isco_level_2,BG,25,runup_from_2019,0.6131044728864089
eu_l3,isco_level_2,BG,25,runup_from_2020,0.7801585575495751
eu_l3,isco_level_2,BG,25,runup_from_2019_vac,0.7750197149105579
eu_l3,isco_level_2,BG,25,runup_from_2019_mix,0.26319105244348484
eu_l3,isco_level_2,BG,25,runup_from_2019_pooled,0.2598746776979377
eu_l3,isco_level_2,BG,26,runup_from_2019,-0.014519902914961275
eu_l3,isco_level_2,BG,26,runup_from_2020,-0.0010062135298104487
eu_l3,isco_level_2,BG,26,runup_from_2019_vac,-0.019291287053008876
eu_l3,isco_level_2,BG,26,runup_from_2019_mix,0.21156048114079007
eu_l3,isco_level_2,BG,26,runup_from_2019_pooled,0.2152636121063766
eu_l3,isco_level_2,BG,31,runup_from_2019,-0.059494478509227906
eu_l3,isco_level_2,BG,31,runup_from_2020,0.08844776637028616
eu_l3,isco_level_2,BG,31,runup_from_2019_vac,-0.0877282738934116
eu_l3,isco_level_2,BG,31,runup_from_2019_mix,0.2421334901105448
eu_l3,isco_level_2,BG,31,runup_from_2019_pooled,0.2276955086746763
eu_l3,isco_level_2,BG,32,runup_from_2019,-0.10080469912196566
eu_l3,isco_level_2,BG,32,runup_from_2020,-0.0870113769896298
eu_l3,isco_level_2,BG,32,runup_from_2019_vac,-0.11119730388992632
eu_l3,isco_level_2,BG,32,runup_from_2019_mix,0.16126814759612235
eu_l3,isco_level_2,BG,32,runup_from_2019_pooled,0.173028653055236
eu_l3,isco_level_2,BG,33,runup_from_2019,0.027735694480790152
eu_l3,isco_level_2,BG,33,runup_from_2020,0.07341037702383921
eu_l3,isco_level_2,BG,33,runup_from_2019_vac,0.061522583277971415
eu_l3,isco_level_2,BG,33,runup_from_2019_mix,0.25185963234040454
eu_l3,isco_level_2,BG,33,runup_from_2019_pooled,0.24331163690461108
eu_l3,isco_level_2,BG,34,runup_from_2019,0.046520015634893
eu_l3,isco_level_2,BG,34,runup_from_2020,0.095310179804325
eu_l3,isco_level_2,BG,34,runup_from_2019_vac,-0.0968498259899171
eu_l3,isco_level_2,BG,34,runup_from_2019_mix,0.13230053187787538
eu_l3,isco_level_2,BG,34,runup_from_2019_pooled,0.1917560116138421
eu_l3,isco_level_2,BG,35,runup_from_2019,0.6131044728864089
eu_l3,isco_level_2,BG,35,runup_from_2020,0.7801585575495751
eu_l3,isco_level_2,BG,35,runup_from_2019_vac,0.7750197149105578
eu_l3,isco_level_2,BG,35,runup_from_2019_mix,0.26319105244348484
eu_l3,isco_level_2,BG,35,runup_from_2019_pooled,0.25033411023201657
eu_l3,isco_level_2,BG,41,runup_from_2019,-0.018108063513037113
eu_l3,isco_level_2,BG,41,runup_from_2020,0.07442217346189975
eu_l3,isco_level_2,BG,41,runup_from_2019_vac,0.03543582175823536
eu_l3,isco_level_2,BG,41,runup_from_2019_mix,0.20010154337374958
eu_l3,isco_level_2,BG,41,runup_from_2019_pooled,0.22007888890575802
eu_l3,isco_level_2,BG,42,runup_from_2019,-0.0736295097818379
eu_l3,isco_level_2,BG,42,runup_from_2020,0.08070280859319302
eu_l3,isco_level_2,BG,42,runup_from_2019_vac,-0.15006961581027708
eu_l3,isco_level_2,BG,42,runup_from_2019_mix,0.26890983261890383
eu_l3,isco_level_2,BG,42,runup_from_2019_pooled,0.2562536313099383
eu_l3,isco_level_2,BG,43,runup_from_2019,0.1766241047730218
eu_l3,isco_level_2,BG,43,runup_from_2020,0.3027577510752805
eu_l3,isco_level_2,BG,43,runup_from_2019_vac,0.16987508283433556
eu_l3,isco_level_2,BG,43,runup_from_2019_mix,0.21787384144649607
eu_l3,isco_level_2,BG,43,runup_from_2019_pooled,0.23458491600751655
eu_l3,isco_level_2,BG,44,runup_from_2019,-0.4519851237430573
eu_l3,isco_level_2,BG,44,runup_from_2020,-0.3708595789306889
eu_l3,isco_level_2,BG,44,runup_from_2019_vac,-0.35247702200225994
eu_l3,isco_level_2,BG,44,runup_from_2019_mix,0.1823215567939548
eu_l3,isco_level_2,BG,44,runup_from_2019_pooled,0.22342473279847286
eu_l3,isco_level_2,BG,51,runup_from_2019,0.011860400196320694
eu_l3,isco_level_2,BG,51,runup_from_2020,0.3421653987929797
eu_l3,isco_level_2,BG,51,runup_from_2019_vac,-0.1558064161906315
eu_l3,isco_level_2,BG,51,runup_from_2019_mix,0.2555072152004282
eu_l3,isco_level_2,BG,51,runup_from_2019_pooled,0.238314812334843
eu_l3,isco_level_2,BG,52,runup_from_2019,0.45333769082834463
eu_l3,isco_level_2,BG,52,runup_from_2020,0.5674303910554893
eu_l3,isco_level_2,BG,52,runup_from_2019_vac,0.4503197450042835
eu_l3,isco_level_2,BG,52,runup_from_2019_mix,0.22172470935763852
eu_l3,isco_level_2,BG,52,runup_from_2019_pooled,0.22638151495911119
eu_l3,isco_level_2,BG,53,runup_from_2019,-0.07964404327322246
eu_l3,isco_level_2,BG,53,runup_from_2020,-0.036387275806580556
eu_l3,isco_level_2,BG,53,runup_from_2019_vac,-0.08980779359917138
eu_l3,isco_level_2,BG,53,runup_from_2019_mix,0.17425686870719193
eu_l3,isco_level_2,BG,53,runup_from_2019_pooled,0.168589853474218
eu_l3,isco_level_2,BG,54,runup_from_2019,-0.09828549722594464
eu_l3,isco_level_2,BG,54,runup_from_2020,0.025151292237862957
eu_l3,isco_level_2,BG,54,runup_from_2019_vac,-0.06766209396777015
eu_l3,isco_level_2,BG,54,runup_from_2019_mix,0.22827378599367468
eu_l3,isco_level_2,BG,54,runup_from_2019_pooled,0.2271638342216441
eu_l3,isco_level_2,BG,61,runup_from_2019,0.24116205681688802
eu_l3,isco_level_2,BG,61,runup_from_2020,0.44183275227903934
eu_l3,isco_level_2,BG,61,runup_from_2019_vac,0.22076291270805196
eu_l3,isco_level_2,BG,61,runup_from_2019_mix,-0.19415601444095743
eu_l3,isco_level_2,BG,61,runup_from_2019_pooled,-0.13423809506910198
eu_l3,isco_level_2,BG,62,runup_from_2019,0.24116205681688802
eu_l3,isco_level_2,BG,62,runup_from_2020,0.4418327522790393
eu_l3,isco_level_2,BG,62,runup_from_2019_vac,0.22076291270805193
eu_l3,isco_level_2,BG,62,runup_from_2019_mix,-0.19415601444095745
eu_l3,isco_level_2,BG,62,runup_from_2019_pooled,-0.1902438371621748
eu_l3,isco_level_2,BG,71,runup_from_2019,-0.09852555426744104
eu_l3,isco_level_2,BG,71,runup_from_2020,0.019899571740952138
eu_l3,isco_level_2,BG,71,runup_from_2019_vac,-0.11146650508655366
eu_l3,isco_level_2,BG,71,runup_from_2019_mix,0.19994595675567586
eu_l3,isco_level_2,BG,71,runup_from_2019_pooled,0.20087113518437769
eu_l3,isco_level_2,BG,72,runup_from_2019,0.22164234206251554
eu_l3,isco_level_2,BG,72,runup_from_2020,0.39645160228663273
eu_l3,isco_level_2,BG,72,runup_from_2019_vac,0.1851747520524044
eu_l3,isco_level_2,BG,72,runup_from_2019_mix,0.22046785708012492
eu_l3,isco_level_2,BG,72,runup_from_2019_pooled,0.2167728606257869
eu_l3,isco_level_2,BG,73,runup_from_2019,0.04879016416943199
eu_l3,isco_level_2,BG,73,runup_from_2020,0.27193371548364176
eu_l3,isco_level_2,BG,73,runup_from_2019_vac,-0.014334308745814539
eu_l3,isco_level_2,BG,73,runup_from_2019_mix,0.22072107126613294
eu_l3,isco_level_2,BG,73,runup_from_2019_pooled,0.21952040503363573
eu_l3,isco_level_2,BG,74,runup_from_2019,-0.08348912403547343
eu_l3,isco_level_2,BG,74,runup_from_2020,0.0694547836382241
eu_l3,isco_level_2,BG,74,runup_from_2019_vac,-0.10789224039076589
eu_l3,isco_level_2,BG,74,runup_from_2019_mix,0.25447998684248296
eu_l3,isco_level_2,BG,74,runup_from_2019_pooled,0.21619110908262257
eu_l3,isco_level_2,BG,75,runup_from_2019,0.04879016416943199
eu_l3,isco_level_2,BG,75,runup_from_2020,0.27193371548364176
eu_l3,isco_level_2,BG,75,runup_from_2019_vac,-0.014334308745814539
eu_l3,isco_level_2,BG,75,runup_from_2019_mix,0.22072107126613294
eu_l3,isco_level_2,BG,75,runup_from_2019_pooled,0.21738428807614973
eu_l3,isco_level_2,BG,81,runup_from_2019,0.04879016416943199
eu_l3,isco_level_2,BG,81,runup_from_2020,0.27193371548364176
eu_l3,isco_level_2,BG,81,runup_from_2019_vac,-0.014334308745814539
eu_l3,isco_level_2,BG,81,runup_from_2019_mix,0.22072107126613294
eu_l3,isco_level_2,BG,81,runup_from_2019_pooled,0.21652054400345797
eu_l3,isco_level_2,BG,82,runup_from_2019,0.015394835410482961
eu_l3,isco_level_2,BG,82,runup_from_2020,0.21828799171400975
eu_l3,isco_level_2,BG,82,runup_from_2019_vac,-0.03842850837480039
eu_l3,isco_level_2,BG,82,runup_from_2019_mix,0.2163854496004873
eu_l3,isco_level_2,BG,82,runup_from_2019_pooled,0.21989440056919204
eu_l3,isco_level_2,BG,83,runup_from_2019,0.038341308130079826
eu_l3,isco_level_2,BG,83,runup_from_2020,0.14750912613287842
eu_l3,isco_level_2,BG,83,runup_from_2019_vac,0.0214859798933701
eu_l3,isco_level_2,BG,83,runup_from_2019_mix,0.17098866814126615
eu_l3,isco_level_2,BG,83,runup_from_2019_pooled,0.20902411239158486
eu_l3,isco_level_2,BG,91,runup_from_2019,0.11454598238518357
eu_l3,isco_level_2,BG,91,runup_from_2020,0.3278760252862478
eu_l3,isco_level_2,BG,91,runup_from_2019_vac,0.060528223981824024
eu_l3,isco_level_2,BG,91,runup_from_2019_mix,0.26643660920394086
eu_l3,isco_level_2,BG,91,runup_from_2019_pooled,0.2330230761849543
eu_l3,isco_level_2,BG,92,runup_from_2019,0.241162056816888
eu_l3,isco_level_2,BG,92,runup_from_2020,0.44183275227903934
eu_l3,isco_level_2,BG,92,runup_from_2019_vac,0.22076291270805193
eu_l3,isco_level_2,BG,92,runup_from_2019_mix,-0.19415601444095743
eu_l3,isco_level_2,BG,92,runup_from_2019_pooled,-0.12237825031757464
eu_l3,isco_level_2,BG,93,runup_from_2019,-0.045569806605251846
eu_l3,isco_level_2,BG,93,runup_from_2020,0.10267600609292649
eu_l3,isco_level_2,BG,93,runup_from_2019_vac,-0.07377882375781747
eu_l3,isco_level_2,BG,93,runup_from_2019_mix,0.20585079746981544
eu_l3,isco_level_2,BG,93,runup_from_2019_pooled,0.2150336288425011
eu_l3,isco_level_2,BG,94,runup_from_2019,0
eu_l3,isco_level_2,BG,94,runup_from_2020,0.4473122180436647
eu_l3,isco_level_2,BG,94,runup_from_2019_vac,-0.18862718252724697
eu_l3,isco_level_2,BG,94,runup_from_2019_mix,0.30332234176825773
eu_l3,isco_level_2,BG,94,runup_from_2019_pooled,0.2731603358466676
eu_l3,isco_level_2,BG,96,runup_from_2019,0.11314990333660853
eu_l3,isco_level_2,BG,96,runup_from_2020,0.26926508154053597
eu_l3,isco_level_2,BG,96,runup_from_2019_vac,0.09338690272459449
eu_l3,isco_level_2,BG,96,runup_from_2019_mix,0.18914000133936423
eu_l3,isco_level_2,BG,96,runup_from_2019_pooled,0.22864745822534405
eu_l3,isco_level_2,CY,11,runup_from_2019,0.6151856390902334
eu_l3,isco_level_2,CY,11,runup_from_2020,0.013605652055778681
eu_l3,isco_level_2,CY,11,runup_from_2019_vac,0.8568673114033549
eu_l3,isco_level_2,CY,11,runup_from_2019_mix,0.1823215567939548
eu_l3,isco_level_2,CY,11,runup_from_2019_pooled,0.22205715776995835
eu_l3,isco_level_2,CY,12,runup_from_2019,0.2907839126238923
eu_l3,isco_level_2,CY,12,runup_from_2020,0.6446996900196194
eu_l3,isco_level_2,CY,12,runup_from_2019_vac,0.4312035489461632
eu_l3,isco_level_2,CY,12,runup_from_2019_mix,0.27950855267223584
eu_l3,isco_level_2,CY,12,runup_from_2019_pooled,0.24446408178875306
eu_l3,isco_level_2,CY,13,runup_from_2019,0.23707417261043962
eu_l3,isco_level_2,CY,13,runup_from_2020,0.34015066456958015
eu_l3,isco_level_2,CY,13,runup_from_2019_vac,0.39413187204636996
eu_l3,isco_level_2,CY,13,runup_from_2019_mix,0.2500312855172406
eu_l3,isco_level_2,CY,13,runup_from_2019_pooled,0.2130208675503039
eu_l3,isco_level_2,CY,14,runup_from_2019,0.345969669936811
eu_l3,isco_level_2,CY,14,runup_from_2020,0.6376657044509895
eu_l3,isco_level_2,CY,14,runup_from_2019_vac,0.44974546089943535
eu_l3,isco_level_2,CY,14,runup_from_2019_mix,0.25006262113322475
eu_l3,isco_level_2,CY,14,runup_from_2019_pooled,0.25317490005446597
eu_l3,isco_level_2,CY,21,runup_from_2019,0.15304123636296724
eu_l3,isco_level_2,CY,21,runup_from_2020,0.22496758285955193
eu_l3,isco_level_2,CY,21,runup_from_2019_vac,0.34905582993200307
eu_l3,isco_level_2,CY,21,runup_from_2019_mix,0.2554705606658207
eu_l3,isco_level_2,CY,21,runup_from_2019_pooled,0.25205294245025983
eu_l3,isco_level_2,CY,22,runup_from_2019,-0.11755913379542678
eu_l3,isco_level_2,CY,22,runup_from_2020,-0.31003351757408826
eu_l3,isco_level_2,CY,22,runup_from_2019_vac,-0.10622648424311244
eu_l3,isco_level_2,CY,22,runup_from_2019_mix,0.165793984571499
eu_l3,isco_level_2,CY,22,runup_from_2019_pooled,0.1721416170252814
eu_l3,isco_level_2,CY,23,runup_from_2019,0.3184537311185347
eu_l3,isco_level_2,CY,23,runup_from_2020,0.20067069546215133
eu_l3,isco_level_2,CY,23,runup_from_2019_vac,0.5240708505160114
eu_l3,isco_level_2,CY,23,runup_from_2019_mix,0.22314355131420974
eu_l3,isco_level_2,CY,23,runup_from_2019_pooled,0.21847032587873527
eu_l3,isco_level_2,CY,24,runup_from_2019,0.3850280488648592
eu_l3,isco_level_2,CY,24,runup_from_2020,0.5622912236953962
eu_l3,isco_level_2,CY,24,runup_from_2019_vac,0.5496662227070923
eu_l3,isco_level_2,CY,24,runup_from_2019_mix,0.2754989155160708
eu_l3,isco_level_2,CY,24,runup_from_2019_pooled,0.2514016893047965
eu_l3,isco_level_2,CY,25,runup_from_2019,0.3622441088434677
eu_l3,isco_level_2,CY,25,runup_from_2020,0.31239287406928773
eu_l3,isco_level_2,CY,25,runup_from_2019_vac,0.579765851510289
eu_l3,isco_level_2,CY,25,runup_from_2019_mix,0.26983182964974145
eu_l3,isco_level_2,CY,25,runup_from_2019_pooled,0.2598746776979377
eu_l3,isco_level_2,CY,26,runup_from_2019,0.3274812784374951
eu_l3,isco_level_2,CY,26,runup_from_2020,0.4806759551004227
eu_l3,isco_level_2,CY,26,runup_from_2019_vac,0.5014989877997431
eu_l3,isco_level_2,CY,26,runup_from_2019_mix,0.25768517664506785
eu_l3,isco_level_2,CY,26,runup_from_2019_pooled,0.2152636121063766
eu_l3,isco_level_2,CY,31,runup_from_2019,0.1833418336909818
eu_l3,isco_level_2,CY,31,runup_from_2020,0.18878360383198664
eu_l3,isco_level_2,CY,31,runup_from_2019_vac,0.3822986357379288
eu_l3,isco_level_2,CY,31,runup_from_2019_mix,0.2188702043998371
eu_l3,isco_level_2,CY,31,runup_from_2019_pooled,0.2276955086746763
eu_l3,isco_level_2,CY,32,runup_from_2019,-0.057032679285169335
eu_l3,isco_level_2,CY,32,runup_from_2020,-0.058245524754124686
eu_l3,isco_level_2,CY,32,runup_from_2019_vac,-0.020949376202622296
eu_l3,isco_level_2,CY,32,runup_from_2019_mix,0.18294452468871572
eu_l3,isco_level_2,CY,32,runup_from_2019_pooled,0.173028653055236
eu_l3,isco_level_2,CY,33,runup_from_2019,0.3369197584484001
eu_l3,isco_level_2,CY,33,runup_from_2020,0.5430347705146326
eu_l3,isco_level_2,CY,33,runup_from_2019_vac,0.48359768700518907
eu_l3,isco_level_2,CY,33,runup_from_2019_mix,0.2638838500260783
eu_l3,isco_level_2,CY,33,runup_from_2019_pooled,0.24331163690461108
eu_l3,isco_level_2,CY,34,runup_from_2019,0.09277842478849405
eu_l3,isco_level_2,CY,34,runup_from_2020,0.6291493473193047
eu_l3,isco_level_2,CY,34,runup_from_2019_vac,0.23363607730590535
eu_l3,isco_level_2,CY,34,runup_from_2019_mix,0.19241369023522265
eu_l3,isco_level_2,CY,34,runup_from_2019_pooled,0.1917560116138421
eu_l3,isco_level_2,CY,35,runup_from_2019,0.3746934494414107
eu_l3,isco_level_2,CY,35,runup_from_2020,0.2231435513142097
eu_l3,isco_level_2,CY,35,runup_from_2019_vac,0.629509154755624
eu_l3,isco_level_2,CY,35,runup_from_2019_mix,0.26319105244348484
eu_l3,isco_level_2,CY,35,runup_from_2019_pooled,0.25033411023201657
eu_l3,isco_level_2,CY,41,runup_from_2019,0.26394149283734925
eu_l3,isco_level_2,CY,41,runup_from_2020,0.4043655571897102
eu_l3,isco_level_2,CY,41,runup_from_2019_vac,0.4325980480992546
eu_l3,isco_level_2,CY,41,runup_from_2019_mix,0.23503520667063815
eu_l3,isco_level_2,CY,41,runup_from_2019_pooled,0.22007888890575802
eu_l3,isco_level_2,CY,42,runup_from_2019,0.28317074723937374
eu_l3,isco_level_2,CY,42,runup_from_2020,0.61005293776012
eu_l3,isco_level_2,CY,42,runup_from_2019_vac,0.4224452875081081
eu_l3,isco_level_2,CY,42,runup_from_2019_mix,0.2526570119294332
eu_l3,isco_level_2,CY,42,runup_from_2019_pooled,0.2562536313099383
eu_l3,isco_level_2,CY,43,runup_from_2019,0.2917623190702117
eu_l3,isco_level_2,CY,43,runup_from_2020,0.5569351623313479
eu_l3,isco_level_2,CY,43,runup_from_2019_vac,0.42712146556670866
eu_l3,isco_level_2,CY,43,runup_from_2019_mix,0.25134180090953134
eu_l3,isco_level_2,CY,43,runup_from_2019_pooled,0.23458491600751655
eu_l3,isco_level_2,CY,44,runup_from_2019,1.16141318990714
eu_l3,isco_level_2,CY,44,runup_from_2020,1.6094379124341003
eu_l3,isco_level_2,CY,44,runup_from_2019_vac,1.2942378110884265
eu_l3,isco_level_2,CY,44,runup_from_2019_mix,0.22825865198098017
eu_l3,isco_level_2,CY,44,runup_from_2019_pooled,0.22342473279847286
eu_l3,isco_level_2,CY,51,runup_from_2019,0.48247313588761914
eu_l3,isco_level_2,CY,51,runup_from_2020,0.7493423609368981
eu_l3,isco_level_2,CY,51,runup_from_2019_vac,0.608617992853516
eu_l3,isco_level_2,CY,51,runup_from_2019_mix,0.24318708163068276
eu_l3,isco_level_2,CY,51,runup_from_2019_pooled,0.238314812334843
eu_l3,isco_level_2,CY,52,runup_from_2019,0.11857740764600645
eu_l3,isco_level_2,CY,52,runup_from_2020,0.4990068041483791
eu_l3,isco_level_2,CY,52,runup_from_2019_vac,0.2118407861537984
eu_l3,isco_level_2,CY,52,runup_from_2019_mix,0.22546143460173448
eu_l3,isco_level_2,CY,52,runup_from_2019_pooled,0.22638151495911119
eu_l3,isco_level_2,CY,53,runup_from_2019,0.18175623210993608
eu_l3,isco_level_2,CY,53,runup_from_2020,-0.10971311763602726
eu_l3,isco_level_2,CY,53,runup_from_2019_vac,0.3036535337470841
eu_l3,isco_level_2,CY,53,runup_from_2019_mix,0.18488358691902834
eu_l3,isco_level_2,CY,53,runup_from_2019_pooled,0.168589853474218
eu_l3,isco_level_2,CY,54,runup_from_2019,0.5170169550822303
eu_l3,isco_level_2,CY,54,runup_from_2020,0.24461375046169098
eu_l3,isco_level_2,CY,54,runup_from_2019_vac,0.7642806965304916
eu_l3,isco_level_2,CY,54,runup_from_2019_mix,0.17736072233371364
eu_l3,isco_level_2,CY,54,runup_from_2019_pooled,0.2271638342216441
eu_l3,isco_level_2,CY,71,runup_from_2019,-0.4196905528869906
eu_l3,isco_level_2,CY,71,runup_from_2020,-0.4732148608740495
eu_l3,isco_level_2,CY,71,runup_from_2019_vac,-0.20459165092806153
eu_l3,isco_level_2,CY,71,runup_from_2019_mix,0.1993319771324083
eu_l3,isco_level_2,CY,71,runup_from_2019_pooled,0.20087113518437769
eu_l3,isco_level_2,CY,72,runup_from_2019,0.07446676091561019
eu_l3,isco_level_2,CY,72,runup_from_2020,0.3079218541687844
eu_l3,isco_level_2,CY,72,runup_from_2019_vac,0.18514212768469315
eu_l3,isco_level_2,CY,72,runup_from_2019_mix,0.21759626980995425
eu_l3,isco_level_2,CY,72,runup_from_2019_pooled,0.2167728606257869
eu_l3,isco_level_2,CY,73,runup_from_2019,-0.049596941139372186
eu_l3,isco_level_2,CY,73,runup_from_2020,0.017094433359300165
eu_l3,isco_level_2,CY,73,runup_from_2019_vac,0.07277749668212419
eu_l3,isco_level_2,CY,73,runup_from_2019_mix,0.22072107126613294
eu_l3,isco_level_2,CY,73,runup_from_2019_pooled,0.21952040503363573
eu_l3,isco_level_2,CY,74,runup_from_2019,-0.28110685682294134
eu_l3,isco_level_2,CY,74,runup_from_2020,-0.21956450409670233
eu_l3,isco_level_2,CY,74,runup_from_2019_vac,-0.08076438322885288
eu_l3,isco_level_2,CY,74,runup_from_2019_mix,0.21312058788669364
eu_l3,isco_level_2,CY,74,runup_from_2019_pooled,0.21619110908262257
eu_l3,isco_level_2,CY,75,runup_from_2019,0.0010096142987117093
eu_l3,isco_level_2,CY,75,runup_from_2020,0.2094492623124123
eu_l3,isco_level_2,CY,75,runup_from_2019_vac,0.11002121262879871
eu_l3,isco_level_2,CY,75,runup_from_2019_mix,0.22046864458835894
eu_l3,isco_level_2,CY,75,runup_from_2019_pooled,0.21738428807614973
eu_l3,isco_level_2,CY,81,runup_from_2019,-0.049596941139372186
eu_l3,isco_level_2,CY,81,runup_from_2020,0.017094433359300165
eu_l3,isco_level_2,CY,81,runup_from_2019_vac,0.07277749668212419
eu_l3,isco_level_2,CY,81,runup_from_2019_mix,0.22072107126613294
eu_l3,isco_level_2,CY,81,runup_from_2019_pooled,0.21652054400345797
eu_l3,isco_level_2,CY,83,runup_from_2019,0.39700463879713527
eu_l3,isco_level_2,CY,83,runup_from_2020,0.6813020506349873
eu_l3,isco_level_2,CY,83,runup_from_2019_vac,0.5288617727810068
eu_l3,isco_level_2,CY,83,runup_from_2019_mix,0.22146783917289597
eu_l3,isco_level_2,CY,83,runup_from_2019_pooled,0.20902411239158486
eu_l3,isco_level_2,CY,91,runup_from_2019,0.11984848277537746
eu_l3,isco_level_2,CY,91,runup_from_2020,0.5705229107239266
eu_l3,isco_level_2,CY,91,runup_from_2019_vac,0.2585049017500876
eu_l3,isco_level_2,CY,91,runup_from_2019_mix,0.19390703184938907
eu_l3,isco_level_2,CY,91,runup_from_2019_pooled,0.2330230761849543
eu_l3,isco_level_2,CY,93,runup_from_2019,-0.12037586492394957
eu_l3,isco_level_2,CY,93,runup_from_2020,-0.014515993100940438
eu_l3,isco_level_2,CY,93,runup_from_2019_vac,0.03822030513158907
eu_l3,isco_level_2,CY,93,runup_from_2019_mix,0.2112890980906739
eu_l3,isco_level_2,CY,93,runup_from_2019_pooled,0.2150336288425011
eu_l3,isco_level_2,CY,94,runup_from_2019,0.8292793548845252
eu_l3,isco_level_2,CY,94,runup_from_2020,0.9049911766202217
eu_l3,isco_level_2,CY,94,runup_from_2019_vac,0.9580614958878719
eu_l3,isco_level_2,CY,94,runup_from_2019_mix,0.30332234176825773
eu_l3,isco_level_2,CY,94,runup_from_2019_pooled,0.2731603358466676
eu_l3,isco_level_2,CY,96,runup_from_2019,0.5834015741872898
eu_l3,isco_level_2,CY,96,runup_from_2020,0.6656507363157999
eu_l3,isco_level_2,CY,96,runup_from_2019_vac,0.7469570509325499
eu_l3,isco_level_2,CY,96,runup_from_2019_mix,0.23441125294458787
eu_l3,isco_level_2,CY,96,runup_from_2019_pooled,0.22864745822534405
eu_l3,isco_level_2,CZ,11,runup_from_2019,-0.27776815794688153
eu_l3,isco_level_2,CZ,11,runup_from_2020,-0.11778870560349507
eu_l3,isco_level_2,CZ,11,runup_from_2019_vac,-0.29271401141846737
eu_l3,isco_level_2,CZ,11,runup_from_2019_mix,0.2309036020342569
eu_l3,isco_level_2,CZ,11,runup_from_2019_pooled,0.22205715776995835
eu_l3,isco_level_2,CZ,12,runup_from_2019,-0.25844217169909267
eu_l3,isco_level_2,CZ,12,runup_from_2020,-0.10313963305992827
eu_l3,isco_level_2,CZ,12,runup_from_2019_vac,-0.27218077344784825
eu_l3,isco_level_2,CZ,12,runup_from_2019_mix,0.22889339400585312
eu_l3,isco_level_2,CZ,12,runup_from_2019_pooled,0.24446408178875306
eu_l3,isco_level_2,CZ,13,runup_from_2019,-0.214826317729496
eu_l3,isco_level_2,CZ,13,runup_from_2020,-0.04280469652649358
eu_l3,isco_level_2,CZ,13,runup_from_2019_vac,-0.22159635300462788
eu_l3,isco_level_2,CZ,13,runup_from_2019_mix,0.20845921894851108
eu_l3,isco_level_2,CZ,13,runup_from_2019_pooled,0.2130208675503039
eu_l3,isco_level_2,CZ,14,runup_from_2019,-0.26037056446356127
eu_l3,isco_level_2,CZ,14,runup_from_2020,-0.11543314793628366
eu_l3,isco_level_2,CZ,14,runup_from_2019_vac,-0.3016262309128196
eu_l3,isco_level_2,CZ,14,runup_from_2019_mix,0.25062188135735547
eu_l3,isco_level_2,CZ,14,runup_from_2019_pooled,0.25317490005446597
eu_l3,isco_level_2,CZ,21,runup_from_2019,-0.3551241382114441
eu_l3,isco_level_2,CZ,21,runup_from_2020,-0.17244102084549554
eu_l3,isco_level_2,CZ,21,runup_from_2019_vac,-0.36487639040226216
eu_l3,isco_level_2,CZ,21,runup_from_2019_mix,0.24257129534090832
eu_l3,isco_level_2,CZ,21,runup_from_2019_pooled,0.25205294245025983
eu_l3,isco_level_2,CZ,22,runup_from_2019,-0.35143175733609455
eu_l3,isco_level_2,CZ,22,runup_from_2020,0.01204634235708549
eu_l3,isco_level_2,CZ,22,runup_from_2019_vac,-0.3143095702329483
eu_l3,isco_level_2,CZ,22,runup_from_2019_mix,0.17208457315738446
eu_l3,isco_level_2,CZ,22,runup_from_2019_pooled,0.1721416170252814
eu_l3,isco_level_2,CZ,23,runup_from_2019,-0.38581265774792173
eu_l3,isco_level_2,CZ,23,runup_from_2020,-0.2627639544276094
eu_l3,isco_level_2,CZ,23,runup_from_2019_vac,-0.2778098014273727
eu_l3,isco_level_2,CZ,23,runup_from_2019_mix,0.22079038087473554
eu_l3,isco_level_2,CZ,23,runup_from_2019_pooled,0.21847032587873527
eu_l3,isco_level_2,CZ,24,runup_from_2019,-0.3324305490038172
eu_l3,isco_level_2,CZ,24,runup_from_2020,-0.13619310548227465
eu_l3,isco_level_2,CZ,24,runup_from_2019_vac,-0.32674528807087744
eu_l3,isco_level_2,CZ,24,runup_from_2019_mix,0.26182925990989625
eu_l3,isco_level_2,CZ,24,runup_from_2019_pooled,0.2514016893047965
eu_l3,isco_level_2,CZ,25,runup_from_2019,-0.07187132575617976
eu_l3,isco_level_2,CZ,25,runup_from_2020,-0.011898917748286848
eu_l3,isco_level_2,CZ,25,runup_from_2019_vac,-5.08067237932464e-4
eu_l3,isco_level_2,CZ,25,runup_from_2019_mix,0.25569476309444794
eu_l3,isco_level_2,CZ,25,runup_from_2019_pooled,0.2598746776979377
eu_l3,isco_level_2,CZ,26,runup_from_2019,-0.397704988153595
eu_l3,isco_level_2,CZ,26,runup_from_2020,-0.193926048357659
eu_l3,isco_level_2,CZ,26,runup_from_2019_vac,-0.3854547157831263
eu_l3,isco_level_2,CZ,26,runup_from_2019_mix,0.23497192261994926
eu_l3,isco_level_2,CZ,26,runup_from_2019_pooled,0.2152636121063766
eu_l3,isco_level_2,CZ,31,runup_from_2019,-0.19949510895234773
eu_l3,isco_level_2,CZ,31,runup_from_2020,-0.03753594373464365
eu_l3,isco_level_2,CZ,31,runup_from_2019_vac,-0.23059090435693388
eu_l3,isco_level_2,CZ,31,runup_from_2019_mix,0.21320935800565008
eu_l3,isco_level_2,CZ,31,runup_from_2019_pooled,0.2276955086746763
eu_l3,isco_level_2,CZ,32,runup_from_2019,-0.3252031283101757
eu_l3,isco_level_2,CZ,32,runup_from_2020,0.025256641282432886
eu_l3,isco_level_2,CZ,32,runup_from_2019_vac,-0.29828252154983254
eu_l3,isco_level_2,CZ,32,runup_from_2019_mix,0.17086745271747425
eu_l3,isco_level_2,CZ,32,runup_from_2019_pooled,0.173028653055236
eu_l3,isco_level_2,CZ,33,runup_from_2019,-0.3037902430240793
eu_l3,isco_level_2,CZ,33,runup_from_2020,-0.1109342528258849
eu_l3,isco_level_2,CZ,33,runup_from_2019_vac,-0.3081344546060174
eu_l3,isco_level_2,CZ,33,runup_from_2019_mix,0.23377361671108057
eu_l3,isco_level_2,CZ,33,runup_from_2019_pooled,0.24331163690461108
eu_l3,isco_level_2,CZ,34,runup_from_2019,-0.3596320299312956
eu_l3,isco_level_2,CZ,34,runup_from_2020,-0.14850407114085204
eu_l3,isco_level_2,CZ,34,runup_from_2019_vac,-0.36539545331806744
eu_l3,isco_level_2,CZ,34,runup_from_2019_mix,0.2128983509423316
eu_l3,isco_level_2,CZ,34,runup_from_2019_pooled,0.1917560116138421
eu_l3,isco_level_2,CZ,35,runup_from_2019,-0.09098416435189494
eu_l3,isco_level_2,CZ,35,runup_from_2020,-0.006190444079001902
eu_l3,isco_level_2,CZ,35,runup_from_2019_vac,-0.04285982106824576
eu_l3,isco_level_2,CZ,35,runup_from_2019_mix,0.24621580061379228
eu_l3,isco_level_2,CZ,35,runup_from_2019_pooled,0.25033411023201657
eu_l3,isco_level_2,CZ,41,runup_from_2019,-0.28656846176366846
eu_l3,isco_level_2,CZ,41,runup_from_2020,-0.11279505955239061
eu_l3,isco_level_2,CZ,41,runup_from_2019_vac,-0.3014056901704482
eu_l3,isco_level_2,CZ,41,runup_from_2019_mix,0.222877939024638
eu_l3,isco_level_2,CZ,41,runup_from_2019_pooled,0.22007888890575802
eu_l3,isco_level_2,CZ,42,runup_from_2019,-0.20142013653259064
eu_l3,isco_level_2,CZ,42,runup_from_2020,-0.06736136938263929
eu_l3,isco_level_2,CZ,42,runup_from_2019_vac,-0.25276296990190145
eu_l3,isco_level_2,CZ,42,runup_from_2019_mix,0.2545701473937589
eu_l3,isco_level_2,CZ,42,runup_from_2019_pooled,0.2562536313099383
eu_l3,isco_level_2,CZ,43,runup_from_2019,-0.20865495894360328
eu_l3,isco_level_2,CZ,43,runup_from_2020,-0.059119971888975026
eu_l3,isco_level_2,CZ,43,runup_from_2019_vac,-0.24051681884485918
eu_l3,isco_level_2,CZ,43,runup_from_2019_mix,0.22486267975831908
eu_l3,isco_level_2,CZ,43,runup_from_2019_pooled,0.23458491600751655
eu_l3,isco_level_2,CZ,44,runup_from_2019,-0.11445092950035574
eu_l3,isco_level_2,CZ,44,runup_from_2020,0.006079615912118066
eu_l3,isco_level_2,CZ,44,runup_from_2019_vac,-0.16462015241513112
eu_l3,isco_level_2,CZ,44,runup_from_2019_mix,0.2012101706344267
eu_l3,isco_level_2,CZ,44,runup_from_2019_pooled,0.22342473279847286
eu_l3,isco_level_2,CZ,51,runup_from_2019,-0.20411785205118976
eu_l3,isco_level_2,CZ,51,runup_from_2020,-0.07351588556188564
eu_l3,isco_level_2,CZ,51,runup_from_2019_vac,-0.25474917256657276
eu_l3,isco_level_2,CZ,51,runup_from_2019_mix,0.22544892424574944
eu_l3,isco_level_2,CZ,51,runup_from_2019_pooled,0.238314812334843
eu_l3,isco_level_2,CZ,52,runup_from_2019,-0.2559111875046703
eu_l3,isco_level_2,CZ,52,runup_from_2020,-0.09771128536418444
eu_l3,isco_level_2,CZ,52,runup_from_2019_vac,-0.2567963162428878
eu_l3,isco_level_2,CZ,52,runup_from_2019_mix,0.22187527066861268
eu_l3,isco_level_2,CZ,52,runup_from_2019_pooled,0.22638151495911119
eu_l3,isco_level_2,CZ,53,runup_from_2019,-0.3078183139200747
eu_l3,isco_level_2,CZ,53,runup_from_2020,-0.03830549243805455
eu_l3,isco_level_2,CZ,53,runup_from_2019_vac,-0.27902676487311096
eu_l3,isco_level_2,CZ,53,runup_from_2019_mix,0.16836912382584027
eu_l3,isco_level_2,CZ,53,runup_from_2019_pooled,0.168589853474218
eu_l3,isco_level_2,CZ,54,runup_from_2019,-0.28910332339566547
eu_l3,isco_level_2,CZ,54,runup_from_2020,-0.12861470808987843
eu_l3,isco_level_2,CZ,54,runup_from_2019_vac,-0.34005531784921056
eu_l3,isco_level_2,CZ,54,runup_from_2019_mix,0.21489371630629855
eu_l3,isco_level_2,CZ,54,runup_from_2019_pooled,0.2271638342216441
eu_l3,isco_level_2,CZ,61,runup_from_2019,-0.24030643554945874
eu_l3,isco_level_2,CZ,61,runup_from_2020,-0.3114570582539645
eu_l3,isco_level_2,CZ,61,runup_from_2019_vac,-0.364348396637322
eu_l3,isco_level_2,CZ,61,runup_from_2019_mix,-0.11450577744893264
eu_l3,isco_level_2,CZ,61,runup_from_2019_pooled,-0.13423809506910198
eu_l3,isco_level_2,CZ,62,runup_from_2019,-0.2297636564038159
eu_l3,isco_level_2,CZ,62,runup_from_2020,-0.34330178772687425
eu_l3,isco_level_2,CZ,62,runup_from_2019_vac,-0.3491292746500765
eu_l3,isco_level_2,CZ,62,runup_from_2019_mix,-0.19415601444095743
eu_l3,isco_level_2,CZ,62,runup_from_2019_pooled,-0.1902438371621748
eu_l3,isco_level_2,CZ,71,runup_from_2019,-0.2906033074304596
eu_l3,isco_level_2,CZ,71,runup_from_2020,-0.17644405909764121
eu_l3,isco_level_2,CZ,71,runup_from_2019_vac,-0.2622701148499977
eu_l3,isco_level_2,CZ,71,runup_from_2019_mix,0.20161309402370914
eu_l3,isco_level_2,CZ,71,runup_from_2019_pooled,0.20087113518437769
eu_l3,isco_level_2,CZ,72,runup_from_2019,-0.11036559162805078
eu_l3,isco_level_2,CZ,72,runup_from_2020,0.06746921058457174
eu_l3,isco_level_2,CZ,72,runup_from_2019_vac,-0.1668442368250538
eu_l3,isco_level_2,CZ,72,runup_from_2019_mix,0.20929836637682991
eu_l3,isco_level_2,CZ,72,runup_from_2019_pooled,0.2167728606257869
eu_l3,isco_level_2,CZ,73,runup_from_2019,-0.06995619531363888
eu_l3,isco_level_2,CZ,73,runup_from_2020,0.11759444930431573
eu_l3,isco_level_2,CZ,73,runup_from_2019_vac,-0.12812718929829053
eu_l3,isco_level_2,CZ,73,runup_from_2019_mix,0.21928698487463485
eu_l3,isco_level_2,CZ,73,runup_from_2019_pooled,0.21952040503363573
eu_l3,isco_level_2,CZ,74,runup_from_2019,-0.17258637657162984
eu_l3,isco_level_2,CZ,74,runup_from_2020,-0.044650580988902816
eu_l3,isco_level_2,CZ,74,runup_from_2019_vac,-0.18130297044908514
eu_l3,isco_level_2,CZ,74,runup_from_2019_mix,0.22192759707211282
eu_l3,isco_level_2,CZ,74,runup_from_2019_pooled,0.21619110908262257
eu_l3,isco_level_2,CZ,75,runup_from_2019,-0.11271833072072576
eu_l3,isco_level_2,CZ,75,runup_from_2020,0.08671739272952508
eu_l3,isco_level_2,CZ,75,runup_from_2019_vac,-0.16780107056067015
eu_l3,isco_level_2,CZ,75,runup_from_2019_mix,0.21676427732025863
eu_l3,isco_level_2,CZ,75,runup_from_2019_pooled,0.21738428807614973
eu_l3,isco_level_2,CZ,81,runup_from_2019,-0.1084621149295354
eu_l3,isco_level_2,CZ,81,runup_from_2020,0.09659974770818137
eu_l3,isco_level_2,CZ,81,runup_from_2019_vac,-0.1754895706178314
eu_l3,isco_level_2,CZ,81,runup_from_2019_mix,0.22194640060614654
eu_l3,isco_level_2,CZ,81,runup_from_2019_pooled,0.21652054400345797
eu_l3,isco_level_2,CZ,82,runup_from_2019,-0.08092278795851211
eu_l3,isco_level_2,CZ,82,runup_from_2020,0.12277137034472216
eu_l3,isco_level_2,CZ,82,runup_from_2019_vac,-0.14611113728620306
eu_l3,isco_level_2,CZ,82,runup_from_2019_mix,0.2194818502782392
eu_l3,isco_level_2,CZ,82,runup_from_2019_pooled,0.21989440056919204
eu_l3,isco_level_2,CZ,83,runup_from_2019,-0.0788406811883745
eu_l3,isco_level_2,CZ,83,runup_from_2020,0.024032489691275784
eu_l3,isco_level_2,CZ,83,runup_from_2019_vac,-0.14421950926712715
eu_l3,isco_level_2,CZ,83,runup_from_2019_mix,0.19173160494074304
eu_l3,isco_level_2,CZ,83,runup_from_2019_pooled,0.20902411239158486
eu_l3,isco_level_2,CZ,91,runup_from_2019,-0.29069774943024906
eu_l3,isco_level_2,CZ,91,runup_from_2020,-0.12822790412598675
eu_l3,isco_level_2,CZ,91,runup_from_2019_vac,-0.33574147154277006
eu_l3,isco_level_2,CZ,91,runup_from_2019_mix,0.23285844734253933
eu_l3,isco_level_2,CZ,91,runup_from_2019_pooled,0.2330230761849543
eu_l3,isco_level_2,CZ,92,runup_from_2019,-0.2527460154784364
eu_l3,isco_level_2,CZ,92,runup_from_2020,-0.3306441109398101
eu_l3,isco_level_2,CZ,92,runup_from_2019_vac,-0.3925005852065911
eu_l3,isco_level_2,CZ,92,runup_from_2019_mix,-0.09839210760787258
eu_l3,isco_level_2,CZ,92,runup_from_2019_pooled,-0.12237825031757464
eu_l3,isco_level_2,CZ,93,runup_from_2019,-0.12185669376469405
eu_l3,isco_level_2,CZ,93,runup_from_2020,0.0663057577945709
eu_l3,isco_level_2,CZ,93,runup_from_2019_vac,-0.16866119049381442
eu_l3,isco_level_2,CZ,93,runup_from_2019_mix,0.217383365678984
eu_l3,isco_level_2,CZ,93,runup_from_2019_pooled,0.2150336288425011
eu_l3,isco_level_2,CZ,94,runup_from_2019,-0.18231791704859815
eu_l3,isco_level_2,CZ,94,runup_from_2020,-0.0623809754070661
eu_l3,isco_level_2,CZ,94,runup_from_2019_vac,-0.24028548112968545
eu_l3,isco_level_2,CZ,94,runup_from_2019_mix,0.23619315326247722
eu_l3,isco_level_2,CZ,94,runup_from_2019_pooled,0.2731603358466676
eu_l3,isco_level_2,CZ,96,runup_from_2019,-0.15918001164987972
eu_l3,isco_level_2,CZ,96,runup_from_2020,0.01588399698091188
eu_l3,isco_level_2,CZ,96,runup_from_2019_vac,-0.1843597914078472
eu_l3,isco_level_2,CZ,96,runup_from_2019_mix,0.23846998190707547
eu_l3,isco_level_2,CZ,96,runup_from_2019_pooled,0.22864745822534405
eu_l3,isco_level_2,DE,11,runup_from_2019,0.3093182375272838
eu_l3,isco_level_2,DE,11,runup_from_2020,0.634822789394934
eu_l3,isco_level_2,DE,11,runup_from_2019_vac,0.3044879289916042
eu_l3,isco_level_2,DE,11,runup_from_2019_mix,0.23155849822648825
eu_l3,isco_level_2,DE,11,runup_from_2019_pooled,0.22205715776995835
eu_l3,isco_level_2,DE,12,runup_from_2019,0.3260388720382527
eu_l3,isco_level_2,DE,12,runup_from_2020,0.6627839558328112
eu_l3,isco_level_2,DE,12,runup_from_2019_vac,0.3194501169247166
eu_l3,isco_level_2,DE,12,runup_from_2019_mix,0.22989350132741268
eu_l3,isco_level_2,DE,12,runup_from_2019_pooled,0.24446408178875306
eu_l3,isco_level_2,DE,13,runup_from_2019,0.32376813102020646
eu_l3,isco_level_2,DE,13,runup_from_2020,0.580646390801913
eu_l3,isco_level_2,DE,13,runup_from_2019_vac,0.3407799576401563
eu_l3,isco_level_2,DE,13,runup_from_2019_mix,0.21588212518440442
eu_l3,isco_level_2,DE,13,runup_from_2019_pooled,0.2130208675503039
eu_l3,isco_level_2,DE,14,runup_from_2019,0.471935059636857
eu_l3,isco_level_2,DE,14,runup_from_2020,0.9038662052049423
eu_l3,isco_level_2,DE,14,runup_from_2019_vac,0.37311326617670804
eu_l3,isco_level_2,DE,14,runup_from_2019_mix,0.27862341288892956
eu_l3,isco_level_2,DE,14,runup_from_2019_pooled,0.25317490005446597
eu_l3,isco_level_2,DE,21,runup_from_2019,0.3329162521976549
eu_l3,isco_level_2,DE,21,runup_from_2020,0.6764428557391332
eu_l3,isco_level_2,DE,21,runup_from_2019_vac,0.33756328190908
eu_l3,isco_level_2,DE,21,runup_from_2019_mix,0.247759251726185
eu_l3,isco_level_2,DE,21,runup_from_2019_pooled,0.25205294245025983
eu_l3,isco_level_2,DE,22,runup_from_2019,0.373632223494108
eu_l3,isco_level_2,DE,22,runup_from_2020,0.4358431964678382
eu_l3,isco_level_2,DE,22,runup_from_2019_vac,0.4618517625234717
eu_l3,isco_level_2,DE,22,runup_from_2019_mix,0.17279740816966432
eu_l3,isco_level_2,DE,22,runup_from_2019_pooled,0.1721416170252814
eu_l3,isco_level_2,DE,23,runup_from_2019,0.34372290245811704
eu_l3,isco_level_2,DE,23,runup_from_2020,0.4794347293042951
eu_l3,isco_level_2,DE,23,runup_from_2019_vac,0.3969545431439258
eu_l3,isco_level_2,DE,23,runup_from_2019_mix,0.21453170108690656
eu_l3,isco_level_2,DE,23,runup_from_2019_pooled,0.21847032587873527
eu_l3,isco_level_2,DE,24,runup_from_2019,0.30510136904657476
eu_l3,isco_level_2,DE,24,runup_from_2020,0.57243469635566
eu_l3,isco_level_2,DE,24,runup_from_2019_vac,0.32058034977671557
eu_l3,isco_level_2,DE,24,runup_from_2019_mix,0.24739699283842292
eu_l3,isco_level_2,DE,24,runup_from_2019_pooled,0.2514016893047965
eu_l3,isco_level_2,DE,25,runup_from_2019,0.3094449634141406
eu_l3,isco_level_2,DE,25,runup_from_2020,0.5648788237350854
eu_l3,isco_level_2,DE,25,runup_from_2019_vac,0.34259998537918274
eu_l3,isco_level_2,DE,25,runup_from_2019_mix,0.25674465078664693
eu_l3,isco_level_2,DE,25,runup_from_2019_pooled,0.2598746776979377
eu_l3,isco_level_2,DE,26,runup_from_2019,0.35508182854656134
eu_l3,isco_level_2,DE,26,runup_from_2020,0.5749293003904274
eu_l3,isco_level_2,DE,26,runup_from_2019_vac,0.4142617708322492
eu_l3,isco_level_2,DE,26,runup_from_2019_mix,0.19875153457834843
eu_l3,isco_level_2,DE,26,runup_from_2019_pooled,0.2152636121063766
eu_l3,isco_level_2,DE,31,runup_from_2019,0.33463904691607277
eu_l3,isco_level_2,DE,31,runup_from_2020,0.6811858095383273
eu_l3,isco_level_2,DE,31,runup_from_2019_vac,0.3307461814470561
eu_l3,isco_level_2,DE,31,runup_from_2019_mix,0.22657899985923527
eu_l3,isco_level_2,DE,31,runup_from_2019_pooled,0.2276955086746763
eu_l3,isco_level_2,DE,32,runup_from_2019,0.3766686623598654
eu_l3,isco_level_2,DE,32,runup_from_2020,0.4529172871136513
eu_l3,isco_level_2,DE,32,runup_from_2019_vac,0.46238592731133166
eu_l3,isco_level_2,DE,32,runup_from_2019_mix,0.16950461156857233
eu_l3,isco_level_2,DE,32,runup_from_2019_pooled,0.173028653055236
eu_l3,isco_level_2,DE,33,runup_from_2019,0.2941265917038556
eu_l3,isco_level_2,DE,33,runup_from_2020,0.5119618013618205
eu_l3,isco_level_2,DE,33,runup_from_2019_vac,0.3119722563837614
eu_l3,isco_level_2,DE,33,runup_from_2019_mix,0.24293875146730123
eu_l3,isco_level_2,DE,33,runup_from_2019_pooled,0.24331163690461108
eu_l3,isco_level_2,DE,34,runup_from_2019,0.3598528467950103
eu_l3,isco_level_2,DE,34,runup_from_2020,0.5745012847541914
eu_l3,isco_level_2,DE,34,runup_from_2019_vac,0.4206978494190068
eu_l3,isco_level_2,DE,34,runup_from_2019_mix,0.18083329490860378
eu_l3,isco_level_2,DE,34,runup_from_2019_pooled,0.1917560116138421
eu_l3,isco_level_2,DE,35,runup_from_2019,0.31583844542576606
eu_l3,isco_level_2,DE,35,runup_from_2020,0.6070105467858414
eu_l3,isco_level_2,DE,35,runup_from_2019_vac,0.3429594403843853
eu_l3,isco_level_2,DE,35,runup_from_2019_mix,0.24748729872623704
eu_l3,isco_level_2,DE,35,runup_from_2019_pooled,0.25033411023201657
eu_l3,isco_level_2,DE,41,runup_from_2019,0.2969868769974623
eu_l3,isco_level_2,DE,41,runup_from_2020,0.5335307005790854
eu_l3,isco_level_2,DE,41,runup_from_2019_vac,0.3226753219835407
eu_l3,isco_level_2,DE,41,runup_from_2019_mix,0.21966388501593873
eu_l3,isco_level_2,DE,41,runup_from_2019_pooled,0.22007888890575802
eu_l3,isco_level_2,DE,42,runup_from_2019,0.2622108741551387
eu_l3,isco_level_2,DE,42,runup_from_2020,0.2806107205101754
eu_l3,isco_level_2,DE,42,runup_from_2019_vac,0.2716527823650144
eu_l3,isco_level_2,DE,42,runup_from_2019_mix,0.303887550782485
eu_l3,isco_level_2,DE,42,runup_from_2019_pooled,0.2562536313099383
eu_l3,isco_level_2,DE,43,runup_from_2019,0.28772571671631936
eu_l3,isco_level_2,DE,43,runup_from_2020,0.6435353126297237
eu_l3,isco_level_2,DE,43,runup_from_2019_vac,0.26840222602096436
eu_l3,isco_level_2,DE,43,runup_from_2019_mix,0.23364455134391063
eu_l3,isco_level_2,DE,43,runup_from_2019_pooled,0.23458491600751655
eu_l3,isco_level_2,DE,44,runup_from_2019,0.21566038119546999
eu_l3,isco_level_2,DE,44,runup_from_2020,0.6156447666426131
eu_l3,isco_level_2,DE,44,runup_from_2019_vac,0.1920855681906954
eu_l3,isco_level_2,DE,44,runup_from_2019_mix,0.23752429127127372
eu_l3,isco_level_2,DE,44,runup_from_2019_pooled,0.22342473279847286
eu_l3,isco_level_2,DE,51,runup_from_2019,0.42860698309694095
eu_l3,isco_level_2,DE,51,runup_from_2020,0.8433063968405767
eu_l3,isco_level_2,DE,51,runup_from_2019_vac,0.3991620259152703
eu_l3,isco_level_2,DE,51,runup_from_2019_mix,0.2353460183273196
eu_l3,isco_level_2,DE,51,runup_from_2019_pooled,0.238314812334843
eu_l3,isco_level_2,DE,52,runup_from_2019,0.2905750377894406
eu_l3,isco_level_2,DE,52,runup_from_2020,0.5605615563190081
eu_l3,isco_level_2,DE,52,runup_from_2019_vac,0.25721622632434804
eu_l3,isco_level_2,DE,52,runup_from_2019_mix,0.22136405097619613
eu_l3,isco_level_2,DE,52,runup_from_2019_pooled,0.22638151495911119
eu_l3,isco_level_2,DE,53,runup_from_2019,0.3855351700885011
eu_l3,isco_level_2,DE,53,runup_from_2020,0.4587078950856828
eu_l3,isco_level_2,DE,53,runup_from_2019_vac,0.4734720722655857
eu_l3,isco_level_2,DE,53,runup_from_2019_mix,0.17276354819546733
eu_l3,isco_level_2,DE,53,runup_from_2019_pooled,0.168589853474218
eu_l3,isco_level_2,DE,54,runup_from_2019,0.22460916849106363
eu_l3,isco_level_2,DE,54,runup_from_2020,0.4559234491132725
eu_l3,isco_level_2,DE,54,runup_from_2019_vac,0.27120617034761146
eu_l3,isco_level_2,DE,54,runup_from_2019_mix,0.2095503665378387
eu_l3,isco_level_2,DE,54,runup_from_2019_pooled,0.2271638342216441
eu_l3,isco_level_2,DE,61,runup_from_2019,0.17760298958983287
eu_l3,isco_level_2,DE,61,runup_from_2020,0.4391857032020413
eu_l3,isco_level_2,DE,61,runup_from_2019_vac,0.12024389209080592
eu_l3,isco_level_2,DE,61,runup_from_2019_mix,0.020589077903890564
eu_l3,isco_level_2,DE,61,runup_from_2019_pooled,-0.13423809506910198
eu_l3,isco_level_2,DE,71,runup_from_2019,0.27044154461759923
eu_l3,isco_level_2,DE,71,runup_from_2020,0.41279245975922213
eu_l3,isco_level_2,DE,71,runup_from_2019_vac,0.27711136718305246
eu_l3,isco_level_2,DE,71,runup_from_2019_mix,0.20133398629840926
eu_l3,isco_level_2,DE,71,runup_from_2019_pooled,0.20087113518437769
eu_l3,isco_level_2,DE,72,runup_from_2019,0.3660096091137353
eu_l3,isco_level_2,DE,72,runup_from_2020,0.798175394146329
eu_l3,isco_level_2,DE,72,runup_from_2019_vac,0.3369459921970746
eu_l3,isco_level_2,DE,72,runup_from_2019_mix,0.21731579561416944
eu_l3,isco_level_2,DE,72,runup_from_2019_pooled,0.2167728606257869
eu_l3,isco_level_2,DE,73,runup_from_2019,0.4054651081081643
eu_l3,isco_level_2,DE,73,runup_from_2020,0.9044562742271522
eu_l3,isco_level_2,DE,73,runup_from_2019_vac,0.3699730949254203
eu_l3,isco_level_2,DE,73,runup_from_2019_mix,0.22072107126613294
eu_l3,isco_level_2,DE,73,runup_from_2019_pooled,0.21952040503363573
eu_l3,isco_level_2,DE,74,runup_from_2019,0.3555608466245164
eu_l3,isco_level_2,DE,74,runup_from_2020,0.6600155775034237
eu_l3,isco_level_2,DE,74,runup_from_2019_vac,0.3542565733855516
eu_l3,isco_level_2,DE,74,runup_from_2019_mix,0.2187733196811185
eu_l3,isco_level_2,DE,74,runup_from_2019_pooled,0.21619110908262257
eu_l3,isco_level_2,DE,75,runup_from_2019,0.36460242136156146
eu_l3,isco_level_2,DE,75,runup_from_2020,0.7449280452328334
eu_l3,isco_level_2,DE,75,runup_from_2019_vac,0.3461542674576728
eu_l3,isco_level_2,DE,75,runup_from_2019_mix,0.20835330386487427
eu_l3,isco_level_2,DE,75,runup_from_2019_pooled,0.21738428807614973
eu_l3,isco_level_2,DE,81,runup_from_2019,0.3922842888611822
eu_l3,isco_level_2,DE,81,runup_from_2020,0.8566687982568849
eu_l3,isco_level_2,DE,81,runup_from_2019_vac,0.3620683522620362
eu_l3,isco_level_2,DE,81,runup_from_2019_mix,0.21550150200604437
eu_l3,isco_level_2,DE,81,runup_from_2019_pooled,0.21652054400345797
eu_l3,isco_level_2,DE,82,runup_from_2019,0.38776743194904495
eu_l3,isco_level_2,DE,82,runup_from_2020,0.8364906022183802
eu_l3,isco_level_2,DE,82,runup_from_2019_vac,0.3582889091753408
eu_l3,isco_level_2,DE,82,runup_from_2019_mix,0.21752269069727106
eu_l3,isco_level_2,DE,82,runup_from_2019_pooled,0.21989440056919204
eu_l3,isco_level_2,DE,83,runup_from_2019,0.2102220369733019
eu_l3,isco_level_2,DE,83,runup_from_2020,0.5837832674509935
eu_l3,isco_level_2,DE,83,runup_from_2019_vac,0.18970324920489534
eu_l3,isco_level_2,DE,83,runup_from_2019_mix,0.22189759838008546
eu_l3,isco_level_2,DE,83,runup_from_2019_pooled,0.20902411239158486
eu_l3,isco_level_2,DE,91,runup_from_2019,0.2586402818965788
eu_l3,isco_level_2,DE,91,runup_from_2020,0.6663256467681259
eu_l3,isco_level_2,DE,91,runup_from_2019_vac,0.2579033606529155
eu_l3,isco_level_2,DE,91,runup_from_2019_mix,0.25801790307228645
eu_l3,isco_level_2,DE,91,runup_from_2019_pooled,0.2330230761849543
eu_l3,isco_level_2,DE,92,runup_from_2019,0.18306627643940288
eu_l3,isco_level_2,DE,92,runup_from_2020,0.4135657520000599
eu_l3,isco_level_2,DE,92,runup_from_2019_vac,0.11146963616565689
eu_l3,isco_level_2,DE,92,runup_from_2019_mix,-0.0394050495225933
eu_l3,isco_level_2,DE,92,runup_from_2019_pooled,-0.12237825031757464
eu_l3,isco_level_2,DE,93,runup_from_2019,0.29347009349884234
eu_l3,isco_level_2,DE,93,runup_from_2020,0.6336839682249832
eu_l3,isco_level_2,DE,93,runup_from_2019_vac,0.27394097268143236
eu_l3,isco_level_2,DE,93,runup_from_2019_mix,0.2178941470657576
eu_l3,isco_level_2,DE,93,runup_from_2019_pooled,0.2150336288425011
eu_l3,isco_level_2,DE,94,runup_from_2019,0.4932008358738361
eu_l3,isco_level_2,DE,94,runup_from_2020,0.8589264130468011
eu_l3,isco_level_2,DE,94,runup_from_2019_vac,0.44571839910936706
eu_l3,isco_level_2,DE,94,runup_from_2019_mix,0.2516237675214829
eu_l3,isco_level_2,DE,94,runup_from_2019_pooled,0.2731603358466676
eu_l3,isco_level_2,DE,96,runup_from_2019,0.28010024779080256
eu_l3,isco_level_2,DE,96,runup_from_2020,0.6189463916373081
eu_l3,isco_level_2,DE,96,runup_from_2019_vac,0.30863500656974663
eu_l3,isco_level_2,DE,96,runup_from_2019_mix,0.22053354677293277
eu_l3,isco_level_2,DE,96,runup_from_2019_pooled,0.22864745822534405
eu_l3,isco_level_2,DK,11,runup_from_2019,0.5861750610077773
eu_l3,isco_level_2,DK,11,runup_from_2020,0.5298221244566457
eu_l3,isco_level_2,DK,11,runup_from_2019_vac,0.6781687899053228
eu_l3,isco_level_2,DK,11,runup_from_2019_mix,0.3176494368130295
eu_l3,isco_level_2,DK,11,runup_from_2019_pooled,0.22205715776995835
eu_l3,isco_level_2,DK,12,runup_from_2019,0.4972434649515302
eu_l3,isco_level_2,DK,12,runup_from_2020,0.7193134006643656
eu_l3,isco_level_2,DK,12,runup_from_2019_vac,0.5801475403359513
eu_l3,isco_level_2,DK,12,runup_from_2019_mix,0.21234822244478538
eu_l3,isco_level_2,DK,12,runup_from_2019_pooled,0.24446408178875306
eu_l3,isco_level_2,DK,14,runup_from_2019,0.700531402864473
eu_l3,isco_level_2,DK,14,runup_from_2020,0.8579546853675051
eu_l3,isco_level_2,DK,14,runup_from_2019_vac,0.7587990277295114
eu_l3,isco_level_2,DK,14,runup_from_2019_mix,0.24121012227767352
eu_l3,isco_level_2,DK,14,runup_from_2019_pooled,0.25317490005446597
eu_l3,isco_level_2,DK,21,runup_from_2019,0.5755761607461811
eu_l3,isco_level_2,DK,21,runup_from_2020,0.6251564824205261
eu_l3,isco_level_2,DK,21,runup_from_2019_vac,0.6620329588659934
eu_l3,isco_level_2,DK,21,runup_from_2019_mix,0.26127291066131225
eu_l3,isco_level_2,DK,21,runup_from_2019_pooled,0.25205294245025983
eu_l3,isco_level_2,DK,24,runup_from_2019,0.5539710492332969
eu_l3,isco_level_2,DK,24,runup_from_2020,0.6425133131559534
eu_l3,isco_level_2,DK,24,runup_from_2019_vac,0.6305391531109095
eu_l3,isco_level_2,DK,24,runup_from_2019_mix,0.24556724566457044
eu_l3,isco_level_2,DK,24,runup_from_2019_pooled,0.2514016893047965
eu_l3,isco_level_2,DK,25,runup_from_2019,0.3544997877053207
eu_l3,isco_level_2,DK,25,runup_from_2020,0.6582528210298711
eu_l3,isco_level_2,DK,25,runup_from_2019_vac,0.4642893592793961
eu_l3,isco_level_2,DK,25,runup_from_2019_mix,0.2555886417096456
eu_l3,isco_level_2,DK,25,runup_from_2019_pooled,0.2598746776979377
eu_l3,isco_level_2,DK,31,runup_from_2019,0.5444374112935518
eu_l3,isco_level_2,DK,31,runup_from_2020,0.6330007466512343
eu_l3,isco_level_2,DK,31,runup_from_2019_vac,0.6345464073042505
eu_l3,isco_level_2,DK,31,runup_from_2019_mix,0.23362516650825357
eu_l3,isco_level_2,DK,31,runup_from_2019_pooled,0.2276955086746763
eu_l3,isco_level_2,DK,33,runup_from_2019,0.5701646621488835
eu_l3,isco_level_2,DK,33,runup_from_2020,0.6720665774293059
eu_l3,isco_level_2,DK,33,runup_from_2019_vac,0.6401286664399055
eu_l3,isco_level_2,DK,33,runup_from_2019_mix,0.2400540123121525
eu_l3,isco_level_2,DK,33,runup_from_2019_pooled,0.24331163690461108
eu_l3,isco_level_2,DK,35,runup_from_2019,0.33321259656021324
eu_l3,isco_level_2,DK,35,runup_from_2020,0.6591466349896296
eu_l3,isco_level_2,DK,35,runup_from_2019_vac,0.4475327142599081
eu_l3,isco_level_2,DK,35,runup_from_2019_mix,0.23985983200196268
eu_l3,isco_level_2,DK,35,runup_from_2019_pooled,0.25033411023201657
eu_l3,isco_level_2,DK,42,runup_from_2019,0.7117084836813933
eu_l3,isco_level_2,DK,42,runup_from_2020,0.8109716427355844
eu_l3,isco_level_2,DK,42,runup_from_2019_vac,0.7872838689698385
eu_l3,isco_level_2,DK,42,runup_from_2019_mix,0.24791628686120876
eu_l3,isco_level_2,DK,42,runup_from_2019_pooled,0.2562536313099383
eu_l3,isco_level_2,DK,43,runup_from_2019,0.6002296315539328
eu_l3,isco_level_2,DK,43,runup_from_2020,0.7175043368443769
eu_l3,isco_level_2,DK,43,runup_from_2019_vac,0.657303227707375
eu_l3,isco_level_2,DK,43,runup_from_2019_mix,0.2402936740726235
eu_l3,isco_level_2,DK,43,runup_from_2019_pooled,0.23458491600751655
eu_l3,isco_level_2,DK,44,runup_from_2019,0.6243130982432572
eu_l3,isco_level_2,DK,44,runup_from_2020,0.7612374754954591
eu_l3,isco_level_2,DK,44,runup_from_2019_vac,0.65706473521732
eu_l3,isco_level_2,DK,44,runup_from_2019_mix,0.22347836937299806
eu_l3,isco_level_2,DK,44,runup_from_2019_pooled,0.22342473279847286
eu_l3,isco_level_2,DK,51,runup_from_2019,0.9032559895508031
eu_l3,isco_level_2,DK,51,runup_from_2020,1.0273003812355281
eu_l3,isco_level_2,DK,51,runup_from_2019_vac,0.9874343388355737
eu_l3,isco_level_2,DK,51,runup_from_2019_mix,0.24612343120937175
eu_l3,isco_level_2,DK,51,runup_from_2019_pooled,0.238314812334843
eu_l3,isco_level_2,DK,52,runup_from_2019,0.6015149905655378
eu_l3,isco_level_2,DK,52,runup_from_2020,0.7553860381962519
eu_l3,isco_level_2,DK,52,runup_from_2019_vac,0.6534080212161687
eu_l3,isco_level_2,DK,52,runup_from_2019_mix,0.22268149713171698
eu_l3,isco_level_2,DK,52,runup_from_2019_pooled,0.22638151495911119
eu_l3,isco_level_2,DK,71,runup_from_2019,0.3389706617082271
eu_l3,isco_level_2,DK,71,runup_from_2020,0.40072913810464816
eu_l3,isco_level_2,DK,71,runup_from_2019_vac,0.46687850292520267
eu_l3,isco_level_2,DK,71,runup_from_2019_mix,0.19579640501677503
eu_l3,isco_level_2,DK,71,runup_from_2019_pooled,0.20087113518437769
eu_l3,isco_level_2,DK,72,runup_from_2019,0.596727587960291
eu_l3,isco_level_2,DK,72,runup_from_2020,0.7310578352866773
eu_l3,isco_level_2,DK,72,runup_from_2019_vac,0.6651749168584056
eu_l3,isco_level_2,DK,72,runup_from_2019_mix,0.2193280351309439
eu_l3,isco_level_2,DK,72,runup_from_2019_pooled,0.2167728606257869
eu_l3,isco_level_2,DK,73,runup_from_2019,0.6312717768418579
eu_l3,isco_level_2,DK,73,runup_from_2020,0.7591051483517427
eu_l3,isco_level_2,DK,73,runup_from_2019_vac,0.7069624567915298
eu_l3,isco_level_2,DK,73,runup_from_2019_mix,0.22072107126613294
eu_l3,isco_level_2,DK,73,runup_from_2019_pooled,0.21952040503363573
eu_l3,isco_level_2,DK,74,runup_from_2019,0.37497153933831756
eu_l3,isco_level_2,DK,74,runup_from_2020,0.4448680422089564
eu_l3,isco_level_2,DK,74,runup_from_2019_vac,0.4964481234178872
eu_l3,isco_level_2,DK,74,runup_from_2019_mix,0.19886621834678492
eu_l3,isco_level_2,DK,74,runup_from_2019_pooled,0.21619110908262257
eu_l3,isco_level_2,DK,75,runup_from_2019,0.6062277083902224
eu_l3,isco_level_2,DK,75,runup_from_2020,0.7455869083602709
eu_l3,isco_level_2,DK,75,runup_from_2019_vac,0.6702759895041742
eu_l3,isco_level_2,DK,75,runup_from_2019_mix,0.2204508334602435
eu_l3,isco_level_2,DK,75,runup_from_2019_pooled,0.21738428807614973
eu_l3,isco_level_2,DK,81,runup_from_2019,0.6312717768418579
eu_l3,isco_level_2,DK,81,runup_from_2020,0.7591051483517427
eu_l3,isco_level_2,DK,81,runup_from_2019_vac,0.7069624567915298
eu_l3,isco_level_2,DK,81,runup_from_2019_mix,0.22072107126613294
eu_l3,isco_level_2,DK,81,runup_from_2019_pooled,0.21652054400345797
eu_l3,isco_level_2,DK,82,runup_from_2019,0.6312717768418579
eu_l3,isco_level_2,DK,82,runup_from_2020,0.7591051483517427
eu_l3,isco_level_2,DK,82,runup_from_2019_vac,0.7069624567915298
eu_l3,isco_level_2,DK,82,runup_from_2019_mix,0.22072107126613297
eu_l3,isco_level_2,DK,82,runup_from_2019_pooled,0.21989440056919204
eu_l3,isco_level_2,DK,83,runup_from_2019,0.605723269547523
eu_l3,isco_level_2,DK,83,runup_from_2020,0.7406397794203969
eu_l3,isco_level_2,DK,83,runup_from_2019_vac,0.6260919406006428
eu_l3,isco_level_2,DK,83,runup_from_2019_mix,0.20979814771038144
eu_l3,isco_level_2,DK,83,runup_from_2019_pooled,0.20902411239158486
eu_l3,isco_level_2,DK,91,runup_from_2019,0.640569370137483
eu_l3,isco_level_2,DK,91,runup_from_2020,0.7424496362127215
eu_l3,isco_level_2,DK,91,runup_from_2019_vac,0.7601733882922501
eu_l3,isco_level_2,DK,91,runup_from_2019_mix,0.25163147120404245
eu_l3,isco_level_2,DK,91,runup_from_2019_pooled,0.2330230761849543
eu_l3,isco_level_2,DK,93,runup_from_2019,0.5499994273980169
eu_l3,isco_level_2,DK,93,runup_from_2020,0.6756772682596466
eu_l3,isco_level_2,DK,93,runup_from_2019_vac,0.6200463439751339
eu_l3,isco_level_2,DK,93,runup_from_2019_mix,0.21803306316882812
eu_l3,isco_level_2,DK,93,runup_from_2019_pooled,0.2150336288425011
eu_l3,isco_level_2,DK,94,runup_from_2019,1.0112970060845297
eu_l3,isco_level_2,DK,94,runup_from_2020,1.1767634990532259
eu_l3,isco_level_2,DK,94,runup_from_2019_vac,1.0920785782466986
eu_l3,isco_level_2,DK,94,runup_from_2019_mix,0.2518846583857476
eu_l3,isco_level_2,DK,94,runup_from_2019_pooled,0.2731603358466676
eu_l3,isco_level_2,DK,96,runup_from_2019,0.4415614841737864
eu_l3,isco_level_2,DK,96,runup_from_2020,0.6278651321557733
eu_l3,isco_level_2,DK,96,runup_from_2019_vac,0.5038553998120022
eu_l3,isco_level_2,DK,96,runup_from_2019_mix,0.225981640868923
eu_l3,isco_level_2,DK,96,runup_from_2019_pooled,0.22864745822534405
eu_l3,isco_level_2,EE,12,runup_from_2019,-0.18232155679395465
eu_l3,isco_level_2,EE,12,runup_from_2020,0.37267528528517363
eu_l3,isco_level_2,EE,12,runup_from_2019_vac,-0.05788377428520786
eu_l3,isco_level_2,EE,12,runup_from_2019_mix,0.3176494368130295
eu_l3,isco_level_2,EE,12,runup_from_2019_pooled,0.24446408178875306
eu_l3,isco_level_2,EE,13,runup_from_2019,0.07001473727692294
eu_l3,isco_level_2,EE,13,runup_from_2020,0.45165397882412867
eu_l3,isco_level_2,EE,13,runup_from_2019_vac,0.1262870442889787
eu_l3,isco_level_2,EE,13,runup_from_2019_mix,0.2294413962635052
eu_l3,isco_level_2,EE,13,runup_from_2019_pooled,0.2130208675503039
eu_l3,isco_level_2,EE,14,runup_from_2019,0.08382400058045639
eu_l3,isco_level_2,EE,14,runup_from_2020,0.7231872485583991
eu_l3,isco_level_2,EE,14,runup_from_2019_vac,0.11937892018270511
eu_l3,isco_level_2,EE,14,runup_from_2019_mix,0.22446358199151306
eu_l3,isco_level_2,EE,14,runup_from_2019_pooled,0.25317490005446597
eu_l3,isco_level_2,EE,21,runup_from_2019,-0.0033931516066749807
eu_l3,isco_level_2,EE,21,runup_from_2020,0.32069605561843467
eu_l3,isco_level_2,EE,21,runup_from_2019_vac,0.05941401658823127
eu_l3,isco_level_2,EE,21,runup_from_2019_mix,0.24628154395620547
eu_l3,isco_level_2,EE,21,runup_from_2019_pooled,0.25205294245025983
eu_l3,isco_level_2,EE,22,runup_from_2019,0.18429975450392264
eu_l3,isco_level_2,EE,22,runup_from_2020,0.3110060575241417
eu_l3,isco_level_2,EE,22,runup_from_2019_vac,0.2039950461040366
eu_l3,isco_level_2,EE,22,runup_from_2019_mix,0.16654829073406177
eu_l3,isco_level_2,EE,22,runup_from_2019_pooled,0.1721416170252814
eu_l3,isco_level_2,EE,23,runup_from_2019,0.36811974087262284
eu_l3,isco_level_2,EE,23,runup_from_2020,0.25247643354613863
eu_l3,isco_level_2,EE,23,runup_from_2019_vac,0.4407636945370483
eu_l3,isco_level_2,EE,23,runup_from_2019_mix,0.2203207456255101
eu_l3,isco_level_2,EE,23,runup_from_2019_pooled,0.21847032587873527
eu_l3,isco_level_2,EE,24,runup_from_2019,0.0536677574407774
eu_l3,isco_level_2,EE,24,runup_from_2020,0.3751917584614078
eu_l3,isco_level_2,EE,24,runup_from_2019_vac,0.09042271199703329
eu_l3,isco_level_2,EE,24,runup_from_2019_mix,0.2470296829908255
eu_l3,isco_level_2,EE,24,runup_from_2019_pooled,0.2514016893047965
eu_l3,isco_level_2,EE,25,runup_from_2019,-0.014832536743133997
eu_l3,isco_level_2,EE,25,runup_from_2020,0.42243727754228505
eu_l3,isco_level_2,EE,25,runup_from_2019_vac,0.09938867980038277
eu_l3,isco_level_2,EE,25,runup_from_2019_mix,0.26138833114624616
eu_l3,isco_level_2,EE,25,runup_from_2019_pooled,0.2598746776979377
eu_l3,isco_level_2,EE,26,runup_from_2019,0.06266529948966225
eu_l3,isco_level_2,EE,26,runup_from_2020,0.22343148015762512
eu_l3,isco_level_2,EE,26,runup_from_2019_vac,0.15233621777197964
eu_l3,isco_level_2,EE,26,runup_from_2019_mix,0.21672676550325476
eu_l3,isco_level_2,EE,26,runup_from_2019_pooled,0.2152636121063766
eu_l3,isco_level_2,EE,31,runup_from_2019,0.020881592841954986
eu_l3,isco_level_2,EE,31,runup_from_2020,0.535783379171563
eu_l3,isco_level_2,EE,31,runup_from_2019_vac,0.016247607340844447
eu_l3,isco_level_2,EE,31,runup_from_2019_mix,0.2259132811838987
eu_l3,isco_level_2,EE,31,runup_from_2019_pooled,0.2276955086746763
eu_l3,isco_level_2,EE,32,runup_from_2019,0.21025438558060258
eu_l3,isco_level_2,EE,32,runup_from_2020,0.23739816453233764
eu_l3,isco_level_2,EE,32,runup_from_2019_vac,0.2286325961124048
eu_l3,isco_level_2,EE,32,runup_from_2019_mix,0.15583671964895104
eu_l3,isco_level_2,EE,32,runup_from_2019_pooled,0.173028653055236
eu_l3,isco_level_2,EE,33,runup_from_2019,0.06684178013136272
eu_l3,isco_level_2,EE,33,runup_from_2020,0.42229939992276755
eu_l3,isco_level_2,EE,33,runup_from_2019_vac,0.1141166486863118
eu_l3,isco_level_2,EE,33,runup_from_2019_mix,0.23057620964149922
eu_l3,isco_level_2,EE,33,runup_from_2019_pooled,0.24331163690461108
eu_l3,isco_level_2,EE,34,runup_from_2019,0.24480292089868128
eu_l3,isco_level_2,EE,34,runup_from_2020,0.15036558378307316
eu_l3,isco_level_2,EE,34,runup_from_2019_vac,0.2871361740946928
eu_l3,isco_level_2,EE,34,runup_from_2019_mix,0.1700969303391151
eu_l3,isco_level_2,EE,34,runup_from_2019_pooled,0.1917560116138421
eu_l3,isco_level_2,EE,35,runup_from_2019,-0.08515780834030684
eu_l3,isco_level_2,EE,35,runup_from_2020,0.47445797959511593
eu_l3,isco_level_2,EE,35,runup_from_2019_vac,0.1006567793852211
eu_l3,isco_level_2,EE,35,runup_from_2019_mix,0.26319105244348484
eu_l3,isco_level_2,EE,35,runup_from_2019_pooled,0.25033411023201657
eu_l3,isco_level_2,EE,42,runup_from_2019,0.16729872270714552
eu_l3,isco_level_2,EE,42,runup_from_2020,0.44459818489106606
eu_l3,isco_level_2,EE,42,runup_from_2019_vac,0.13540318161575327
eu_l3,isco_level_2,EE,42,runup_from_2019_mix,0.23293999181335368
eu_l3,isco_level_2,EE,42,runup_from_2019_pooled,0.2562536313099383
eu_l3,isco_level_2,EE,43,runup_from_2019,-0.045541734087060165
eu_l3,isco_level_2,EE,43,runup_from_2020,0.5594925884512318
eu_l3,isco_level_2,EE,43,runup_from_2019_vac,0.020558049262592012
eu_l3,isco_level_2,EE,43,runup_from_2019_mix,0.2272961369487363
eu_l3,isco_level_2,EE,43,runup_from_2019_pooled,0.23458491600751655
eu_l3,isco_level_2,EE,44,runup_from_2019,-0.33314444652853825
eu_l3,isco_level_2,EE,44,runup_from_2020,0.5831462853456167
eu_l3,isco_level_2,EE,44,runup_from_2019_vac,-0.17763371526634764
eu_l3,isco_level_2,EE,44,runup_from_2019_mix,0.22825865198098014
eu_l3,isco_level_2,EE,44,runup_from_2019_pooled,0.22342473279847286
eu_l3,isco_level_2,EE,51,runup_from_2019,0.006202389737997069
eu_l3,isco_level_2,EE,51,runup_from_2020,0.44906088237947844
eu_l3,isco_level_2,EE,51,runup_from_2019_vac,0.036139377587361445
eu_l3,isco_level_2,EE,51,runup_from_2019_mix,0.22841479662636582
eu_l3,isco_level_2,EE,51,runup_from_2019_pooled,0.238314812334843
eu_l3,isco_level_2,EE,52,runup_from_2019,0.10637400302298605
eu_l3,isco_level_2,EE,52,runup_from_2020,0.7996506607303657
eu_l3,isco_level_2,EE,52,runup_from_2019_vac,0.14657954143112525
eu_l3,isco_level_2,EE,52,runup_from_2019_mix,0.22444113907691712
eu_l3,isco_level_2,EE,52,runup_from_2019_pooled,0.22638151495911119
eu_l3,isco_level_2,EE,53,runup_from_2019,0.25552063449471485
eu_l3,isco_level_2,EE,53,runup_from_2020,0.26020939026089174
eu_l3,isco_level_2,EE,53,runup_from_2019_vac,0.29365842562517885
eu_l3,isco_level_2,EE,53,runup_from_2019_mix,0.18373481204138026
eu_l3,isco_level_2,EE,53,runup_from_2019_pooled,0.168589853474218
eu_l3,isco_level_2,EE,54,runup_from_2019,0.004637610402978769
eu_l3,isco_level_2,EE,54,runup_from_2020,0.07682213200435363
eu_l3,isco_level_2,EE,54,runup_from_2019_vac,0.04523325357077831
eu_l3,isco_level_2,EE,54,runup_from_2019_mix,0.2281556027111913
eu_l3,isco_level_2,EE,54,runup_from_2019_pooled,0.2271638342216441
eu_l3,isco_level_2,EE,61,runup_from_2019,-0.7827593392496326
eu_l3,isco_level_2,EE,61,runup_from_2020,-0.523248143764548
eu_l3,isco_level_2,EE,61,runup_from_2019_mix,-0.19415601444095743
eu_l3,isco_level_2,EE,61,runup_from_2019_pooled,-0.13423809506910198
eu_l3,isco_level_2,EE,62,runup_from_2019,-0.7827593392496326
eu_l3,isco_level_2,EE,62,runup_from_2020,-0.523248143764548
eu_l3,isco_level_2,EE,62,runup_from_2019_mix,-0.19415601444095743
eu_l3,isco_level_2,EE,62,runup_from_2019_pooled,-0.1902438371621748
eu_l3,isco_level_2,EE,71,runup_from_2019,0.04961066751840853
eu_l3,isco_level_2,EE,71,runup_from_2020,0.8747295716992959
eu_l3,isco_level_2,EE,71,runup_from_2019_mix,0.19648930368621348
eu_l3,isco_level_2,EE,71,runup_from_2019_pooled,0.20087113518437769
eu_l3,isco_level_2,EE,72,runup_from_2019,0.06443595155274998
eu_l3,isco_level_2,EE,72,runup_from_2020,0.47227161338307866
eu_l3,isco_level_2,EE,72,runup_from_2019_vac,0.08184800527557967
eu_l3,isco_level_2,EE,72,runup_from_2019_mix,0.21967365702181665
eu_l3,isco_level_2,EE,72,runup_from_2019_pooled,0.2167728606257869
eu_l3,isco_level_2,EE,73,runup_from_2019,0.07232066157962619
eu_l3,isco_level_2,EE,73,runup_from_2020,0.2646925542270821
eu_l3,isco_level_2,EE,73,runup_from_2019_vac,0.06407419998784292
eu_l3,isco_level_2,EE,73,runup_from_2019_mix,0.22072107126613294
eu_l3,isco_level_2,EE,73,runup_from_2019_pooled,0.21952040503363573
eu_l3,isco_level_2,EE,74,runup_from_2019,0.0544871080421356
eu_l3,isco_level_2,EE,74,runup_from_2020,0.7437383779122729
eu_l3,isco_level_2,EE,74,runup_from_2019_mix,0.20169250951135492
eu_l3,isco_level_2,EE,74,runup_from_2019_pooled,0.21619110908262257
eu_l3,isco_level_2,EE,75,runup_from_2019,0.07232066157962619
eu_l3,isco_level_2,EE,75,runup_from_2020,0.2646925542270821
eu_l3,isco_level_2,EE,75,runup_from_2019_vac,0.06407419998784292
eu_l3,isco_level_2,EE,75,runup_from_2019_mix,0.22072107126613294
eu_l3,isco_level_2,EE,75,runup_from_2019_pooled,0.21738428807614973
eu_l3,isco_level_2,EE,81,runup_from_2019,0.07232066157962619
eu_l3,isco_level_2,EE,81,runup_from_2020,0.2646925542270821
eu_l3,isco_level_2,EE,81,runup_from_2019_vac,0.06407419998784292
eu_l3,isco_level_2,EE,81,runup_from_2019_mix,0.22072107126613297
eu_l3,isco_level_2,EE,81,runup_from_2019_pooled,0.21652054400345797
eu_l3,isco_level_2,EE,82,runup_from_2019,0.07232066157962619
eu_l3,isco_level_2,EE,82,runup_from_2020,0.2646925542270821
eu_l3,isco_level_2,EE,82,runup_from_2019_vac,0.06407419998784292
eu_l3,isco_level_2,EE,82,runup_from_2019_mix,0.22072107126613294
eu_l3,isco_level_2,EE,82,runup_from_2019_pooled,0.21989440056919204
eu_l3,isco_level_2,EE,83,runup_from_2019,-0.2612949401174849
eu_l3,isco_level_2,EE,83,runup_from_2020,0.5002535571251994
eu_l3,isco_level_2,EE,83,runup_from_2019_vac,-0.12203054668110284
eu_l3,isco_level_2,EE,83,runup_from_2019_mix,0.18503176085974024
eu_l3,isco_level_2,EE,83,runup_from_2019_pooled,0.20902411239158486
eu_l3,isco_level_2,EE,91,runup_from_2019,0.022914560472861428
eu_l3,isco_level_2,EE,91,runup_from_2020,0.3900770425910149
eu_l3,isco_level_2,EE,91,runup_from_2019_vac,0.046557079955159515
eu_l3,isco_level_2,EE,91,runup_from_2019_mix,0.268014109350508
eu_l3,isco_level_2,EE,91,runup_from_2019_pooled,0.2330230761849543
eu_l3,isco_level_2,EE,92,runup_from_2019,-0.7827593392496326
eu_l3,isco_level_2,EE,92,runup_from_2020,-0.523248143764548
eu_l3,isco_level_2,EE,92,runup_from_2019_mix,-0.19415601444095743
eu_l3,isco_level_2,EE,92,runup_from_2019_pooled,-0.12237825031757464
eu_l3,isco_level_2,EE,93,runup_from_2019,0.08038225022600014
eu_l3,isco_level_2,EE,93,runup_from_2020,0.5209421199193307
eu_l3,isco_level_2,EE,93,runup_from_2019_vac,0.09463711477805153
eu_l3,isco_level_2,EE,93,runup_from_2019_mix,0.21550715344680388
eu_l3,isco_level_2,EE,93,runup_from_2019_pooled,0.2150336288425011
eu_l3,isco_level_2,EE,94,runup_from_2019,-0.2513144282809061
eu_l3,isco_level_2,EE,94,runup_from_2020,0.713766467762681
eu_l3,isco_level_2,EE,94,runup_from_2019_vac,-0.23561637843777472
eu_l3,isco_level_2,EE,94,runup_from_2019_mix,0.30332234176825773
eu_l3,isco_level_2,EE,94,runup_from_2019_pooled,0.2731603358466676
eu_l3,isco_level_2,EE,96,runup_from_2019,0.07398341446686645
eu_l3,isco_level_2,EE,96,runup_from_2020,0.2334241801032131
eu_l3,isco_level_2,EE,96,runup_from_2019_vac,0.1320062457902486
eu_l3,isco_level_2,EE,96,runup_from_2019_mix,0.23922783525739838
eu_l3,isco_level_2,EE,96,runup_from_2019_pooled,0.22864745822534405
eu_l3,isco_level_2,EL,12,runup_from_2019,-0.13353139262452252
eu_l3,isco_level_2,EL,12,runup_from_2020,-0.13353139262452252
eu_l3,isco_level_2,EL,12,runup_from_2019_vac,-0.27808758105802056
eu_l3,isco_level_2,EL,12,runup_from_2019_mix,0.2201040282760187
eu_l3,isco_level_2,EL,12,runup_from_2019_pooled,0.24446408178875306
eu_l3,isco_level_2,EL,14,runup_from_2019,0.7330664534504945
eu_l3,isco_level_2,EL,14,runup_from_2020,-0.13353139262452252
eu_l3,isco_level_2,EL,14,runup_from_2019_vac,0.8374808658188707
eu_l3,isco_level_2,EL,14,runup_from_2019_mix,0.29197438992840696
eu_l3,isco_level_2,EL,14,runup_from_2019_pooled,0.25317490005446597
eu_l3,isco_level_2,EL,21,runup_from_2019,-0.30739062271223333
eu_l3,isco_level_2,EL,21,runup_from_2020,0.11553400063494126
eu_l3,isco_level_2,EL,21,runup_from_2019_vac,-0.005019599703011246
eu_l3,isco_level_2,EL,21,runup_from_2019_mix,0.2742372814256999
eu_l3,isco_level_2,EL,21,runup_from_2019_pooled,0.25205294245025983
eu_l3,isco_level_2,EL,22,runup_from_2019,0.39676893604818875
eu_l3,isco_level_2,EL,22,runup_from_2020,0.3251970751969225
eu_l3,isco_level_2,EL,22,runup_from_2019_vac,0.21284679969298087
eu_l3,isco_level_2,EL,22,runup_from_2019_mix,0.16878670848241328
eu_l3,isco_level_2,EL,22,runup_from_2019_pooled,0.1721416170252814
eu_l3,isco_level_2,EL,24,runup_from_2019,-0.2768072218241417
eu_l3,isco_level_2,EL,24,runup_from_2020,0.03526928853043029
eu_l3,isco_level_2,EL,24,runup_from_2019_vac,-0.010467168238045478
eu_l3,isco_level_2,EL,24,runup_from_2019_mix,0.26517202908016463
eu_l3,isco_level_2,EL,24,runup_from_2019_pooled,0.2514016893047965
eu_l3,isco_level_2,EL,25,runup_from_2019,0.300104592450338
eu_l3,isco_level_2,EL,25,runup_from_2020,0.9932517730102833
eu_l3,isco_level_2,EL,25,runup_from_2019_vac,0.26879463134048187
eu_l3,isco_level_2,EL,25,runup_from_2019_mix,0.26319105244348484
eu_l3,isco_level_2,EL,25,runup_from_2019_pooled,0.2598746776979377
eu_l3,isco_level_2,EL,26,runup_from_2019,-0.2116694550250639
eu_l3,isco_level_2,EL,26,runup_from_2020,0.24323169180178972
eu_l3,isco_level_2,EL,26,runup_from_2019_vac,0.01894240663109041
eu_l3,isco_level_2,EL,26,runup_from_2019_mix,0.24389331197653988
eu_l3,isco_level_2,EL,26,runup_from_2019_pooled,0.2152636121063766
eu_l3,isco_level_2,EL,31,runup_from_2019,-0.19734450356641337
eu_l3,isco_level_2,EL,31,runup_from_2020,-0.13666070386999188
eu_l3,isco_level_2,EL,31,runup_from_2019_vac,0.08086942182098243
eu_l3,isco_level_2,EL,31,runup_from_2019_mix,0.24544778551826846
eu_l3,isco_level_2,EL,31,runup_from_2019_pooled,0.2276955086746763
eu_l3,isco_level_2,EL,32,runup_from_2019,0.28755870802564176
eu_l3,isco_level_2,EL,32,runup_from_2020,0.23363519969820679
eu_l3,isco_level_2,EL,32,runup_from_2019_vac,0.17866751712775727
eu_l3,isco_level_2,EL,32,runup_from_2019_mix,0.1805668173532298
eu_l3,isco_level_2,EL,32,runup_from_2019_pooled,0.173028653055236
eu_l3,isco_level_2,EL,33,runup_from_2019,-0.14865465760915508
eu_l3,isco_level_2,EL,33,runup_from_2020,0.0808298504176174
eu_l3,isco_level_2,EL,33,runup_from_2019_vac,0.11443101812615286
eu_l3,isco_level_2,EL,33,runup_from_2019_mix,0.2569782427910475
eu_l3,isco_level_2,EL,33,runup_from_2019_pooled,0.24331163690461108
eu_l3,isco_level_2,EL,34,runup_from_2019,-0.2834051933036958
eu_l3,isco_level_2,EL,34,runup_from_2020,0.15969184435081174
eu_l3,isco_level_2,EL,34,runup_from_2019_vac,-0.059873230732998585
eu_l3,isco_level_2,EL,34,runup_from_2019_mix,0.20085451545764876
eu_l3,isco_level_2,EL,34,runup_from_2019_pooled,0.1917560116138421
eu_l3,isco_level_2,EL,35,runup_from_2019,0.300104592450338
eu_l3,isco_level_2,EL,35,runup_from_2020,0.9932517730102834
eu_l3,isco_level_2,EL,35,runup_from_2019_vac,0.26879463134048187
eu_l3,isco_level_2,EL,35,runup_from_2019_mix,0.26319105244348484
eu_l3,isco_level_2,EL,35,runup_from_2019_pooled,0.25033411023201657
eu_l3,isco_level_2,EL,41,runup_from_2019,-0.17411613365733433
eu_l3,isco_level_2,EL,41,runup_from_2020,0.03498945432142803
eu_l3,isco_level_2,EL,41,runup_from_2019_vac,-0.0659584715554906
eu_l3,isco_level_2,EL,41,runup_from_2019_mix,0.22077954002680408
eu_l3,isco_level_2,EL,41,runup_from_2019_pooled,0.22007888890575802
eu_l3,isco_level_2,EL,42,runup_from_2019,0.4077953711926019
eu_l3,isco_level_2,EL,42,runup_from_2020,0.34628261864938886
eu_l3,isco_level_2,EL,42,runup_from_2019_vac,0.5100243196209848
eu_l3,isco_level_2,EL,42,runup_from_2019_mix,0.27159396974635797
eu_l3,isco_level_2,EL,42,runup_from_2019_pooled,0.2562536313099383
eu_l3,isco_level_2,EL,43,runup_from_2019,-0.0918230399645627
eu_l3,isco_level_2,EL,43,runup_from_2020,-0.23075329162540437
eu_l3,isco_level_2,EL,43,runup_from_2019_vac,-0.09544481022357024
eu_l3,isco_level_2,EL,43,runup_from_2019_mix,0.22166895048914778
eu_l3,isco_level_2,EL,43,runup_from_2019_pooled,0.23458491600751655
eu_l3,isco_level_2,EL,44,runup_from_2019,-0.02241942744442061
eu_l3,isco_level_2,EL,44,runup_from_2020,0.2180234621720949
eu_l3,isco_level_2,EL,44,runup_from_2019_vac,-0.06481154688399872
eu_l3,isco_level_2,EL,44,runup_from_2019_mix,0.1723998352179648
eu_l3,isco_level_2,EL,44,runup_from_2019_pooled,0.22342473279847286
eu_l3,isco_level_2,EL,51,runup_from_2019,0.5817482059206777
eu_l3,isco_level_2,EL,51,runup_from_2020,0.05885049969390781
eu_l3,isco_level_2,EL,51,runup_from_2019_vac,0.6883404374438596
eu_l3,isco_level_2,EL,51,runup_from_2019_mix,0.2618039329136263
eu_l3,isco_level_2,EL,51,runup_from_2019_pooled,0.238314812334843
eu_l3,isco_level_2,EL,52,runup_from_2019,-0.0564852149667956
eu_l3,isco_level_2,EL,52,runup_from_2020,-0.1207417587810676
eu_l3,isco_level_2,EL,52,runup_from_2019_vac,-0.15408777106904697
eu_l3,isco_level_2,EL,52,runup_from_2019_mix,0.2260527754685597
eu_l3,isco_level_2,EL,52,runup_from_2019_pooled,0.22638151495911119
eu_l3,isco_level_2,EL,53,runup_from_2019,0.15978134986940104
eu_l3,isco_level_2,EL,53,runup_from_2020,0.22178278166779958
eu_l3,isco_level_2,EL,53,runup_from_2019_vac,0.03609926879638876
eu_l3,isco_level_2,EL,53,runup_from_2019_mix,0.16705215979121074
eu_l3,isco_level_2,EL,53,runup_from_2019_pooled,0.168589853474218
eu_l3,isco_level_2,EL,54,runup_from_2019,-0.13978738670416704
eu_l3,isco_level_2,EL,54,runup_from_2020,0.013193916121499435
eu_l3,isco_level_2,EL,54,runup_from_2019_vac,-0.06211193820895836
eu_l3,isco_level_2,EL,54,runup_from_2019_mix,0.21157571956129717
eu_l3,isco_level_2,EL,54,runup_from_2019_pooled,0.2271638342216441
eu_l3,isco_level_2,EL,72,runup_from_2019,-0.08034881429182787
eu_l3,isco_level_2,EL,72,runup_from_2020,-0.08034881429182782
eu_l3,isco_level_2,EL,72,runup_from_2019_vac,0.09995059312026307
eu_l3,isco_level_2,EL,72,runup_from_2019_mix,0.219023125403914
eu_l3,isco_level_2,EL,72,runup_from_2019_pooled,0.2167728606257869
eu_l3,isco_level_2,EL,73,runup_from_2019,0
eu_l3,isco_level_2,EL,73,runup_from_2020,1.1102230246251565e-16
eu_l3,isco_level_2,EL,73,runup_from_2019_vac,0.2659737843831307
eu_l3,isco_level_2,EL,73,runup_from_2019_mix,0.22072107126613297
eu_l3,isco_level_2,EL,73,runup_from_2019_pooled,0.21952040503363573
eu_l3,isco_level_2,EL,74,runup_from_2019,-0.16293543216257167
eu_l3,isco_level_2,EL,74,runup_from_2020,0.18337988148531403
eu_l3,isco_level_2,EL,74,runup_from_2019_vac,0.9747281626583857
eu_l3,isco_level_2,EL,74,runup_from_2019_mix,0.2094509494556688
eu_l3,isco_level_2,EL,74,runup_from_2019_pooled,0.21619110908262257
eu_l3,isco_level_2,EL,75,runup_from_2019,-0.027907867253891497
eu_l3,isco_level_2,EL,75,runup_from_2020,-0.02790786725389141
eu_l3,isco_level_2,EL,75,runup_from_2019_vac,0.15226574864506712
eu_l3,isco_level_2,EL,75,runup_from_2019_mix,0.22059211017676217
eu_l3,isco_level_2,EL,75,runup_from_2019_pooled,0.21738428807614973
eu_l3,isco_level_2,EL,81,runup_from_2019,0
eu_l3,isco_level_2,EL,81,runup_from_2020,1.1102230246251565e-16
eu_l3,isco_level_2,EL,81,runup_from_2019_vac,0.2659737843831307
eu_l3,isco_level_2,EL,81,runup_from_2019_mix,0.2207210712661329
eu_l3,isco_level_2,EL,81,runup_from_2019_pooled,0.21652054400345797
eu_l3,isco_level_2,EL,91,runup_from_2019,0.3601728482651494
eu_l3,isco_level_2,EL,91,runup_from_2020,0.13188073486555896
eu_l3,isco_level_2,EL,91,runup_from_2019_vac,0.3955925866649767
eu_l3,isco_level_2,EL,91,runup_from_2019_mix,0.23245711844806027
eu_l3,isco_level_2,EL,91,runup_from_2019_pooled,0.2330230761849543
eu_l3,isco_level_2,EL,93,runup_from_2019,-0.03775887694064214
eu_l3,isco_level_2,EL,93,runup_from_2020,-0.1032399141649914
eu_l3,isco_level_2,EL,93,runup_from_2019_vac,0.4653337634423015
eu_l3,isco_level_2,EL,93,runup_from_2019_mix,0.21788019119276586
eu_l3,isco_level_2,EL,93,runup_from_2019_pooled,0.2150336288425011
eu_l3,isco_level_2,EL,94,runup_from_2019,0.8698976923044446
eu_l3,isco_level_2,EL,94,runup_from_2019_vac,1.0136232521678537
eu_l3,isco_level_2,EL,94,runup_from_2019_mix,0.30332234176825773
eu_l3,isco_level_2,EL,94,runup_from_2019_pooled,0.2731603358466676
eu_l3,isco_level_2,EL,96,runup_from_2019,-0.6437570215309866
eu_l3,isco_level_2,EL,96,runup_from_2020,-0.30800053306131486
eu_l3,isco_level_2,EL,96,runup_from_2019_vac,-0.5713831272361083
eu_l3,isco_level_2,EL,96,runup_from_2019_mix,0.22736534266264816
eu_l3,isco_level_2,EL,96,runup_from_2019_pooled,0.22864745822534405
eu_l3,isco_level_2,ES,11,runup_from_2019,0.24842929024070315
eu_l3,isco_level_2,ES,11,runup_from_2020,0.4092290388880558
eu_l3,isco_level_2,ES,11,runup_from_2019_vac,0.3370566081390322
eu_l3,isco_level_2,ES,11,runup_from_2019_mix,0.21516253366139904
eu_l3,isco_level_2,ES,11,runup_from_2019_pooled,0.22205715776995835
eu_l3,isco_level_2,ES,12,runup_from_2019,0.22524086066934312
eu_l3,isco_level_2,ES,12,runup_from_2020,0.6110547571336906
eu_l3,isco_level_2,ES,12,runup_from_2019_vac,0.2692757883677628
eu_l3,isco_level_2,ES,12,runup_from_2019_mix,0.2511207643908078
eu_l3,isco_level_2,ES,12,runup_from_2019_pooled,0.24446408178875306
eu_l3,isco_level_2,ES,13,runup_from_2019,0.19028890614833427
eu_l3,isco_level_2,ES,13,runup_from_2020,0.5425924855332449
eu_l3,isco_level_2,ES,13,runup_from_2019_vac,0.22863056223138062
eu_l3,isco_level_2,ES,13,runup_from_2019_mix,0.20806246789041488
eu_l3,isco_level_2,ES,13,runup_from_2019_pooled,0.2130208675503039
eu_l3,isco_level_2,ES,14,runup_from_2019,0.1752582143708086
eu_l3,isco_level_2,ES,14,runup_from_2020,0.6993564199615004
eu_l3,isco_level_2,ES,14,runup_from_2019_vac,0.18065980957134986
eu_l3,isco_level_2,ES,14,runup_from_2019_mix,0.24689237850741916
eu_l3,isco_level_2,ES,14,runup_from_2019_pooled,0.25317490005446597
eu_l3,isco_level_2,ES,21,runup_from_2019,0.221127078765499
eu_l3,isco_level_2,ES,21,runup_from_2020,0.4661444690299948
eu_l3,isco_level_2,ES,21,runup_from_2019_vac,0.3056559313499135
eu_l3,isco_level_2,ES,21,runup_from_2019_mix,0.25544913937383057
eu_l3,isco_level_2,ES,21,runup_from_2019_pooled,0.25205294245025983
eu_l3,isco_level_2,ES,22,runup_from_2019,0.29782756645010666
eu_l3,isco_level_2,ES,22,runup_from_2020,0.3495742091331909
eu_l3,isco_level_2,ES,22,runup_from_2019_vac,0.379191423348026
eu_l3,isco_level_2,ES,22,runup_from_2019_mix,0.17350138965650722
eu_l3,isco_level_2,ES,22,runup_from_2019_pooled,0.1721416170252814
eu_l3,isco_level_2,ES,23,runup_from_2019,-0.25236342712113385
eu_l3,isco_level_2,ES,23,runup_from_2020,-0.16932443794605825
eu_l3,isco_level_2,ES,23,runup_from_2019_vac,-0.20001077315900231
eu_l3,isco_level_2,ES,23,runup_from_2019_mix,0.22000017399202454
eu_l3,isco_level_2,ES,23,runup_from_2019_pooled,0.21847032587873527
eu_l3,isco_level_2,ES,24,runup_from_2019,0.2740083779961826
eu_l3,isco_level_2,ES,24,runup_from_2020,0.5202744974522273
eu_l3,isco_level_2,ES,24,runup_from_2019_vac,0.3548754610504935
eu_l3,isco_level_2,ES,24,runup_from_2019_mix,0.2519868101082971
eu_l3,isco_level_2,ES,24,runup_from_2019_pooled,0.2514016893047965
eu_l3,isco_level_2,ES,25,runup_from_2019,0.20880873647329504
eu_l3,isco_level_2,ES,25,runup_from_2020,0.7126415679660063
eu_l3,isco_level_2,ES,25,runup_from_2019_vac,0.3523233736827081
eu_l3,isco_level_2,ES,25,runup_from_2019_mix,0.26202151514468697
eu_l3,isco_level_2,ES,25,runup_from_2019_pooled,0.2598746776979377
eu_l3,isco_level_2,ES,26,runup_from_2019,0.24361104464143202
eu_l3,isco_level_2,ES,26,runup_from_2020,0.4215874675493649
eu_l3,isco_level_2,ES,26,runup_from_2019_vac,0.3393714806018548
eu_l3,isco_level_2,ES,26,runup_from_2019_mix,0.2328012756264396
eu_l3,isco_level_2,ES,26,runup_from_2019_pooled,0.2152636121063766
eu_l3,isco_level_2,ES,31,runup_from_2019,0.1915872694237451
eu_l3,isco_level_2,ES,31,runup_from_2020,0.42483366152061713
eu_l3,isco_level_2,ES,31,runup_from_2019_vac,0.24620963032375906
eu_l3,isco_level_2,ES,31,runup_from_2019_mix,0.22473696657982817
eu_l3,isco_level_2,ES,31,runup_from_2019_pooled,0.2276955086746763
eu_l3,isco_level_2,ES,32,runup_from_2019,0.26315642409818524
eu_l3,isco_level_2,ES,32,runup_from_2020,0.4510082782615401
eu_l3,isco_level_2,ES,32,runup_from_2019_vac,0.33111427581520675
eu_l3,isco_level_2,ES,32,runup_from_2019_mix,0.1948633053599991
eu_l3,isco_level_2,ES,32,runup_from_2019_pooled,0.173028653055236
eu_l3,isco_level_2,ES,33,runup_from_2019,0.26465131950232323
eu_l3,isco_level_2,ES,33,runup_from_2020,0.6464975384418189
eu_l3,isco_level_2,ES,33,runup_from_2019_vac,0.30200629671786666
eu_l3,isco_level_2,ES,33,runup_from_2019_mix,0.24807719976516812
eu_l3,isco_level_2,ES,33,runup_from_2019_pooled,0.24331163690461108
eu_l3,isco_level_2,ES,34,runup_from_2019,0.11319110044047803
eu_l3,isco_level_2,ES,34,runup_from_2020,0.2829597308568328
eu_l3,isco_level_2,ES,34,runup_from_2019_vac,0.1564449055477867
eu_l3,isco_level_2,ES,34,runup_from_2019_mix,0.1953808947677995
eu_l3,isco_level_2,ES,34,runup_from_2019_pooled,0.1917560116138421
eu_l3,isco_level_2,ES,35,runup_from_2019,0.19627541297886206
eu_l3,isco_level_2,ES,35,runup_from_2020,0.6848659316698474
eu_l3,isco_level_2,ES,35,runup_from_2019_vac,0.3282134474663094
eu_l3,isco_level_2,ES,35,runup_from_2019_mix,0.2560560359514555
eu_l3,isco_level_2,ES,35,runup_from_2019_pooled,0.25033411023201657
eu_l3,isco_level_2,ES,41,runup_from_2019,0.24433306472255134
eu_l3,isco_level_2,ES,41,runup_from_2020,0.5174775506092649
eu_l3,isco_level_2,ES,41,runup_from_2019_vac,0.31196908990115313
eu_l3,isco_level_2,ES,41,runup_from_2019_mix,0.22701395787088388
eu_l3,isco_level_2,ES,41,runup_from_2019_pooled,0.22007888890575802
eu_l3,isco_level_2,ES,42,runup_from_2019,0.2258430053685352
eu_l3,isco_level_2,ES,42,runup_from_2020,0.4759537085369133
eu_l3,isco_level_2,ES,42,runup_from_2019_vac,0.2767288200103377
eu_l3,isco_level_2,ES,42,runup_from_2019_mix,0.23943984720797035
eu_l3,isco_level_2,ES,42,runup_from_2019_pooled,0.2562536313099383
eu_l3,isco_level_2,ES,43,runup_from_2019,0.26242274241852254
eu_l3,isco_level_2,ES,43,runup_from_2020,0.6935897389425983
eu_l3,isco_level_2,ES,43,runup_from_2019_vac,0.2935357481217513
eu_l3,isco_level_2,ES,43,runup_from_2019_mix,0.24196321799365114
eu_l3,isco_level_2,ES,43,runup_from_2019_pooled,0.23458491600751655
eu_l3,isco_level_2,ES,44,runup_from_2019,0.33272408193072484
eu_l3,isco_level_2,ES,44,runup_from_2020,0.8845177472820661
eu_l3,isco_level_2,ES,44,runup_from_2019_vac,0.41867697615875243
eu_l3,isco_level_2,ES,44,runup_from_2019_mix,0.21632533973652412
eu_l3,isco_level_2,ES,44,runup_from_2019_pooled,0.22342473279847286
eu_l3,isco_level_2,ES,51,runup_from_2019,0.08811078371350915
eu_l3,isco_level_2,ES,51,runup_from_2020,0.5510261788929793
eu_l3,isco_level_2,ES,51,runup_from_2019_vac,0.06720039287687492
eu_l3,isco_level_2,ES,51,runup_from_2019_mix,0.23273959742067923
eu_l3,isco_level_2,ES,51,runup_from_2019_pooled,0.238314812334843
eu_l3,isco_level_2,ES,52,runup_from_2019,0.1930547458315304
eu_l3,isco_level_2,ES,52,runup_from_2020,0.8814694849220581
eu_l3,isco_level_2,ES,52,runup_from_2019_vac,0.19058035393021888
eu_l3,isco_level_2,ES,52,runup_from_2019_mix,0.2403921234567294
eu_l3,isco_level_2,ES,52,runup_from_2019_pooled,0.22638151495911119
eu_l3,isco_level_2,ES,53,runup_from_2019,0.23903149277812574
eu_l3,isco_level_2,ES,53,runup_from_2020,0.2916747329775353
eu_l3,isco_level_2,ES,53,runup_from_2019_vac,0.3068777165510316
eu_l3,isco_level_2,ES,53,runup_from_2019_mix,0.1694509511805512
eu_l3,isco_level_2,ES,53,runup_from_2019_pooled,0.168589853474218
eu_l3,isco_level_2,ES,54,runup_from_2019,0.30415665329675917
eu_l3,isco_level_2,ES,54,runup_from_2020,0.2855366216043137
eu_l3,isco_level_2,ES,54,runup_from_2019_vac,0.4064010108682652
eu_l3,isco_level_2,ES,54,runup_from_2019_mix,0.2157166938474716
eu_l3,isco_level_2,ES,54,runup_from_2019_pooled,0.2271638342216441
eu_l3,isco_level_2,ES,71,runup_from_2019,0.09693118637904347
eu_l3,isco_level_2,ES,71,runup_from_2020,0.3634269043202621
eu_l3,isco_level_2,ES,71,runup_from_2019_vac,0.13634393265562061
eu_l3,isco_level_2,ES,71,runup_from_2019_mix,0.20600221849446887
eu_l3,isco_level_2,ES,71,runup_from_2019_pooled,0.20087113518437769
eu_l3,isco_level_2,ES,72,runup_from_2019,0.1749205080882387
eu_l3,isco_level_2,ES,72,runup_from_2020,0.5739546940697238
eu_l3,isco_level_2,ES,72,runup_from_2019_vac,0.19716906158354494
eu_l3,isco_level_2,ES,72,runup_from_2019_mix,0.21886577409029978
eu_l3,isco_level_2,ES,72,runup_from_2019_pooled,0.2167728606257869
eu_l3,isco_level_2,ES,73,runup_from_2019,0.16594196830701355
eu_l3,isco_level_2,ES,73,runup_from_2020,0.4736072815012305
eu_l3,isco_level_2,ES,73,runup_from_2019_vac,0.18575454507569839
eu_l3,isco_level_2,ES,73,runup_from_2019_mix,0.21940974695511206
eu_l3,isco_level_2,ES,73,runup_from_2019_pooled,0.21952040503363573
eu_l3,isco_level_2,ES,74,runup_from_2019,0.12106988460928066
eu_l3,isco_level_2,ES,74,runup_from_2020,0.4034546482223881
eu_l3,isco_level_2,ES,74,runup_from_2019_vac,0.1671103728393035
eu_l3,isco_level_2,ES,74,runup_from_2019_mix,0.21554935862633234
eu_l3,isco_level_2,ES,74,runup_from_2019_pooled,0.21619110908262257
eu_l3,isco_level_2,ES,75,runup_from_2019,0.15887578002782654
eu_l3,isco_level_2,ES,75,runup_from_2020,0.49218298892171713
eu_l3,isco_level_2,ES,75,runup_from_2019_vac,0.17401825304954105
eu_l3,isco_level_2,ES,75,runup_from_2019_mix,0.21573197954455922
eu_l3,isco_level_2,ES,75,runup_from_2019_pooled,0.21738428807614973
eu_l3,isco_level_2,ES,81,runup_from_2019,0.1534531253396465
eu_l3,isco_level_2,ES,81,runup_from_2020,0.42938659744517554
eu_l3,isco_level_2,ES,81,runup_from_2019_vac,0.170330400125069
eu_l3,isco_level_2,ES,81,runup_from_2019_mix,0.21417403677991947
eu_l3,isco_level_2,ES,81,runup_from_2019_pooled,0.21652054400345797
eu_l3,isco_level_2,ES,82,runup_from_2019,0.14527387400012692
eu_l3,isco_level_2,ES,82,runup_from_2020,0.4525540325201428
eu_l3,isco_level_2,ES,82,runup_from_2019_vac,0.1630849285259132
eu_l3,isco_level_2,ES,82,runup_from_2019_mix,0.21930317247652767
eu_l3,isco_level_2,ES,82,runup_from_2019_pooled,0.21989440056919204
eu_l3,isco_level_2,ES,83,runup_from_2019,0.3000449762157675
eu_l3,isco_level_2,ES,83,runup_from_2020,0.8391264579237815
eu_l3,isco_level_2,ES,83,runup_from_2019_vac,0.3697773458704705
eu_l3,isco_level_2,ES,83,runup_from_2019_mix,0.20788078574550212
eu_l3,isco_level_2,ES,83,runup_from_2019_pooled,0.20902411239158486
eu_l3,isco_level_2,ES,91,runup_from_2019,0.1508424355750686
eu_l3,isco_level_2,ES,91,runup_from_2020,0.27551764192926825
eu_l3,isco_level_2,ES,91,runup_from_2019_vac,0.17809819733347657
eu_l3,isco_level_2,ES,91,runup_from_2019_mix,0.23384241232485628
eu_l3,isco_level_2,ES,91,runup_from_2019_pooled,0.2330230761849543
eu_l3,isco_level_2,ES,93,runup_from_2019,0.20660734531353472
eu_l3,isco_level_2,ES,93,runup_from_2020,0.6934114125974179
eu_l3,isco_level_2,ES,93,runup_from_2019_vac,0.2468157125298452
eu_l3,isco_level_2,ES,93,runup_from_2019_mix,0.2104830166515497
eu_l3,isco_level_2,ES,93,runup_from_2019_pooled,0.2150336288425011
eu_l3,isco_level_2,ES,94,runup_from_2019,0.14101261101364515
eu_l3,isco_level_2,ES,94,runup_from_2020,0.7739137187702966
eu_l3,isco_level_2,ES,94,runup_from_2019_vac,0.10329177470768534
eu_l3,isco_level_2,ES,94,runup_from_2019_mix,0.2810756116369025
eu_l3,isco_level_2,ES,94,runup_from_2019_pooled,0.2731603358466676
eu_l3,isco_level_2,ES,95,runup_from_2019,0.27196206190799577
eu_l3,isco_level_2,ES,95,runup_from_2020,0.7626461406390089
eu_l3,isco_level_2,ES,95,runup_from_2019_vac,0.3293584898888408
eu_l3,isco_level_2,ES,95,runup_from_2019_mix,0.26212358887657716
eu_l3,isco_level_2,ES,95,runup_from_2019_pooled,0.2228967393588779
eu_l3,isco_level_2,ES,96,runup_from_2019,0.23677192274041067
eu_l3,isco_level_2,ES,96,runup_from_2020,0.30228378567880665
eu_l3,isco_level_2,ES,96,runup_from_2019_vac,0.30726712679426615
eu_l3,isco_level_2,ES,96,runup_from_2019_mix,0.23607196363218824
eu_l3,isco_level_2,ES,96,runup_from_2019_pooled,0.22864745822534405
eu_l3,isco_level_2,FI,12,runup_from_2019,0.2737105194650759
eu_l3,isco_level_2,FI,12,runup_from_2020,0.4621856437594388
eu_l3,isco_level_2,FI,12,runup_from_2019_vac,0.4104083911006812
eu_l3,isco_level_2,FI,12,runup_from_2019_mix,0.2688092817282679
eu_l3,isco_level_2,FI,12,runup_from_2019_pooled,0.24446408178875306
eu_l3,isco_level_2,FI,13,runup_from_2019,0.19574457712609528
eu_l3,isco_level_2,FI,13,runup_from_2020,0.19574457712609528
eu_l3,isco_level_2,FI,13,runup_from_2019_vac,0.08261963715375131
eu_l3,isco_level_2,FI,13,runup_from_2019_mix,0.22314355131420974
eu_l3,isco_level_2,FI,13,runup_from_2019_pooled,0.2130208675503039
eu_l3,isco_level_2,FI,14,runup_from_2019,-0.011504639544406184
eu_l3,isco_level_2,FI,14,runup_from_2020,0.21140797192635663
eu_l3,isco_level_2,FI,14,runup_from_2019_vac,0.05398820219707621
eu_l3,isco_level_2,FI,14,runup_from_2019_mix,0.2665542228174524
eu_l3,isco_level_2,FI,14,runup_from_2019_pooled,0.25317490005446597
eu_l3,isco_level_2,FI,21,runup_from_2019,0.1827449694542566
eu_l3,isco_level_2,FI,21,runup_from_2020,0.38212199567372046
eu_l3,isco_level_2,FI,21,runup_from_2019_vac,0.26948560909659347
eu_l3,isco_level_2,FI,21,runup_from_2019_mix,0.251564493075194
eu_l3,isco_level_2,FI,21,runup_from_2019_pooled,0.25205294245025983
eu_l3,isco_level_2,FI,22,runup_from_2019,0.311244827200349
eu_l3,isco_level_2,FI,22,runup_from_2020,0.48768568468963497
eu_l3,isco_level_2,FI,22,runup_from_2019_vac,0.4420756169984429
eu_l3,isco_level_2,FI,22,runup_from_2019_mix,0.17634623333328972
eu_l3,isco_level_2,FI,22,runup_from_2019_pooled,0.1721416170252814
eu_l3,isco_level_2,FI,23,runup_from_2019,0.22247487826208473
eu_l3,isco_level_2,FI,23,runup_from_2020,0.25518597878451094
eu_l3,isco_level_2,FI,23,runup_from_2019_vac,0.15605981200271862
eu_l3,isco_level_2,FI,23,runup_from_2019_mix,0.21035706565610576
eu_l3,isco_level_2,FI,23,runup_from_2019_pooled,0.21847032587873527
eu_l3,isco_level_2,FI,24,runup_from_2019,0.22117376198723782
eu_l3,isco_level_2,FI,24,runup_from_2020,0.3866053451307379
eu_l3,isco_level_2,FI,24,runup_from_2019_vac,0.295834345732554
eu_l3,isco_level_2,FI,24,runup_from_2019_mix,0.24229677803746452
eu_l3,isco_level_2,FI,24,runup_from_2019_pooled,0.2514016893047965
eu_l3,isco_level_2,FI,25,runup_from_2019,0.4201849890496952
eu_l3,isco_level_2,FI,25,runup_from_2020,0.5417256870102118
eu_l3,isco_level_2,FI,25,runup_from_2019_vac,0.5584496104939765
eu_l3,isco_level_2,FI,25,runup_from_2019_mix,0.2598528244812248
eu_l3,isco_level_2,FI,25,runup_from_2019_pooled,0.2598746776979377
eu_l3,isco_level_2,FI,26,runup_from_2019,0.300133510048546
eu_l3,isco_level_2,FI,26,runup_from_2020,0.4055217702932509
eu_l3,isco_level_2,FI,26,runup_from_2019_vac,0.3612751954755013
eu_l3,isco_level_2,FI,26,runup_from_2019_mix,0.19987157332609834
eu_l3,isco_level_2,FI,26,runup_from_2019_pooled,0.2152636121063766
eu_l3,isco_level_2,FI,31,runup_from_2019,0.17326605448865012
eu_l3,isco_level_2,FI,31,runup_from_2020,0.43542996217415525
eu_l3,isco_level_2,FI,31,runup_from_2019_vac,0.27606288189724126
eu_l3,isco_level_2,FI,31,runup_from_2019_mix,0.22824668228147896
eu_l3,isco_level_2,FI,31,runup_from_2019_pooled,0.2276955086746763
eu_l3,isco_level_2,FI,32,runup_from_2019,0.3149029969639658
eu_l3,isco_level_2,FI,32,runup_from_2020,0.49044370605864335
eu_l3,isco_level_2,FI,32,runup_from_2019_vac,0.44265627939763164
eu_l3,isco_level_2,FI,32,runup_from_2019_mix,0.1653750733440291
eu_l3,isco_level_2,FI,32,runup_from_2019_pooled,0.173028653055236
eu_l3,isco_level_2,FI,33,runup_from_2019,0.20324193475502927
eu_l3,isco_level_2,FI,33,runup_from_2020,0.37572125683802365
eu_l3,isco_level_2,FI,33,runup_from_2019_vac,0.26720444222061895
eu_l3,isco_level_2,FI,33,runup_from_2019_mix,0.24421072789688197
eu_l3,isco_level_2,FI,33,runup_from_2019_pooled,0.24331163690461108
eu_l3,isco_level_2,FI,34,runup_from_2019,0.3300425763002622
eu_l3,isco_level_2,FI,34,runup_from_2020,0.486797113163092
eu_l3,isco_level_2,FI,34,runup_from_2019_vac,0.4194313262879307
eu_l3,isco_level_2,FI,34,runup_from_2019_mix,0.16467949241409324
eu_l3,isco_level_2,FI,34,runup_from_2019_pooled,0.1917560116138421
eu_l3,isco_level_2,FI,35,runup_from_2019,0.48671223797229596
eu_l3,isco_level_2,FI,35,runup_from_2020,0.5553425430474158
eu_l3,isco_level_2,FI,35,runup_from_2019_vac,0.5994499735477831
eu_l3,isco_level_2,FI,35,runup_from_2019_mix,0.24107658979492771
eu_l3,isco_level_2,FI,35,runup_from_2019_pooled,0.25033411023201657
eu_l3,isco_level_2,FI,41,runup_from_2019,0.1719540679399313
eu_l3,isco_level_2,FI,41,runup_from_2020,0.3842078360333572
eu_l3,isco_level_2,FI,41,runup_from_2019_vac,0.22835083422640218
eu_l3,isco_level_2,FI,41,runup_from_2019_mix,0.22425593973837238
eu_l3,isco_level_2,FI,41,runup_from_2019_pooled,0.22007888890575802
eu_l3,isco_level_2,FI,42,runup_from_2019,0.32490687017352066
eu_l3,isco_level_2,FI,42,runup_from_2020,0.4325342143574944
eu_l3,isco_level_2,FI,42,runup_from_2019_vac,0.3440787231865983
eu_l3,isco_level_2,FI,42,runup_from_2019_mix,0.25558576820209433
eu_l3,isco_level_2,FI,42,runup_from_2019_pooled,0.2562536313099383
eu_l3,isco_level_2,FI,43,runup_from_2019,0.18778026763389608
eu_l3,isco_level_2,FI,43,runup_from_2020,0.43637687016308857
eu_l3,isco_level_2,FI,43,runup_from_2019_vac,0.279814808272154
eu_l3,isco_level_2,FI,43,runup_from_2019_mix,0.2575454214622135
eu_l3,isco_level_2,FI,43,runup_from_2019_pooled,0.23458491600751655
eu_l3,isco_level_2,FI,44,runup_from_2019,0.1882577674498623
eu_l3,isco_level_2,FI,44,runup_from_2020,0.6378988206457752
eu_l3,isco_level_2,FI,44,runup_from_2019_vac,0.2910741305164846
eu_l3,isco_level_2,FI,44,runup_from_2019_mix,0.19565013937869805
eu_l3,isco_level_2,FI,44,runup_from_2019_pooled,0.22342473279847286
eu_l3,isco_level_2,FI,51,runup_from_2019,0.47542638210303717
eu_l3,isco_level_2,FI,51,runup_from_2020,0.6526898792204837
eu_l3,isco_level_2,FI,51,runup_from_2019_vac,0.43112172437845164
eu_l3,isco_level_2,FI,51,runup_from_2019_mix,0.2568347771944228
eu_l3,isco_level_2,FI,51,runup_from_2019_pooled,0.238314812334843
eu_l3,isco_level_2,FI,52,runup_from_2019,0.01105802398696297
eu_l3,isco_level_2,FI,52,runup_from_2020,0.26620241563549574
eu_l3,isco_level_2,FI,52,runup_from_2019_vac,0.07739707646644739
eu_l3,isco_level_2,FI,52,runup_from_2019_mix,0.22756308432663477
eu_l3,isco_level_2,FI,52,runup_from_2019_pooled,0.22638151495911119
eu_l3,isco_level_2,FI,53,runup_from_2019,0.320124043777434
eu_l3,isco_level_2,FI,53,runup_from_2020,0.48025364692776296
eu_l3,isco_level_2,FI,53,runup_from_2019_vac,0.43303843436574985
eu_l3,isco_level_2,FI,53,runup_from_2019_mix,0.16672424226123658
eu_l3,isco_level_2,FI,53,runup_from_2019_pooled,0.168589853474218
eu_l3,isco_level_2,FI,54,runup_from_2019,0.3764640739001214
eu_l3,isco_level_2,FI,54,runup_from_2020,0.3644391124748521
eu_l3,isco_level_2,FI,54,runup_from_2019_vac,0.3548704694727723
eu_l3,isco_level_2,FI,54,runup_from_2019_mix,0.2522506043347895
eu_l3,isco_level_2,FI,54,runup_from_2019_pooled,0.2271638342216441
eu_l3,isco_level_2,FI,71,runup_from_2019,0.1600871083083771
eu_l3,isco_level_2,FI,71,runup_from_2020,0.46006320158840397
eu_l3,isco_level_2,FI,71,runup_from_2019_vac,0.1961492127422582
eu_l3,isco_level_2,FI,71,runup_from_2019_mix,0.21121255515921827
eu_l3,isco_level_2,FI,71,runup_from_2019_pooled,0.20087113518437769
eu_l3,isco_level_2,FI,72,runup_from_2019,0.18786739909225958
eu_l3,isco_level_2,FI,72,runup_from_2020,0.4699153127566567
eu_l3,isco_level_2,FI,72,runup_from_2019_vac,0.34417799676437744
eu_l3,isco_level_2,FI,72,runup_from_2019_mix,0.2215383518108963
eu_l3,isco_level_2,FI,72,runup_from_2019_pooled,0.2167728606257869
eu_l3,isco_level_2,FI,73,runup_from_2019,0.31015492830383956
eu_l3,isco_level_2,FI,73,runup_from_2020,0.5978370007556204
eu_l3,isco_level_2,FI,73,runup_from_2019_vac,0.5202503405052639
eu_l3,isco_level_2,FI,73,runup_from_2019_mix,0.22072107126613294
eu_l3,isco_level_2,FI,73,runup_from_2019_pooled,0.21952040503363573
eu_l3,isco_level_2,FI,74,runup_from_2019,0.18059013778149363
eu_l3,isco_level_2,FI,74,runup_from_2020,0.4914562054386988
eu_l3,isco_level_2,FI,74,runup_from_2019_vac,0.26541700033399035
eu_l3,isco_level_2,FI,74,runup_from_2019_mix,0.20564301490706674
eu_l3,isco_level_2,FI,74,runup_from_2019_pooled,0.21619110908262257
eu_l3,isco_level_2,FI,75,runup_from_2019,0.28617191614922666
eu_l3,isco_level_2,FI,75,runup_from_2020,0.580124170985053
eu_l3,isco_level_2,FI,75,runup_from_2019_vac,0.46777966936354387
eu_l3,isco_level_2,FI,75,runup_from_2019_mix,0.2169385468045967
eu_l3,isco_level_2,FI,75,runup_from_2019_pooled,0.21738428807614973
eu_l3,isco_level_2,FI,81,runup_from_2019,0.2984141793817295
eu_l3,isco_level_2,FI,81,runup_from_2020,0.5891657844089986
eu_l3,isco_level_2,FI,81,runup_from_2019_vac,0.49456361810033656
eu_l3,isco_level_2,FI,81,runup_from_2019_mix,0.21552693195124475
eu_l3,isco_level_2,FI,81,runup_from_2019_pooled,0.21652054400345797
eu_l3,isco_level_2,FI,82,runup_from_2019,0.31015492830383956
eu_l3,isco_level_2,FI,82,runup_from_2020,0.5978370007556204
eu_l3,isco_level_2,FI,82,runup_from_2019_vac,0.5202503405052639
eu_l3,isco_level_2,FI,82,runup_from_2019_mix,0.22072107126613294
eu_l3,isco_level_2,FI,82,runup_from_2019_pooled,0.21989440056919204
eu_l3,isco_level_2,FI,83,runup_from_2019,0.18694783845437457
eu_l3,isco_level_2,FI,83,runup_from_2020,0.6484667794141304
eu_l3,isco_level_2,FI,83,runup_from_2019_vac,0.3026601615047592
eu_l3,isco_level_2,FI,83,runup_from_2019_mix,0.18632085242895943
eu_l3,isco_level_2,FI,83,runup_from_2019_pooled,0.20902411239158486
eu_l3,isco_level_2,FI,91,runup_from_2019,0.3498595789105795
eu_l3,isco_level_2,FI,91,runup_from_2020,0.42926157530839343
eu_l3,isco_level_2,FI,91,runup_from_2019_vac,0.38182965265600316
eu_l3,isco_level_2,FI,91,runup_from_2019_mix,0.255318004194372
eu_l3,isco_level_2,FI,91,runup_from_2019_pooled,0.2330230761849543
eu_l3,isco_level_2,FI,93,runup_from_2019,0.1274237295124657
eu_l3,isco_level_2,FI,93,runup_from_2020,0.46605360654135625
eu_l3,isco_level_2,FI,93,runup_from_2019_vac,0.24170469107151177
eu_l3,isco_level_2,FI,93,runup_from_2019_mix,0.2241575715311437
eu_l3,isco_level_2,FI,93,runup_from_2019_pooled,0.2150336288425011
eu_l3,isco_level_2,FI,94,runup_from_2019,0.643265537940868
eu_l3,isco_level_2,FI,94,runup_from_2020,0.8622907990254799
eu_l3,isco_level_2,FI,94,runup_from_2019_vac,0.554084619337741
eu_l3,isco_level_2,FI,94,runup_from_2019_mix,0.283238817764611
eu_l3,isco_level_2,FI,94,runup_from_2019_pooled,0.2731603358466676
eu_l3,isco_level_2,FI,96,runup_from_2019,0.26032074965626356
eu_l3,isco_level_2,FI,96,runup_from_2020,0.5663109053856612
eu_l3,isco_level_2,FI,96,runup_from_2019_vac,0.3389159592241372
eu_l3,isco_level_2,FI,96,runup_from_2019_mix,0.26953286437695384
eu_l3,isco_level_2,FI,96,runup_from_2019_pooled,0.22864745822534405
eu_l3,isco_level_2,FR,11,runup_from_2019,0.5153231343239878
eu_l3,isco_level_2,FR,11,runup_from_2019_vac,0.5969909086110666
eu_l3,isco_level_2,FR,11,runup_from_2019_mix,0.22282786039232347
eu_l3,isco_level_2,FR,11,runup_from_2019_pooled,0.22205715776995835
eu_l3,isco_level_2,FR,12,runup_from_2019,0.46504036774685475
eu_l3,isco_level_2,FR,12,runup_from_2019_vac,0.5403488714025433
eu_l3,isco_level_2,FR,12,runup_from_2019_mix,0.24993445897009026
eu_l3,isco_level_2,FR,12,runup_from_2019_pooled,0.24446408178875306
eu_l3,isco_level_2,FR,13,runup_from_2019,0.4599094458077856
eu_l3,isco_level_2,FR,13,runup_from_2019_vac,0.5376511007982245
eu_l3,isco_level_2,FR,13,runup_from_2019_mix,0.20587986983624604
eu_l3,isco_level_2,FR,13,runup_from_2019_pooled,0.2130208675503039
eu_l3,isco_level_2,FR,14,runup_from_2019,0.5172615962541668
eu_l3,isco_level_2,FR,14,runup_from_2019_vac,0.5986860089062194
eu_l3,isco_level_2,FR,14,runup_from_2019_mix,0.2577071048856973
eu_l3,isco_level_2,FR,14,runup_from_2019_pooled,0.25317490005446597
eu_l3,isco_level_2,FR,21,runup_from_2019,0.44855334428274174
eu_l3,isco_level_2,FR,21,runup_from_2019_vac,0.5226772137032366
eu_l3,isco_level_2,FR,21,runup_from_2019_mix,0.25275408050221293
eu_l3,isco_level_2,FR,21,runup_from_2019_pooled,0.25205294245025983
eu_l3,isco_level_2,FR,23,runup_from_2019,0.5879542028793199
eu_l3,isco_level_2,FR,23,runup_from_2019_vac,0.7268255149355618
eu_l3,isco_level_2,FR,23,runup_from_2019_mix,0.21690997576195845
eu_l3,isco_level_2,FR,23,runup_from_2019_pooled,0.21847032587873527
eu_l3,isco_level_2,FR,24,runup_from_2019,0.45905504213751724
eu_l3,isco_level_2,FR,24,runup_from_2019_vac,0.5372480222922935
eu_l3,isco_level_2,FR,24,runup_from_2019_mix,0.25172589388867384
eu_l3,isco_level_2,FR,24,runup_from_2019_pooled,0.2514016893047965
eu_l3,isco_level_2,FR,25,runup_from_2019,0.32643255265547655
eu_l3,isco_level_2,FR,25,runup_from_2019_vac,0.42291539970932407
eu_l3,isco_level_2,FR,25,runup_from_2019_mix,0.2670472014700436
eu_l3,isco_level_2,FR,25,runup_from_2019_pooled,0.2598746776979377
eu_l3,isco_level_2,FR,26,runup_from_2019,0.45859770100088726
eu_l3,isco_level_2,FR,26,runup_from_2019_vac,0.5750479136016624
eu_l3,isco_level_2,FR,26,runup_from_2019_mix,0.2026852933009688
eu_l3,isco_level_2,FR,26,runup_from_2019_pooled,0.2152636121063766
eu_l3,isco_level_2,FR,31,runup_from_2019,0.5185144817900912
eu_l3,isco_level_2,FR,31,runup_from_2019_vac,0.5798897178040135
eu_l3,isco_level_2,FR,31,runup_from_2019_mix,0.23034392761056358
eu_l3,isco_level_2,FR,31,runup_from_2019_pooled,0.2276955086746763
eu_l3,isco_level_2,FR,33,runup_from_2019,0.4844767789032837
eu_l3,isco_level_2,FR,33,runup_from_2019_vac,0.5568796593363067
eu_l3,isco_level_2,FR,33,runup_from_2019_mix,0.2421202960380311
eu_l3,isco_level_2,FR,33,runup_from_2019_pooled,0.24331163690461108
eu_l3,isco_level_2,FR,34,runup_from_2019,0.546802601170852
eu_l3,isco_level_2,FR,34,runup_from_2019_vac,0.6671841868234714
eu_l3,isco_level_2,FR,34,runup_from_2019_mix,0.20431128841915036
eu_l3,isco_level_2,FR,34,runup_from_2019_pooled,0.1917560116138421
eu_l3,isco_level_2,FR,35,runup_from_2019,0.27414449325669277
eu_l3,isco_level_2,FR,35,runup_from_2019_vac,0.3883389975714903
eu_l3,isco_level_2,FR,35,runup_from_2019_mix,0.23844513195708408
eu_l3,isco_level_2,FR,35,runup_from_2019_pooled,0.25033411023201657
eu_l3,isco_level_2,FR,41,runup_from_2019,0.505986441115495
eu_l3,isco_level_2,FR,41,runup_from_2019_vac,0.5872205401025069
eu_l3,isco_level_2,FR,41,runup_from_2019_mix,0.21362859007252036
eu_l3,isco_level_2,FR,41,runup_from_2019_pooled,0.22007888890575802
eu_l3,isco_level_2,FR,42,runup_from_2019,0.537981518713088
eu_l3,isco_level_2,FR,42,runup_from_2019_vac,0.6174697371513883
eu_l3,isco_level_2,FR,42,runup_from_2019_mix,0.23719169737250567
eu_l3,isco_level_2,FR,42,runup_from_2019_pooled,0.2562536313099383
eu_l3,isco_level_2,FR,43,runup_from_2019,0.5139842752987479
eu_l3,isco_level_2,FR,43,runup_from_2019_vac,0.5624040333842661
eu_l3,isco_level_2,FR,43,runup_from_2019_mix,0.24948258292709843
eu_l3,isco_level_2,FR,43,runup_from_2019_pooled,0.23458491600751655
eu_l3,isco_level_2,FR,44,runup_from_2019,0.5853408458141627
eu_l3,isco_level_2,FR,44,runup_from_2019_vac,0.6484767295696824
eu_l3,isco_level_2,FR,44,runup_from_2019_mix,0.20549237140468699
eu_l3,isco_level_2,FR,44,runup_from_2019_pooled,0.22342473279847286
eu_l3,isco_level_2,FR,51,runup_from_2019,0.5364498905048976
eu_l3,isco_level_2,FR,51,runup_from_2019_vac,0.644316495521767
eu_l3,isco_level_2,FR,51,runup_from_2019_mix,0.23039981428960193
eu_l3,isco_level_2,FR,51,runup_from_2019_pooled,0.238314812334843
eu_l3,isco_level_2,FR,52,runup_from_2019,0.5193276855544515
eu_l3,isco_level_2,FR,52,runup_from_2019_vac,0.5801917260755669
eu_l3,isco_level_2,FR,52,runup_from_2019_mix,0.22798027477523727
eu_l3,isco_level_2,FR,52,runup_from_2019_pooled,0.22638151495911119
eu_l3,isco_level_2,FR,54,runup_from_2019,0.5705212945360797
eu_l3,isco_level_2,FR,54,runup_from_2019_vac,0.6460620762007289
eu_l3,isco_level_2,FR,54,runup_from_2019_mix,0.22355737401732742
eu_l3,isco_level_2,FR,54,runup_from_2019_pooled,0.2271638342216441
eu_l3,isco_level_2,FR,71,runup_from_2019,0.3752670648406738
eu_l3,isco_level_2,FR,71,runup_from_2019_vac,0.4601779452798582
eu_l3,isco_level_2,FR,71,runup_from_2019_mix,0.1975892690627364
eu_l3,isco_level_2,FR,71,runup_from_2019_pooled,0.20087113518437769
eu_l3,isco_level_2,FR,72,runup_from_2019,0.5190073553405254
eu_l3,isco_level_2,FR,72,runup_from_2019_vac,0.5592599122629651
eu_l3,isco_level_2,FR,72,runup_from_2019_mix,0.22170017537530845
eu_l3,isco_level_2,FR,72,runup_from_2019_pooled,0.2167728606257869
eu_l3,isco_level_2,FR,73,runup_from_2019,0.5533852381847866
eu_l3,isco_level_2,FR,73,runup_from_2019_vac,0.5632099394931114
eu_l3,isco_level_2,FR,73,runup_from_2019_mix,0.22072107126613294
eu_l3,isco_level_2,FR,73,runup_from_2019_pooled,0.21952040503363573
eu_l3,isco_level_2,FR,74,runup_from_2019,0.41090951204143394
eu_l3,isco_level_2,FR,74,runup_from_2019_vac,0.48331221670026436
eu_l3,isco_level_2,FR,74,runup_from_2019_mix,0.20253833558005643
eu_l3,isco_level_2,FR,74,runup_from_2019_pooled,0.21619110908262257
eu_l3,isco_level_2,FR,75,runup_from_2019,0.5454164863024605
eu_l3,isco_level_2,FR,75,runup_from_2019_vac,0.5745927008752306
eu_l3,isco_level_2,FR,75,runup_from_2019_mix,0.21584327752232524
eu_l3,isco_level_2,FR,75,runup_from_2019_pooled,0.21738428807614973
eu_l3,isco_level_2,FR,81,runup_from_2019,0.5523251651321489
eu_l3,isco_level_2,FR,81,runup_from_2019_vac,0.5704062012561255
eu_l3,isco_level_2,FR,81,runup_from_2019_mix,0.21379640460889088
eu_l3,isco_level_2,FR,81,runup_from_2019_pooled,0.21652054400345797
eu_l3,isco_level_2,FR,82,runup_from_2019,0.5533852381847866
eu_l3,isco_level_2,FR,82,runup_from_2019_vac,0.5632099394931114
eu_l3,isco_level_2,FR,82,runup_from_2019_mix,0.22072107126613297
eu_l3,isco_level_2,FR,82,runup_from_2019_pooled,0.21989440056919204
eu_l3,isco_level_2,FR,83,runup_from_2019,0.5716152613719313
eu_l3,isco_level_2,FR,83,runup_from_2019_vac,0.6019206262904423
eu_l3,isco_level_2,FR,83,runup_from_2019_mix,0.22738643164253403
eu_l3,isco_level_2,FR,83,runup_from_2019_pooled,0.20902411239158486
eu_l3,isco_level_2,FR,91,runup_from_2019,0.5508161260002122
eu_l3,isco_level_2,FR,91,runup_from_2019_vac,0.642289452913559
eu_l3,isco_level_2,FR,91,runup_from_2019_mix,0.20609254463440974
eu_l3,isco_level_2,FR,91,runup_from_2019_pooled,0.2330230761849543
eu_l3,isco_level_2,FR,93,runup_from_2019,0.5230352959978856
eu_l3,isco_level_2,FR,93,runup_from_2019_vac,0.5746261822474603
eu_l3,isco_level_2,FR,93,runup_from_2019_mix,0.2152296223621465
eu_l3,isco_level_2,FR,93,runup_from_2019_pooled,0.2150336288425011
eu_l3,isco_level_2,FR,94,runup_from_2019,0.5297091052206981
eu_l3,isco_level_2,FR,94,runup_from_2019_vac,0.6361517080613557
eu_l3,isco_level_2,FR,94,runup_from_2019_mix,0.27473839866932065
eu_l3,isco_level_2,FR,94,runup_from_2019_pooled,0.2731603358466676
eu_l3,isco_level_2,FR,96,runup_from_2019,0.7354903096217031
eu_l3,isco_level_2,FR,96,runup_from_2019_vac,0.8360000924369817
eu_l3,isco_level_2,FR,96,runup_from_2019_mix,0.21524978143417953
eu_l3,isco_level_2,FR,96,runup_from_2019_pooled,0.22864745822534405
eu_l3,isco_level_2,HR,12,runup_from_2019,-0.09109127424812805
eu_l3,isco_level_2,HR,12,runup_from_2020,0.278111553099211
eu_l3,isco_level_2,HR,12,runup_from_2019_vac,-0.05743151925673752
eu_l3,isco_level_2,HR,12,runup_from_2019_mix,0.29432598400634213
eu_l3,isco_level_2,HR,12,runup_from_2019_pooled,0.24446408178875306
eu_l3,isco_level_2,HR,13,runup_from_2019,-0.06307985840351667
eu_l3,isco_level_2,HR,13,runup_from_2020,0.1846918205783681
eu_l3,isco_level_2,HR,13,runup_from_2019_vac,0.01382256911678862
eu_l3,isco_level_2,HR,13,runup_from_2019_mix,0.1956677143037624
eu_l3,isco_level_2,HR,13,runup_from_2019_pooled,0.2130208675503039
eu_l3,isco_level_2,HR,14,runup_from_2019,0.07541668071867422
eu_l3,isco_level_2,HR,14,runup_from_2020,0.4957825830222717
eu_l3,isco_level_2,HR,14,runup_from_2019_vac,0.08950515350146523
eu_l3,isco_level_2,HR,14,runup_from_2019_mix,0.25959846564000993
eu_l3,isco_level_2,HR,14,runup_from_2019_pooled,0.25317490005446597
eu_l3,isco_level_2,HR,21,runup_from_2019,-0.0018090022211554304
eu_l3,isco_level_2,HR,21,runup_from_2020,0.2860005008383009
eu_l3,isco_level_2,HR,21,runup_from_2019_vac,0.02536675143177518
eu_l3,isco_level_2,HR,21,runup_from_2019_mix,0.25269525994338243
eu_l3,isco_level_2,HR,21,runup_from_2019_pooled,0.25205294245025983
eu_l3,isco_level_2,HR,22,runup_from_2019,-0.15236724413515118
eu_l3,isco_level_2,HR,22,runup_from_2020,0.234156879499847
eu_l3,isco_level_2,HR,22,runup_from_2019_vac,-0.19947019725187923
eu_l3,isco_level_2,HR,22,runup_from_2019_mix,0.17235043695144972
eu_l3,isco_level_2,HR,22,runup_from_2019_pooled,0.1721416170252814
eu_l3,isco_level_2,HR,23,runup_from_2019,0.17589066646366436
eu_l3,isco_level_2,HR,23,runup_from_2020,0.3659342693515293
eu_l3,isco_level_2,HR,23,runup_from_2019_vac,0.2507275682491077
eu_l3,isco_level_2,HR,23,runup_from_2019_mix,0.2231435513142097
eu_l3,isco_level_2,HR,23,runup_from_2019_pooled,0.21847032587873527
eu_l3,isco_level_2,HR,24,runup_from_2019,0.019813022854711402
eu_l3,isco_level_2,HR,24,runup_from_2020,0.3721117566982775
eu_l3,isco_level_2,HR,24,runup_from_2019_vac,0.06302234208556634
eu_l3,isco_level_2,HR,24,runup_from_2019_mix,0.23036630920657888
eu_l3,isco_level_2,HR,24,runup_from_2019_pooled,0.2514016893047965
eu_l3,isco_level_2,HR,25,runup_from_2019,-0.1815595807131187
eu_l3,isco_level_2,HR,25,runup_from_2020,0.35990719770835605
eu_l3,isco_level_2,HR,25,runup_from_2019_vac,-0.09151442026080192
eu_l3,isco_level_2,HR,25,runup_from_2019_mix,0.2600902699549442
eu_l3,isco_level_2,HR,25,runup_from_2019_pooled,0.2598746776979377
eu_l3,isco_level_2,HR,26,runup_from_2019,-0.036644998177179096
eu_l3,isco_level_2,HR,26,runup_from_2020,0.28780121726799807
eu_l3,isco_level_2,HR,26,runup_from_2019_vac,9.002429020375376e-4
eu_l3,isco_level_2,HR,26,runup_from_2019_mix,0.22654883668929218
eu_l3,isco_level_2,HR,26,runup_from_2019_pooled,0.2152636121063766
eu_l3,isco_level_2,HR,31,runup_from_2019,0.04205635125097014
eu_l3,isco_level_2,HR,31,runup_from_2020,0.35635291576882483
eu_l3,isco_level_2,HR,31,runup_from_2019_vac,0.06503160753729662
eu_l3,isco_level_2,HR,31,runup_from_2019_mix,0.22345798278710505
eu_l3,isco_level_2,HR,31,runup_from_2019_pooled,0.2276955086746763
eu_l3,isco_level_2,HR,32,runup_from_2019,-0.14601076978056285
eu_l3,isco_level_2,HR,32,runup_from_2020,0.24406267288444292
eu_l3,isco_level_2,HR,32,runup_from_2019_vac,-0.1948146155244742
eu_l3,isco_level_2,HR,32,runup_from_2019_mix,0.17162793504199622
eu_l3,isco_level_2,HR,32,runup_from_2019_pooled,0.173028653055236
eu_l3,isco_level_2,HR,33,runup_from_2019,-0.035195992023448704
eu_l3,isco_level_2,HR,33,runup_from_2020,0.30411389071918205
eu_l3,isco_level_2,HR,33,runup_from_2019_vac,0.011377044398478833
eu_l3,isco_level_2,HR,33,runup_from_2019_mix,0.2351351579945678
eu_l3,isco_level_2,HR,33,runup_from_2019_pooled,0.24331163690461108
eu_l3,isco_level_2,HR,34,runup_from_2019,0.0982404574599504
eu_l3,isco_level_2,HR,34,runup_from_2020,0.44088035165652334
eu_l3,isco_level_2,HR,34,runup_from_2019_vac,0.08895397910743992
eu_l3,isco_level_2,HR,34,runup_from_2019_mix,0.18438490185406806
eu_l3,isco_level_2,HR,34,runup_from_2019_pooled,0.1917560116138421
eu_l3,isco_level_2,HR,35,runup_from_2019,-0.12164160647082681
eu_l3,isco_level_2,HR,35,runup_from_2020,0.3773261755957574
eu_l3,isco_level_2,HR,35,runup_from_2019_vac,-0.050604187584514744
eu_l3,isco_level_2,HR,35,runup_from_2019_mix,0.26279265155221615
eu_l3,isco_level_2,HR,35,runup_from_2019_pooled,0.25033411023201657
eu_l3,isco_level_2,HR,41,runup_from_2019,0.00976677214947002
eu_l3,isco_level_2,HR,41,runup_from_2020,0.36279187919856365
eu_l3,isco_level_2,HR,41,runup_from_2019_vac,0.04786976236242234
eu_l3,isco_level_2,HR,41,runup_from_2019_mix,0.21358965473498914
eu_l3,isco_level_2,HR,41,runup_from_2019_pooled,0.22007888890575802
eu_l3,isco_level_2,HR,42,runup_from_2019,-0.06573379722402603
eu_l3,isco_level_2,HR,42,runup_from_2020,0.3005671852226563
eu_l3,isco_level_2,HR,42,runup_from_2019_vac,-0.04844584876997566
eu_l3,isco_level_2,HR,42,runup_from_2019_mix,0.25188649823761516
eu_l3,isco_level_2,HR,42,runup_from_2019_pooled,0.2562536313099383
eu_l3,isco_level_2,HR,43,runup_from_2019,0.01588233951685391
eu_l3,isco_level_2,HR,43,runup_from_2020,0.41620246656387555
eu_l3,isco_level_2,HR,43,runup_from_2019_vac,0.04522133126929121
eu_l3,isco_level_2,HR,43,runup_from_2019_mix,0.22666011263024188
eu_l3,isco_level_2,HR,43,runup_from_2019_pooled,0.23458491600751655
eu_l3,isco_level_2,HR,44,runup_from_2019,-0.017667635599470093
eu_l3,isco_level_2,HR,44,runup_from_2020,0.5666500271460139
eu_l3,isco_level_2,HR,44,runup_from_2019_vac,-0.01213689843414101
eu_l3,isco_level_2,HR,44,runup_from_2019_mix,0.21677437818422382
eu_l3,isco_level_2,HR,44,runup_from_2019_pooled,0.22342473279847286
eu_l3,isco_level_2,HR,51,runup_from_2019,0.11690220233046703
eu_l3,isco_level_2,HR,51,runup_from_2020,0.43555360855965614
eu_l3,isco_level_2,HR,51,runup_from_2019_vac,0.10857432921980154
eu_l3,isco_level_2,HR,51,runup_from_2019_mix,0.2404340166184292
eu_l3,isco_level_2,HR,51,runup_from_2019_pooled,0.238314812334843
eu_l3,isco_level_2,HR,52,runup_from_2019,0.034915342673856375
eu_l3,isco_level_2,HR,52,runup_from_2020,0.5408302344725971
eu_l3,isco_level_2,HR,52,runup_from_2019_vac,0.08717222967780089
eu_l3,isco_level_2,HR,52,runup_from_2019_mix,0.22309724629637687
eu_l3,isco_level_2,HR,52,runup_from_2019_pooled,0.22638151495911119
eu_l3,isco_level_2,HR,53,runup_from_2019,-0.0966209794237515
eu_l3,isco_level_2,HR,53,runup_from_2020,0.25743144927768347
eu_l3,isco_level_2,HR,53,runup_from_2019_vac,-0.1311790903666192
eu_l3,isco_level_2,HR,53,runup_from_2019_mix,0.17059887022815975
eu_l3,isco_level_2,HR,53,runup_from_2019_pooled,0.168589853474218
eu_l3,isco_level_2,HR,54,runup_from_2019,0.05524880530339412
eu_l3,isco_level_2,HR,54,runup_from_2020,0.42132250015667405
eu_l3,isco_level_2,HR,54,runup_from_2019_vac,0.09087531167610534
eu_l3,isco_level_2,HR,54,runup_from_2019_mix,0.2181796686566775
eu_l3,isco_level_2,HR,54,runup_from_2019_pooled,0.2271638342216441
eu_l3,isco_level_2,HR,61,runup_from_2019,-0.3302416868705769
eu_l3,isco_level_2,HR,61,runup_from_2020,-0.021506205220963637
eu_l3,isco_level_2,HR,61,runup_from_2019_vac,-0.2818354176139284
eu_l3,isco_level_2,HR,61,runup_from_2019_mix,-0.19415601444095743
eu_l3,isco_level_2,HR,61,runup_from_2019_pooled,-0.13423809506910198
eu_l3,isco_level_2,HR,62,runup_from_2019,-0.330241686870577
eu_l3,isco_level_2,HR,62,runup_from_2020,-0.021506205220963633
eu_l3,isco_level_2,HR,62,runup_from_2019_vac,-0.2818354176139284
eu_l3,isco_level_2,HR,62,runup_from_2019_mix,-0.19415601444095743
eu_l3,isco_level_2,HR,62,runup_from_2019_pooled,-0.1902438371621748
eu_l3,isco_level_2,HR,71,runup_from_2019,-0.08874139852492288
eu_l3,isco_level_2,HR,71,runup_from_2020,0.07302112636512091
eu_l3,isco_level_2,HR,71,runup_from_2019_vac,0.031067289670774406
eu_l3,isco_level_2,HR,71,runup_from_2019_mix,0.20358744984069133
eu_l3,isco_level_2,HR,71,runup_from_2019_pooled,0.20087113518437769
eu_l3,isco_level_2,HR,72,runup_from_2019,0.09057791368515644
eu_l3,isco_level_2,HR,72,runup_from_2020,0.3827927546004566
eu_l3,isco_level_2,HR,72,runup_from_2019_vac,0.11050069479934442
eu_l3,isco_level_2,HR,72,runup_from_2019_mix,0.21867685572052278
eu_l3,isco_level_2,HR,72,runup_from_2019_pooled,0.2167728606257869
eu_l3,isco_level_2,HR,73,runup_from_2019,0.1421442092856153
eu_l3,isco_level_2,HR,73,runup_from_2020,0.4138998331677804
eu_l3,isco_level_2,HR,73,runup_from_2019_vac,0.13588738598953132
eu_l3,isco_level_2,HR,73,runup_from_2019_mix,0.20893166601436527
eu_l3,isco_level_2,HR,73,runup_from_2019_pooled,0.21952040503363573
eu_l3,isco_level_2,HR,74,runup_from_2019,-0.017045673998708998
eu_l3,isco_level_2,HR,74,runup_from_2020,0.21142291207356215
eu_l3,isco_level_2,HR,74,runup_from_2019_vac,0.05509057423921846
eu_l3,isco_level_2,HR,74,runup_from_2019_mix,0.22105571622725503
eu_l3,isco_level_2,HR,74,runup_from_2019_pooled,0.21619110908262257
eu_l3,isco_level_2,HR,75,runup_from_2019,0.11565217562434287
eu_l3,isco_level_2,HR,75,runup_from_2020,0.4250016782912024
eu_l3,isco_level_2,HR,75,runup_from_2019_vac,0.12291958253208224
eu_l3,isco_level_2,HR,75,runup_from_2019_mix,0.22246297719137853
eu_l3,isco_level_2,HR,75,runup_from_2019_pooled,0.21738428807614973
eu_l3,isco_level_2,HR,81,runup_from_2019,0.1324060037133606
eu_l3,isco_level_2,HR,81,runup_from_2020,0.39873720517878203
eu_l3,isco_level_2,HR,81,runup_from_2019_vac,0.12562712558842143
eu_l3,isco_level_2,HR,81,runup_from_2019_mix,0.21705772755029534
eu_l3,isco_level_2,HR,81,runup_from_2019_pooled,0.21652054400345797
eu_l3,isco_level_2,HR,82,runup_from_2019,0.10105559625590142
eu_l3,isco_level_2,HR,82,runup_from_2020,0.3365665338100451
eu_l3,isco_level_2,HR,82,runup_from_2019_vac,0.11419687066408744
eu_l3,isco_level_2,HR,82,runup_from_2019_mix,0.21762139604816005
eu_l3,isco_level_2,HR,82,runup_from_2019_pooled,0.21989440056919204
eu_l3,isco_level_2,HR,83,runup_from_2019,-0.021456568313304163
eu_l3,isco_level_2,HR,83,runup_from_2020,0.4695703817200713
eu_l3,isco_level_2,HR,83,runup_from_2019_vac,-0.0016742941894052768
eu_l3,isco_level_2,HR,83,runup_from_2019_mix,0.19943470816505865
eu_l3,isco_level_2,HR,83,runup_from_2019_pooled,0.20902411239158486
eu_l3,isco_level_2,HR,91,runup_from_2019,0.047878708368121616
eu_l3,isco_level_2,HR,91,runup_from_2020,0.43044901241263017
eu_l3,isco_level_2,HR,91,runup_from_2019_vac,0.06253197949973333
eu_l3,isco_level_2,HR,91,runup_from_2019_mix,0.23986465573960808
eu_l3,isco_level_2,HR,91,runup_from_2019_pooled,0.2330230761849543
eu_l3,isco_level_2,HR,92,runup_from_2019,-0.3053449496093167
eu_l3,isco_level_2,HR,92,runup_from_2020,0.03992894004759876
eu_l3,isco_level_2,HR,92,runup_from_2019_vac,-0.25916791438493464
eu_l3,isco_level_2,HR,92,runup_from_2019_mix,-0.13999235896976822
eu_l3,isco_level_2,HR,92,runup_from_2019_pooled,-0.12237825031757464
eu_l3,isco_level_2,HR,93,runup_from_2019,0.001561334447396196
eu_l3,isco_level_2,HR,93,runup_from_2020,0.22455104771164713
eu_l3,isco_level_2,HR,93,runup_from_2019_vac,0.06362718875192029
eu_l3,isco_level_2,HR,93,runup_from_2019_mix,0.2109838069028542
eu_l3,isco_level_2,HR,93,runup_from_2019_pooled,0.2150336288425011
eu_l3,isco_level_2,HR,94,runup_from_2019,0.1405819506211894
eu_l3,isco_level_2,HR,94,runup_from_2020,0.4219944100593749
eu_l3,isco_level_2,HR,94,runup_from_2019_vac,0.11476446259197727
eu_l3,isco_level_2,HR,94,runup_from_2019_mix,0.30332234176825773
eu_l3,isco_level_2,HR,94,runup_from_2019_pooled,0.2731603358466676
eu_l3,isco_level_2,HR,96,runup_from_2019,0.21467783289399922
eu_l3,isco_level_2,HR,96,runup_from_2020,0.7002523169668664
eu_l3,isco_level_2,HR,96,runup_from_2019_vac,0.19508832453802338
eu_l3,isco_level_2,HR,96,runup_from_2019_mix,0.26420860388952877
eu_l3,isco_level_2,HR,96,runup_from_2019_pooled,0.22864745822534405
eu_l3,isco_level_2,HU,11,runup_from_2019,-0.03306086226088811
eu_l3,isco_level_2,HU,11,runup_from_2020,0
eu_l3,isco_level_2,HU,11,runup_from_2019_vac,-0.009949273920243584
eu_l3,isco_level_2,HU,11,runup_from_2019_mix,0.1823215567939548
eu_l3,isco_level_2,HU,11,runup_from_2019_pooled,0.22205715776995835
eu_l3,isco_level_2,HU,12,runup_from_2019,0.05482031885069684
eu_l3,isco_level_2,HU,12,runup_from_2020,0.3239613639721895
eu_l3,isco_level_2,HU,12,runup_from_2019_vac,0.09382476960811564
eu_l3,isco_level_2,HU,12,runup_from_2019_mix,0.22688314977211563
eu_l3,isco_level_2,HU,12,runup_from_2019_pooled,0.24446408178875306
eu_l3,isco_level_2,HU,13,runup_from_2019,0.04583341408150874
eu_l3,isco_level_2,HU,13,runup_from_2020,0.3254457450302863
eu_l3,isco_level_2,HU,13,runup_from_2019_vac,0.08717312733784642
eu_l3,isco_level_2,HU,13,runup_from_2019_mix,0.1970663305614906
eu_l3,isco_level_2,HU,13,runup_from_2019_pooled,0.2130208675503039
eu_l3,isco_level_2,HU,14,runup_from_2019,-0.11452832038078069
eu_l3,isco_level_2,HU,14,runup_from_2020,0.3869914080486099
eu_l3,isco_level_2,HU,14,runup_from_2019_vac,-0.0919869837633229
eu_l3,isco_level_2,HU,14,runup_from_2019_mix,0.23444040382719808
eu_l3,isco_level_2,HU,14,runup_from_2019_pooled,0.25317490005446597
eu_l3,isco_level_2,HU,21,runup_from_2019,0.09715560007874835
eu_l3,isco_level_2,HU,21,runup_from_2020,0.44374345124859793
eu_l3,isco_level_2,HU,21,runup_from_2019_vac,0.15027077152932622
eu_l3,isco_level_2,HU,21,runup_from_2019_mix,0.24474949126578632
eu_l3,isco_level_2,HU,21,runup_from_2019_pooled,0.25205294245025983
eu_l3,isco_level_2,HU,22,runup_from_2019,0.26305323045727336
eu_l3,isco_level_2,HU,22,runup_from_2020,0.3042655070977193
eu_l3,isco_level_2,HU,22,runup_from_2019_vac,0.23400701202229834
eu_l3,isco_level_2,HU,22,runup_from_2019_mix,0.1821792996573846
eu_l3,isco_level_2,HU,22,runup_from_2019_pooled,0.1721416170252814
eu_l3,isco_level_2,HU,23,runup_from_2019,0.3531948099523161
eu_l3,isco_level_2,HU,23,runup_from_2020,0.2293799417036039
eu_l3,isco_level_2,HU,23,runup_from_2019_vac,0.48018583490477473
eu_l3,isco_level_2,HU,23,runup_from_2019_mix,0.21997321528428984
eu_l3,isco_level_2,HU,23,runup_from_2019_pooled,0.21847032587873527
eu_l3,isco_level_2,HU,24,runup_from_2019,0.15469827617459625
eu_l3,isco_level_2,HU,24,runup_from_2020,0.4815615381239596
eu_l3,isco_level_2,HU,24,runup_from_2019_vac,0.22672485010985552
eu_l3,isco_level_2,HU,24,runup_from_2019_mix,0.2688200614953435
eu_l3,isco_level_2,HU,24,runup_from_2019_pooled,0.2514016893047965
eu_l3,isco_level_2,HU,25,runup_from_2019,0.08941710589809763
eu_l3,isco_level_2,HU,25,runup_from_2020,0.5018645683709051
eu_l3,isco_level_2,HU,25,runup_from_2019_vac,0.23989271790892988
eu_l3,isco_level_2,HU,25,runup_from_2019_mix,0.2580647177875555
eu_l3,isco_level_2,HU,25,runup_from_2019_pooled,0.2598746776979377
eu_l3,isco_level_2,HU,26,runup_from_2019,0.10326383048040734
eu_l3,isco_level_2,HU,26,runup_from_2020,0.28120709062092475
eu_l3,isco_level_2,HU,26,runup_from_2019_vac,0.1632648694697323
eu_l3,isco_level_2,HU,26,runup_from_2019_mix,0.21842138359638888
eu_l3,isco_level_2,HU,26,runup_from_2019_pooled,0.2152636121063766
eu_l3,isco_level_2,HU,31,runup_from_2019,0.03701790239155657
eu_l3,isco_level_2,HU,31,runup_from_2020,0.38661215863781834
eu_l3,isco_level_2,HU,31,runup_from_2019_vac,0.06427661493194912
eu_l3,isco_level_2,HU,31,runup_from_2019_mix,0.2183046569386814
eu_l3,isco_level_2,HU,31,runup_from_2019_pooled,0.2276955086746763
eu_l3,isco_level_2,HU,32,runup_from_2019,0.248568399105777
eu_l3,isco_level_2,HU,32,runup_from_2020,0.267673045997176
eu_l3,isco_level_2,HU,32,runup_from_2019_vac,0.1991834242034764
eu_l3,isco_level_2,HU,32,runup_from_2019_mix,0.16553144913877854
eu_l3,isco_level_2,HU,32,runup_from_2019_pooled,0.173028653055236
eu_l3,isco_level_2,HU,33,runup_from_2019,0.07631538568963989
eu_l3,isco_level_2,HU,33,runup_from_2020,0.3486309366013288
eu_l3,isco_level_2,HU,33,runup_from_2019_vac,0.10682905717222263
eu_l3,isco_level_2,HU,33,runup_from_2019_mix,0.23276267389655184
eu_l3,isco_level_2,HU,33,runup_from_2019_pooled,0.24331163690461108
eu_l3,isco_level_2,HU,34,runup_from_2019,0.1536278204745313
eu_l3,isco_level_2,HU,34,runup_from_2020,0.22449909288652334
eu_l3,isco_level_2,HU,34,runup_from_2019_vac,0.16143749131329962
eu_l3,isco_level_2,HU,34,runup_from_2019_mix,0.17389566413427865
eu_l3,isco_level_2,HU,34,runup_from_2019_pooled,0.1917560116138421
eu_l3,isco_level_2,HU,35,runup_from_2019,0.06066143188950283
eu_l3,isco_level_2,HU,35,runup_from_2020,0.4578115980293559
eu_l3,isco_level_2,HU,35,runup_from_2019_vac,0.20429128874171465
eu_l3,isco_level_2,HU,35,runup_from_2019_mix,0.2336091390057774
eu_l3,isco_level_2,HU,35,runup_from_2019_pooled,0.25033411023201657
eu_l3,isco_level_2,HU,41,runup_from_2019,0.06872576287629036
eu_l3,isco_level_2,HU,41,runup_from_2020,0.3105216826629305
eu_l3,isco_level_2,HU,41,runup_from_2019_vac,0.10660304879316529
eu_l3,isco_level_2,HU,41,runup_from_2019_mix,0.2096775976371806
eu_l3,isco_level_2,HU,41,runup_from_2019_pooled,0.22007888890575802
eu_l3,isco_level_2,HU,42,runup_from_2019,0.0398177605780075
eu_l3,isco_level_2,HU,42,runup_from_2020,0.3734158908514701
eu_l3,isco_level_2,HU,42,runup_from_2019_vac,0.08066148162149664
eu_l3,isco_level_2,HU,42,runup_from_2019_mix,0.24896359929525252
eu_l3,isco_level_2,HU,42,runup_from_2019_pooled,0.2562536313099383
eu_l3,isco_level_2,HU,43,runup_from_2019,0.04992864151242303
eu_l3,isco_level_2,HU,43,runup_from_2020,0.3982499763960271
eu_l3,isco_level_2,HU,43,runup_from_2019_vac,0.06756641328618199
eu_l3,isco_level_2,HU,43,runup_from_2019_mix,0.2217740796323462
eu_l3,isco_level_2,HU,43,runup_from_2019_pooled,0.23458491600751655
eu_l3,isco_level_2,HU,44,runup_from_2019,-0.049975073411304215
eu_l3,isco_level_2,HU,44,runup_from_2020,0.2620284263239861
eu_l3,isco_level_2,HU,44,runup_from_2019_vac,-0.06309182620063802
eu_l3,isco_level_2,HU,44,runup_from_2019_mix,0.2193098672042869
eu_l3,isco_level_2,HU,44,runup_from_2019_pooled,0.22342473279847286
eu_l3,isco_level_2,HU,51,runup_from_2019,-0.08366478475225095
eu_l3,isco_level_2,HU,51,runup_from_2020,0.18996524840891377
eu_l3,isco_level_2,HU,51,runup_from_2019_vac,-0.07096657638785986
eu_l3,isco_level_2,HU,51,runup_from_2019_mix,0.23129727372171444
eu_l3,isco_level_2,HU,51,runup_from_2019_pooled,0.238314812334843
eu_l3,isco_level_2,HU,52,runup_from_2019,-0.07857394518631068
eu_l3,isco_level_2,HU,52,runup_from_2020,0.46937620418594367
eu_l3,isco_level_2,HU,52,runup_from_2019_vac,-0.048918448001168104
eu_l3,isco_level_2,HU,52,runup_from_2019_mix,0.22291219129025336
eu_l3,isco_level_2,HU,52,runup_from_2019_pooled,0.22638151495911119
eu_l3,isco_level_2,HU,53,runup_from_2019,0.3361484334376877
eu_l3,isco_level_2,HU,53,runup_from_2020,0.24404299643346344
eu_l3,isco_level_2,HU,53,runup_from_2019_vac,0.3706080375279273
eu_l3,isco_level_2,HU,53,runup_from_2019_mix,0.19185024368667128
eu_l3,isco_level_2,HU,53,runup_from_2019_pooled,0.168589853474218
eu_l3,isco_level_2,HU,54,runup_from_2019,0.08092591657494384
eu_l3,isco_level_2,HU,54,runup_from_2020,0.20131561896408362
eu_l3,isco_level_2,HU,54,runup_from_2019_vac,0.1025175503669774
eu_l3,isco_level_2,HU,54,runup_from_2019_mix,0.21021150325493204
eu_l3,isco_level_2,HU,54,runup_from_2019_pooled,0.2271638342216441
eu_l3,isco_level_2,HU,61,runup_from_2019,-0.145497222445743
eu_l3,isco_level_2,HU,61,runup_from_2020,0.14232504721800918
eu_l3,isco_level_2,HU,61,runup_from_2019_vac,-0.20980893820998975
eu_l3,isco_level_2,HU,61,runup_from_2019_mix,-0.141495973807349
eu_l3,isco_level_2,HU,61,runup_from_2019_pooled,-0.13423809506910198
eu_l3,isco_level_2,HU,62,runup_from_2019,-0.19415601444095743
eu_l3,isco_level_2,HU,62,runup_from_2020,0.11332868530700316
eu_l3,isco_level_2,HU,62,runup_from_2019_vac,-0.2697539297558329
eu_l3,isco_level_2,HU,62,runup_from_2019_mix,-0.19415601444095743
eu_l3,isco_level_2,HU,62,runup_from_2019_pooled,-0.1902438371621748
eu_l3,isco_level_2,HU,71,runup_from_2019,-0.3776598418983873
eu_l3,isco_level_2,HU,71,runup_from_2020,0.09814719670371455
eu_l3,isco_level_2,HU,71,runup_from_2019_vac,-0.2893861463657929
eu_l3,isco_level_2,HU,71,runup_from_2019_mix,0.19813035815291383
eu_l3,isco_level_2,HU,71,runup_from_2019_pooled,0.20087113518437769
eu_l3,isco_level_2,HU,72,runup_from_2019,0.02247723670080135
eu_l3,isco_level_2,HU,72,runup_from_2020,0.3877279558218046
eu_l3,isco_level_2,HU,72,runup_from_2019_vac,0.032241882554240875
eu_l3,isco_level_2,HU,72,runup_from_2019_mix,0.198150166513465
eu_l3,isco_level_2,HU,72,runup_from_2019_pooled,0.2167728606257869
eu_l3,isco_level_2,HU,73,runup_from_2019,0.14884562759756514
eu_l3,isco_level_2,HU,73,runup_from_2020,0.4489502200479033
eu_l3,isco_level_2,HU,73,runup_from_2019_vac,0.1438235405830781
eu_l3,isco_level_2,HU,73,runup_from_2019_mix,0.22072107126613294
eu_l3,isco_level_2,HU,73,runup_from_2019_pooled,0.21952040503363573
eu_l3,isco_level_2,HU,74,runup_from_2019,-0.1630706721252834
eu_l3,isco_level_2,HU,74,runup_from_2020,0.27044907157174464
eu_l3,isco_level_2,HU,74,runup_from_2019_vac,-0.09706287347607456
eu_l3,isco_level_2,HU,74,runup_from_2019_mix,0.21562674736493356
eu_l3,isco_level_2,HU,74,runup_from_2019_pooled,0.21619110908262257
eu_l3,isco_level_2,HU,75,runup_from_2019,0.10659973606744061
eu_l3,isco_level_2,HU,75,runup_from_2020,0.4354020726127348
eu_l3,isco_level_2,HU,75,runup_from_2019_vac,0.10430669167698078
eu_l3,isco_level_2,HU,75,runup_from_2019_mix,0.22676308491703984
eu_l3,isco_level_2,HU,75,runup_from_2019_pooled,0.21738428807614973
eu_l3,isco_level_2,HU,81,runup_from_2019,0.13120425361879523
eu_l3,isco_level_2,HU,81,runup_from_2020,0.429233325868689
eu_l3,isco_level_2,HU,81,runup_from_2019_vac,0.12240631945397551
eu_l3,isco_level_2,HU,81,runup_from_2019_mix,0.2197980095104535
eu_l3,isco_level_2,HU,81,runup_from_2019_pooled,0.21652054400345797
eu_l3,isco_level_2,HU,82,runup_from_2019,0.14884562759756514
eu_l3,isco_level_2,HU,82,runup_from_2020,0.4489502200479033
eu_l3,isco_level_2,HU,82,runup_from_2019_vac,0.1438235405830781
eu_l3,isco_level_2,HU,82,runup_from_2019_mix,0.22072107126613294
eu_l3,isco_level_2,HU,82,runup_from_2019_pooled,0.21989440056919204
eu_l3,isco_level_2,HU,83,runup_from_2019,-0.06583007247065187
eu_l3,isco_level_2,HU,83,runup_from_2020,0.2970287239158267
eu_l3,isco_level_2,HU,83,runup_from_2019_vac,-0.07619935490758743
eu_l3,isco_level_2,HU,83,runup_from_2019_mix,0.18166442854085438
eu_l3,isco_level_2,HU,83,runup_from_2019_pooled,0.20902411239158486
eu_l3,isco_level_2,HU,91,runup_from_2019,0.17306619083021144
eu_l3,isco_level_2,HU,91,runup_from_2020,0.3050805966741145
eu_l3,isco_level_2,HU,91,runup_from_2019_vac,0.19637124953288876
eu_l3,isco_level_2,HU,91,runup_from_2019_mix,0.23046295962883004
eu_l3,isco_level_2,HU,91,runup_from_2019_pooled,0.2330230761849543
eu_l3,isco_level_2,HU,92,runup_from_2019,-0.07867518204220789
eu_l3,isco_level_2,HU,92,runup_from_2020,0.11413071332963366
eu_l3,isco_level_2,HU,92,runup_from_2019_vac,-0.10584566925831969
eu_l3,isco_level_2,HU,92,runup_from_2019_mix,0.006385454127333389
eu_l3,isco_level_2,HU,92,runup_from_2019_pooled,-0.12237825031757464
eu_l3,isco_level_2,HU,93,runup_from_2019,-0.20134056057269248
eu_l3,isco_level_2,HU,93,runup_from_2020,0.2448355009266887
eu_l3,isco_level_2,HU,93,runup_from_2019_vac,-0.14949585739787863
eu_l3,isco_level_2,HU,93,runup_from_2019_mix,0.1994517520338258
eu_l3,isco_level_2,HU,93,runup_from_2019_pooled,0.2150336288425011
eu_l3,isco_level_2,HU,94,runup_from_2019,-0.015886164683399515
eu_l3,isco_level_2,HU,94,runup_from_2020,0.21851445754904839
eu_l3,isco_level_2,HU,94,runup_from_2019_vac,-0.0027282047767350865
eu_l3,isco_level_2,HU,94,runup_from_2019_mix,0.26114677901694816
eu_l3,isco_level_2,HU,94,runup_from_2019_pooled,0.2731603358466676
eu_l3,isco_level_2,HU,96,runup_from_2019,-0.04261987471951011
eu_l3,isco_level_2,HU,96,runup_from_2020,0.12419744123803103
eu_l3,isco_level_2,HU,96,runup_from_2019_vac,-0.043654269391638946
eu_l3,isco_level_2,HU,96,runup_from_2019_mix,0.22030399507127477
eu_l3,isco_level_2,HU,96,runup_from_2019_pooled,0.22864745822534405
eu_l3,isco_level_2,IE,12,runup_from_2019,0.4499494212883786
eu_l3,isco_level_2,IE,12,runup_from_2020,1.0098432170437286
eu_l3,isco_level_2,IE,12,runup_from_2019_mix,0.3135296485097321
eu_l3,isco_level_2,IE,12,runup_from_2019_pooled,0.24446408178875306
eu_l3,isco_level_2,IE,13,runup_from_2019,0.46765471830575
eu_l3,isco_level_2,IE,13,runup_from_2020,0.7293831300241218
eu_l3,isco_level_2,IE,13,runup_from_2019_vac,0.669735834997642
eu_l3,isco_level_2,IE,13,runup_from_2019_mix,0.21939047107652698
eu_l3,isco_level_2,IE,13,runup_from_2019_pooled,0.2130208675503039
eu_l3,isco_level_2,IE,14,runup_from_2019,0.11510636901450541
eu_l3,isco_level_2,IE,14,runup_from_2020,0.9413666853601385
eu_l3,isco_level_2,IE,14,runup_from_2019_vac,0.11111417660347357
eu_l3,isco_level_2,IE,14,runup_from_2019_mix,0.24357779930564846
eu_l3,isco_level_2,IE,14,runup_from_2019_pooled,0.25317490005446597
eu_l3,isco_level_2,IE,21,runup_from_2019,0.3085704306992262
eu_l3,isco_level_2,IE,21,runup_from_2020,0.9021056679881989
eu_l3,isco_level_2,IE,21,runup_from_2019_vac,0.49026129305189164
eu_l3,isco_level_2,IE,21,runup_from_2019_mix,0.2608562329608415
eu_l3,isco_level_2,IE,21,runup_from_2019_pooled,0.25205294245025983
eu_l3,isco_level_2,IE,22,runup_from_2019,0.5151640253645888
eu_l3,isco_level_2,IE,22,runup_from_2020,0.30075415401913386
eu_l3,isco_level_2,IE,22,runup_from_2019_vac,0.7086513670959107
eu_l3,isco_level_2,IE,22,runup_from_2019_mix,0.16126814759612235
eu_l3,isco_level_2,IE,22,runup_from_2019_pooled,0.1721416170252814
eu_l3,isco_level_2,IE,23,runup_from_2019,0.532804530484766
eu_l3,isco_level_2,IE,23,runup_from_2020,0.3629054936893686
eu_l3,isco_level_2,IE,23,runup_from_2019_vac,0.6931471805599445
eu_l3,isco_level_2,IE,23,runup_from_2019_mix,0.22314355131420974
eu_l3,isco_level_2,IE,23,runup_from_2019_pooled,0.21847032587873527
eu_l3,isco_level_2,IE,24,runup_from_2019,0.4054724203938197
eu_l3,isco_level_2,IE,24,runup_from_2020,0.7956273218405633
eu_l3,isco_level_2,IE,24,runup_from_2019_vac,0.5308714360188692
eu_l3,isco_level_2,IE,24,runup_from_2019_mix,0.27688747832232036
eu_l3,isco_level_2,IE,24,runup_from_2019_pooled,0.2514016893047965
eu_l3,isco_level_2,IE,25,runup_from_2019,0.20476262457780936
eu_l3,isco_level_2,IE,25,runup_from_2020,0.4983667177435513
eu_l3,isco_level_2,IE,25,runup_from_2019_vac,0.4818380868927381
eu_l3,isco_level_2,IE,25,runup_from_2019_mix,0.2690196647114604
eu_l3,isco_level_2,IE,25,runup_from_2019_pooled,0.2598746776979377
eu_l3,isco_level_2,IE,26,runup_from_2019,0.32709051636126535
eu_l3,isco_level_2,IE,26,runup_from_2020,0.7721264143819205
eu_l3,isco_level_2,IE,26,runup_from_2019_vac,0.585533342324937
eu_l3,isco_level_2,IE,26,runup_from_2019_mix,0.21675614220698156
eu_l3,isco_level_2,IE,26,runup_from_2019_pooled,0.2152636121063766
eu_l3,isco_level_2,IE,31,runup_from_2019,0.3360474138342847
eu_l3,isco_level_2,IE,31,runup_from_2020,0.9480974409541427
eu_l3,isco_level_2,IE,31,runup_from_2019_mix,0.21332357714016303
eu_l3,isco_level_2,IE,31,runup_from_2019_pooled,0.2276955086746763
eu_l3,isco_level_2,IE,32,runup_from_2019,0.4452587231273278
eu_l3,isco_level_2,IE,32,runup_from_2020,0.5571502112222587
eu_l3,isco_level_2,IE,32,runup_from_2019_vac,0.6495929587018601
eu_l3,isco_level_2,IE,32,runup_from_2019_mix,0.21540013232505176
eu_l3,isco_level_2,IE,32,runup_from_2019_pooled,0.173028653055236
eu_l3,isco_level_2,IE,33,runup_from_2019,0.43415721538744284
eu_l3,isco_level_2,IE,33,runup_from_2020,0.6071357331480676
eu_l3,isco_level_2,IE,33,runup_from_2019_vac,0.5980417081834766
eu_l3,isco_level_2,IE,33,runup_from_2019_mix,0.2281577097755116
eu_l3,isco_level_2,IE,33,runup_from_2019_pooled,0.24331163690461108
eu_l3,isco_level_2,IE,34,runup_from_2019,0.06058649403908293
eu_l3,isco_level_2,IE,34,runup_from_2020,0.8189667310218912
eu_l3,isco_level_2,IE,34,runup_from_2019_vac,0.07160713430948543
eu_l3,isco_level_2,IE,34,runup_from_2019_mix,0.24181197869576446
eu_l3,isco_level_2,IE,34,runup_from_2019_pooled,0.1917560116138421
eu_l3,isco_level_2,IE,35,runup_from_2019,0.15415067982725827
eu_l3,isco_level_2,IE,35,runup_from_2020,0.4295626596872249
eu_l3,isco_level_2,IE,35,runup_from_2019_vac,0.4818380868927381
eu_l3,isco_level_2,IE,35,runup_from_2019_mix,0.26319105244348484
eu_l3,isco_level_2,IE,35,runup_from_2019_pooled,0.25033411023201657
eu_l3,isco_level_2,IE,41,runup_from_2019,0.462623521948113
eu_l3,isco_level_2,IE,41,runup_from_2020,0.3513978868378887
eu_l3,isco_level_2,IE,41,runup_from_2019_vac,0.6332490389788763
eu_l3,isco_level_2,IE,41,runup_from_2019_mix,0.1823215567939548
eu_l3,isco_level_2,IE,41,runup_from_2019_pooled,0.22007888890575802
eu_l3,isco_level_2,IE,42,runup_from_2019,0.561954970288595
eu_l3,isco_level_2,IE,42,runup_from_2020,0.98394938034797
eu_l3,isco_level_2,IE,42,runup_from_2019_mix,0.31015492830383945
eu_l3,isco_level_2,IE,42,runup_from_2019_pooled,0.2562536313099383
eu_l3,isco_level_2,IE,43,runup_from_2019,0.44821902126520147
eu_l3,isco_level_2,IE,43,runup_from_2020,1.0102432570061985
eu_l3,isco_level_2,IE,43,runup_from_2019_mix,0.31358178535451
eu_l3,isco_level_2,IE,43,runup_from_2019_pooled,0.23458491600751655
eu_l3,isco_level_2,IE,44,runup_from_2019,0.4448128142729178
eu_l3,isco_level_2,IE,44,runup_from_2020,0.6797759873160131
eu_l3,isco_level_2,IE,44,runup_from_2019_vac,0.6143629214414494
eu_l3,isco_level_2,IE,44,runup_from_2019_mix,0.2182485994087311
eu_l3,isco_level_2,IE,44,runup_from_2019_pooled,0.22342473279847286
eu_l3,isco_level_2,IE,51,runup_from_2019,-0.14976770265511785
eu_l3,isco_level_2,IE,51,runup_from_2020,0.9114195011847805
eu_l3,isco_level_2,IE,51,runup_from_2019_vac,-0.4248831939652664
eu_l3,isco_level_2,IE,51,runup_from_2019_mix,0.24470749152383173
eu_l3,isco_level_2,IE,51,runup_from_2019_pooled,0.238314812334843
eu_l3,isco_level_2,IE,52,runup_from_2019,0.4519851237430573
eu_l3,isco_level_2,IE,52,runup_from_2020,1.0116009116784799
eu_l3,isco_level_2,IE,52,runup_from_2019_vac,0.5172565140962817
eu_l3,isco_level_2,IE,52,runup_from_2019_mix,0.2201040282760187
eu_l3,isco_level_2,IE,52,runup_from_2019_pooled,0.22638151495911119
eu_l3,isco_level_2,IE,53,runup_from_2019,0.5189717117527931
eu_l3,isco_level_2,IE,53,runup_from_2020,0.31416946205361473
eu_l3,isco_level_2,IE,53,runup_from_2019_vac,0.7053048030587135
eu_l3,isco_level_2,IE,53,runup_from_2019_mix,0.17462389511564913
eu_l3,isco_level_2,IE,53,runup_from_2019_pooled,0.168589853474218
eu_l3,isco_level_2,IE,54,runup_from_2019,0.43980362288653657
eu_l3,isco_level_2,IE,54,runup_from_2020,0.4025704925775075
eu_l3,isco_level_2,IE,54,runup_from_2019_vac,0.5202456397305686
eu_l3,isco_level_2,IE,54,runup_from_2019_mix,0.23911082307399745
eu_l3,isco_level_2,IE,54,runup_from_2019_pooled,0.2271638342216441
eu_l3,isco_level_2,IE,71,runup_from_2019,0.1856161849599039
eu_l3,isco_level_2,IE,71,runup_from_2020,1.7718200807711963
eu_l3,isco_level_2,IE,71,runup_from_2019_vac,0.3437715391028249
eu_l3,isco_level_2,IE,71,runup_from_2019_mix,0.19729287857546876
eu_l3,isco_level_2,IE,71,runup_from_2019_pooled,0.20087113518437769
eu_l3,isco_level_2,IE,72,runup_from_2019,0.42433090789964495
eu_l3,isco_level_2,IE,72,runup_from_2020,0.7478891175194885
eu_l3,isco_level_2,IE,72,runup_from_2019_mix,0.22047083468827805
eu_l3,isco_level_2,IE,72,runup_from_2019_pooled,0.2167728606257869
eu_l3,isco_level_2,IE,74,runup_from_2019,0.15822400521489408
eu_l3,isco_level_2,IE,74,runup_from_2020,1.9218125974762528
eu_l3,isco_level_2,IE,74,runup_from_2019_vac,0.3437715391028249
eu_l3,isco_level_2,IE,74,runup_from_2019_mix,0.19437383191336338
eu_l3,isco_level_2,IE,74,runup_from_2019_pooled,0.21619110908262257
eu_l3,isco_level_2,IE,75,runup_from_2019,0.40546510810816444
eu_l3,isco_level_2,IE,75,runup_from_2020,0.5679840376059393
eu_l3,isco_level_2,IE,75,runup_from_2019_mix,0.22072107126613294
eu_l3,isco_level_2,IE,75,runup_from_2019_pooled,0.21738428807614973
eu_l3,isco_level_2,IE,81,runup_from_2019,0.40546510810816444
eu_l3,isco_level_2,IE,81,runup_from_2020,0.5679840376059393
eu_l3,isco_level_2,IE,81,runup_from_2019_mix,0.22072107126613294
eu_l3,isco_level_2,IE,81,runup_from_2019_pooled,0.21652054400345797
eu_l3,isco_level_2,IE,82,runup_from_2019,0.40546510810816444
eu_l3,isco_level_2,IE,82,runup_from_2020,0.5679840376059393
eu_l3,isco_level_2,IE,82,runup_from_2019_mix,0.22072107126613294
eu_l3,isco_level_2,IE,82,runup_from_2019_pooled,0.21989440056919204
eu_l3,isco_level_2,IE,83,runup_from_2019,0.8494299002618376
eu_l3,isco_level_2,IE,83,runup_from_2020,1.4184710197168175
eu_l3,isco_level_2,IE,83,runup_from_2019_vac,0.923127505751275
eu_l3,isco_level_2,IE,83,runup_from_2019_mix,0.2221881425456323
eu_l3,isco_level_2,IE,83,runup_from_2019_pooled,0.20902411239158486
eu_l3,isco_level_2,IE,91,runup_from_2019,0.20452841551404843
eu_l3,isco_level_2,IE,91,runup_from_2020,0.5631690667472807
eu_l3,isco_level_2,IE,91,runup_from_2019_vac,0.14946082912849837
eu_l3,isco_level_2,IE,91,runup_from_2019_mix,0.3190634136944646
eu_l3,isco_level_2,IE,91,runup_from_2019_pooled,0.2330230761849543
eu_l3,isco_level_2,IE,93,runup_from_2019,0.45353909503213224
eu_l3,isco_level_2,IE,93,runup_from_2020,1.366050681501863
eu_l3,isco_level_2,IE,93,runup_from_2019_vac,0.5923333342503724
eu_l3,isco_level_2,IE,93,runup_from_2019_mix,0.2114885845675694
eu_l3,isco_level_2,IE,93,runup_from_2019_pooled,0.2150336288425011
eu_l3,isco_level_2,IE,94,runup_from_2019,-0.3703737882968944
eu_l3,isco_level_2,IE,94,runup_from_2020,0.8023464725249373
eu_l3,isco_level_2,IE,94,runup_from_2019_vac,-0.4248831939652664
eu_l3,isco_level_2,IE,94,runup_from_2019_mix,0.30332234176825773
eu_l3,isco_level_2,IE,94,runup_from_2019_pooled,0.2731603358466676
eu_l3,isco_level_2,IE,96,runup_from_2019,1.0986122886681098
eu_l3,isco_level_2,IE,96,runup_from_2020,1.4350845252893225
eu_l3,isco_level_2,IE,96,runup_from_2019_vac,1.1526795099383857
eu_l3,isco_level_2,IE,96,runup_from_2019_mix,0.2282586519809802
eu_l3,isco_level_2,IE,96,runup_from_2019_pooled,0.22864745822534405
eu_l3,isco_level_2,IT,11,runup_from_2019,0.37151834069930517
eu_l3,isco_level_2,IT,11,runup_from_2020,0.6849069125425352
eu_l3,isco_level_2,IT,11,runup_from_2019_mix,0.1894294603498703
eu_l3,isco_level_2,IT,11,runup_from_2019_pooled,0.22205715776995835
eu_l3,isco_level_2,IT,12,runup_from_2019,0.5471668405076965
eu_l3,isco_level_2,IT,12,runup_from_2020,0.9600723714437652
eu_l3,isco_level_2,IT,12,runup_from_2019_mix,0.24849801263344842
eu_l3,isco_level_2,IT,12,runup_from_2019_pooled,0.24446408178875306
eu_l3,isco_level_2,IT,13,runup_from_2019,0.4311329855941524
eu_l3,isco_level_2,IT,13,runup_from_2020,0.9231964057561151
eu_l3,isco_level_2,IT,13,runup_from_2019_mix,0.21775846433418317
eu_l3,isco_level_2,IT,13,runup_from_2019_pooled,0.2130208675503039
eu_l3,isco_level_2,IT,14,runup_from_2019,0.3942158522702915
eu_l3,isco_level_2,IT,14,runup_from_2020,1.0103182435384521
eu_l3,isco_level_2,IT,14,runup_from_2019_mix,0.262595839317023
eu_l3,isco_level_2,IT,14,runup_from_2019_pooled,0.25317490005446597
eu_l3,isco_level_2,IT,21,runup_from_2019,0.5722321961733022
eu_l3,isco_level_2,IT,21,runup_from_2020,0.7547282917142091
eu_l3,isco_level_2,IT,21,runup_from_2019_mix,0.27227198834893424
eu_l3,isco_level_2,IT,21,runup_from_2019_pooled,0.25205294245025983
eu_l3,isco_level_2,IT,23,runup_from_2019,-0.02928229646975475
eu_l3,isco_level_2,IT,23,runup_from_2020,0.44130424505303406
eu_l3,isco_level_2,IT,23,runup_from_2019_mix,0.2203176085840883
eu_l3,isco_level_2,IT,23,runup_from_2019_pooled,0.21847032587873527
eu_l3,isco_level_2,IT,24,runup_from_2019,0.44918830711828645
eu_l3,isco_level_2,IT,24,runup_from_2020,0.6492705339312365
eu_l3,isco_level_2,IT,24,runup_from_2019_mix,0.2572078507895816
eu_l3,isco_level_2,IT,24,runup_from_2019_pooled,0.2514016893047965
eu_l3,isco_level_2,IT,25,runup_from_2019,0.4243873723141293
eu_l3,isco_level_2,IT,25,runup_from_2020,0.82232825080384
eu_l3,isco_level_2,IT,25,runup_from_2019_mix,0.26161393282332246
eu_l3,isco_level_2,IT,25,runup_from_2019_pooled,0.2598746776979377
eu_l3,isco_level_2,IT,26,runup_from_2019,0.5272777416657174
eu_l3,isco_level_2,IT,26,runup_from_2020,0.629995930800314
eu_l3,isco_level_2,IT,26,runup_from_2019_mix,0.25059387972147446
eu_l3,isco_level_2,IT,26,runup_from_2019_pooled,0.2152636121063766
eu_l3,isco_level_2,IT,31,runup_from_2019,0.5234155299194639
eu_l3,isco_level_2,IT,31,runup_from_2020,0.9295802039438084
eu_l3,isco_level_2,IT,31,runup_from_2019_mix,0.2346960008327648
eu_l3,isco_level_2,IT,31,runup_from_2019_pooled,0.2276955086746763
eu_l3,isco_level_2,IT,33,runup_from_2019,0.46398526348031965
eu_l3,isco_level_2,IT,33,runup_from_2020,0.7835978071520526
eu_l3,isco_level_2,IT,33,runup_from_2019_mix,0.25333012686523343
eu_l3,isco_level_2,IT,33,runup_from_2019_pooled,0.24331163690461108
eu_l3,isco_level_2,IT,34,runup_from_2019,0.3134287240706264
eu_l3,isco_level_2,IT,34,runup_from_2020,0.6041844996864816
eu_l3,isco_level_2,IT,34,runup_from_2019_mix,0.18790173788756662
eu_l3,isco_level_2,IT,34,runup_from_2019_pooled,0.1917560116138421
eu_l3,isco_level_2,IT,35,runup_from_2019,0.41571339787475786
eu_l3,isco_level_2,IT,35,runup_from_2020,0.8225977209191715
eu_l3,isco_level_2,IT,35,runup_from_2019_mix,0.2520924673606005
eu_l3,isco_level_2,IT,35,runup_from_2019_pooled,0.25033411023201657
eu_l3,isco_level_2,IT,41,runup_from_2019,0.3875507676013618
eu_l3,isco_level_2,IT,41,runup_from_2020,0.7152793175194042
eu_l3,isco_level_2,IT,41,runup_from_2019_mix,0.2266396016431106
eu_l3,isco_level_2,IT,41,runup_from_2019_pooled,0.22007888890575802
eu_l3,isco_level_2,IT,42,runup_from_2019,0.35999933878630846
eu_l3,isco_level_2,IT,42,runup_from_2020,0.7828546363896851
eu_l3,isco_level_2,IT,42,runup_from_2019_mix,0.2625676719701122
eu_l3,isco_level_2,IT,42,runup_from_2019_pooled,0.2562536313099383
eu_l3,isco_level_2,IT,43,runup_from_2019,0.4768277541757157
eu_l3,isco_level_2,IT,43,runup_from_2020,0.9051810635666141
eu_l3,isco_level_2,IT,43,runup_from_2019_mix,0.2289095163733143
eu_l3,isco_level_2,IT,43,runup_from_2019_pooled,0.23458491600751655
eu_l3,isco_level_2,IT,44,runup_from_2019,0.3659261351482219
eu_l3,isco_level_2,IT,44,runup_from_2020,0.7504702478484021
eu_l3,isco_level_2,IT,44,runup_from_2019_mix,0.23733966117569555
eu_l3,isco_level_2,IT,44,runup_from_2019_pooled,0.22342473279847286
eu_l3,isco_level_2,IT,51,runup_from_2019,0.309129110016807
eu_l3,isco_level_2,IT,51,runup_from_2020,0.9700208060222791
eu_l3,isco_level_2,IT,51,runup_from_2019_mix,0.2515465586872169
eu_l3,isco_level_2,IT,51,runup_from_2019_pooled,0.238314812334843
eu_l3,isco_level_2,IT,52,runup_from_2019,0.5308222931940185
eu_l3,isco_level_2,IT,52,runup_from_2020,0.9897005271043197
eu_l3,isco_level_2,IT,52,runup_from_2019_mix,0.22462679882007178
eu_l3,isco_level_2,IT,52,runup_from_2019_pooled,0.22638151495911119
eu_l3,isco_level_2,IT,54,runup_from_2019,0.25134039642567013
eu_l3,isco_level_2,IT,54,runup_from_2020,0.44138255662316334
eu_l3,isco_level_2,IT,54,runup_from_2019_mix,0.2237165803329611
eu_l3,isco_level_2,IT,54,runup_from_2019_pooled,0.2271638342216441
eu_l3,isco_level_2,IT,71,runup_from_2019,0.4199246781053737
eu_l3,isco_level_2,IT,71,runup_from_2020,0.9796087213221344
eu_l3,isco_level_2,IT,71,runup_from_2019_mix,0.19856601185444464
eu_l3,isco_level_2,IT,71,runup_from_2019_pooled,0.20087113518437769
eu_l3,isco_level_2,IT,72,runup_from_2019,0.5474884744001097
eu_l3,isco_level_2,IT,72,runup_from_2020,1.0812979838185803
eu_l3,isco_level_2,IT,72,runup_from_2019_mix,0.22044763978920767
eu_l3,isco_level_2,IT,72,runup_from_2019_pooled,0.2167728606257869
eu_l3,isco_level_2,IT,73,runup_from_2019,0.5560192214311218
eu_l3,isco_level_2,IT,73,runup_from_2020,1.124811497434676
eu_l3,isco_level_2,IT,73,runup_from_2019_mix,0.21586328961627402
eu_l3,isco_level_2,IT,73,runup_from_2019_pooled,0.21952040503363573
eu_l3,isco_level_2,IT,74,runup_from_2019,0.4498496862630474
eu_l3,isco_level_2,IT,74,runup_from_2020,0.9804796092728892
eu_l3,isco_level_2,IT,74,runup_from_2019_mix,0.21037399610537327
eu_l3,isco_level_2,IT,74,runup_from_2019_pooled,0.21619110908262257
eu_l3,isco_level_2,IT,75,runup_from_2019,0.5324145955250367
eu_l3,isco_level_2,IT,75,runup_from_2020,1.095076594226318
eu_l3,isco_level_2,IT,75,runup_from_2019_mix,0.2214370753218583
eu_l3,isco_level_2,IT,75,runup_from_2019_pooled,0.21738428807614973
eu_l3,isco_level_2,IT,81,runup_from_2019,0.5466803689838101
eu_l3,isco_level_2,IT,81,runup_from_2020,1.1096124487395074
eu_l3,isco_level_2,IT,81,runup_from_2019_mix,0.2121597638810033
eu_l3,isco_level_2,IT,81,runup_from_2019_pooled,0.21652054400345797
eu_l3,isco_level_2,IT,82,runup_from_2019,0.5679840376059393
eu_l3,isco_level_2,IT,82,runup_from_2020,1.1499055830556602
eu_l3,isco_level_2,IT,82,runup_from_2019_mix,0.22072107126613294
eu_l3,isco_level_2,IT,82,runup_from_2019_pooled,0.21989440056919204
eu_l3,isco_level_2,IT,83,runup_from_2019,0.3192506340280915
eu_l3,isco_level_2,IT,83,runup_from_2020,0.7915238750918522
eu_l3,isco_level_2,IT,83,runup_from_2019_mix,0.2091841517142643
eu_l3,isco_level_2,IT,83,runup_from_2019_pooled,0.20902411239158486
eu_l3,isco_level_2,IT,91,runup_from_2019,0.29084729612804056
eu_l3,isco_level_2,IT,91,runup_from_2020,0.7356841776434094
eu_l3,isco_level_2,IT,91,runup_from_2019_mix,0.2166721609464698
eu_l3,isco_level_2,IT,91,runup_from_2019_pooled,0.2330230761849543
eu_l3,isco_level_2,IT,93,runup_from_2019,0.4707439753654588
eu_l3,isco_level_2,IT,93,runup_from_2020,0.991618528920099
eu_l3,isco_level_2,IT,93,runup_from_2019_mix,0.21411605330666023
eu_l3,isco_level_2,IT,93,runup_from_2019_pooled,0.2150336288425011
eu_l3,isco_level_2,IT,94,runup_from_2019,0.30920046486420905
eu_l3,isco_level_2,IT,94,runup_from_2020,1.0915717474354112
eu_l3,isco_level_2,IT,94,runup_from_2019_mix,0.2980965472006172
eu_l3,isco_level_2,IT,94,runup_from_2019_pooled,0.2731603358466676
eu_l3,isco_level_2,IT,95,runup_from_2019,0.551176919289558
eu_l3,isco_level_2,IT,95,runup_from_2020,0.9864949905474034
eu_l3,isco_level_2,IT,95,runup_from_2019_mix,0.2201040282760187
eu_l3,isco_level_2,IT,95,runup_from_2019_pooled,0.2228967393588779
eu_l3,isco_level_2,IT,96,runup_from_2019,0.36323463633408215
eu_l3,isco_level_2,IT,96,runup_from_2020,0.7484008805613727
eu_l3,isco_level_2,IT,96,runup_from_2019_mix,0.23751934453439294
eu_l3,isco_level_2,IT,96,runup_from_2019_pooled,0.22864745822534405
eu_l3,isco_level_2,LT,11,runup_from_2019,0.30686599914222445
eu_l3,isco_level_2,LT,11,runup_from_2020,0.46657537650109016
eu_l3,isco_level_2,LT,11,runup_from_2019_vac,0.35166583634687393
eu_l3,isco_level_2,LT,11,runup_from_2019_mix,0.21860603181914773
eu_l3,isco_level_2,LT,11,runup_from_2019_pooled,0.22205715776995835
eu_l3,isco_level_2,LT,12,runup_from_2019,0.3000760268647922
eu_l3,isco_level_2,LT,12,runup_from_2020,0.47910731570261433
eu_l3,isco_level_2,LT,12,runup_from_2019_vac,0.3687062675779278
eu_l3,isco_level_2,LT,12,runup_from_2019_mix,0.24321518824675908
eu_l3,isco_level_2,LT,12,runup_from_2019_pooled,0.24446408178875306
eu_l3,isco_level_2,LT,13,runup_from_2019,0.33328105672406383
eu_l3,isco_level_2,LT,13,runup_from_2020,0.45743685408434376
eu_l3,isco_level_2,LT,13,runup_from_2019_vac,0.3912049070171844
eu_l3,isco_level_2,LT,13,runup_from_2019_mix,0.225827285379127
eu_l3,isco_level_2,LT,13,runup_from_2019_pooled,0.2130208675503039
eu_l3,isco_level_2,LT,14,runup_from_2019,0.3222968679098254
eu_l3,isco_level_2,LT,14,runup_from_2020,0.955146286443539
eu_l3,isco_level_2,LT,14,runup_from_2019_vac,0.3362608731886985
eu_l3,isco_level_2,LT,14,runup_from_2019_mix,0.24402929340503743
eu_l3,isco_level_2,LT,14,runup_from_2019_pooled,0.25317490005446597
eu_l3,isco_level_2,LT,21,runup_from_2019,0.29274137871060885
eu_l3,isco_level_2,LT,21,runup_from_2020,0.4845803599230104
eu_l3,isco_level_2,LT,21,runup_from_2019_vac,0.3639571744332526
eu_l3,isco_level_2,LT,21,runup_from_2019_mix,0.2565734143967058
eu_l3,isco_level_2,LT,21,runup_from_2019_pooled,0.25205294245025983
eu_l3,isco_level_2,LT,22,runup_from_2019,0.3044614420661506
eu_l3,isco_level_2,LT,22,runup_from_2020,0.3112960309142601
eu_l3,isco_level_2,LT,22,runup_from_2019_vac,0.3438695244948749
eu_l3,isco_level_2,LT,22,runup_from_2019_mix,0.16789130067835703
eu_l3,isco_level_2,LT,22,runup_from_2019_pooled,0.1721416170252814
eu_l3,isco_level_2,LT,23,runup_from_2019,0.16952745616026837
eu_l3,isco_level_2,LT,23,runup_from_2020,0.004940273299807053
eu_l3,isco_level_2,LT,23,runup_from_2019_vac,0.11887100833713339
eu_l3,isco_level_2,LT,23,runup_from_2019_mix,0.22209964112878186
eu_l3,isco_level_2,LT,23,runup_from_2019_pooled,0.21847032587873527
eu_l3,isco_level_2,LT,24,runup_from_2019,0.30285171040950204
eu_l3,isco_level_2,LT,24,runup_from_2020,0.43078926537667844
eu_l3,isco_level_2,LT,24,runup_from_2019_vac,0.3710971966337283
eu_l3,isco_level_2,LT,24,runup_from_2019_mix,0.23601540707032717
eu_l3,isco_level_2,LT,24,runup_from_2019_pooled,0.2514016893047965
eu_l3,isco_level_2,LT,25,runup_from_2019,0.41574058355333326
eu_l3,isco_level_2,LT,25,runup_from_2020,0.47963731906848833
eu_l3,isco_level_2,LT,25,runup_from_2019_vac,0.6467063742085501
eu_l3,isco_level_2,LT,25,runup_from_2019_mix,0.26222817324914016
eu_l3,isco_level_2,LT,25,runup_from_2019_pooled,0.2598746776979377
eu_l3,isco_level_2,LT,26,runup_from_2019,0.16222604281216457
eu_l3,isco_level_2,LT,26,runup_from_2020,0.3347133295990823
eu_l3,isco_level_2,LT,26,runup_from_2019_vac,0.2246215359806474
eu_l3,isco_level_2,LT,26,runup_from_2019_mix,0.20525068387114095
eu_l3,isco_level_2,LT,26,runup_from_2019_pooled,0.2152636121063766
eu_l3,isco_level_2,LT,31,runup_from_2019,0.2496834910541164
eu_l3,isco_level_2,LT,31,runup_from_2020,0.4848240715900567
eu_l3,isco_level_2,LT,31,runup_from_2019_vac,0.290290429613316
eu_l3,isco_level_2,LT,31,runup_from_2019_mix,0.23605957895669524
eu_l3,isco_level_2,LT,31,runup_from_2019_pooled,0.2276955086746763
eu_l3,isco_level_2,LT,32,runup_from_2019,0.2087501010089536
eu_l3,isco_level_2,LT,32,runup_from_2020,0.3174334715436422
eu_l3,isco_level_2,LT,32,runup_from_2019_vac,0.23755479613623923
eu_l3,isco_level_2,LT,32,runup_from_2019_mix,0.16046073622461388
eu_l3,isco_level_2,LT,32,runup_from_2019_pooled,0.173028653055236
eu_l3,isco_level_2,LT,33,runup_from_2019,0.2469106023391282
eu_l3,isco_level_2,LT,33,runup_from_2020,0.43053667117432975
eu_l3,isco_level_2,LT,33,runup_from_2019_vac,0.3167727323293698
eu_l3,isco_level_2,LT,33,runup_from_2019_mix,0.23701716313574342
eu_l3,isco_level_2,LT,33,runup_from_2019_pooled,0.24331163690461108
eu_l3,isco_level_2,LT,34,runup_from_2019,0.14000034272596118
eu_l3,isco_level_2,LT,34,runup_from_2020,0.30889465999329363
eu_l3,isco_level_2,LT,34,runup_from_2019_vac,0.17136300826044057
eu_l3,isco_level_2,LT,34,runup_from_2019_mix,0.184884825318715
eu_l3,isco_level_2,LT,34,runup_from_2019_pooled,0.1917560116138421
eu_l3,isco_level_2,LT,35,runup_from_2019,0.5306282510621704
eu_l3,isco_level_2,LT,35,runup_from_2020,0.49783842823917956
eu_l3,isco_level_2,LT,35,runup_from_2019_vac,0.8603603489014624
eu_l3,isco_level_2,LT,35,runup_from_2019_mix,0.26319105244348484
eu_l3,isco_level_2,LT,35,runup_from_2019_pooled,0.25033411023201657
eu_l3,isco_level_2,LT,41,runup_from_2019,0.2203898852863157
eu_l3,isco_level_2,LT,41,runup_from_2020,0.16278502850591356
eu_l3,isco_level_2,LT,41,runup_from_2019_vac,0.2563774613031695
eu_l3,isco_level_2,LT,41,runup_from_2019_mix,0.19639810662852544
eu_l3,isco_level_2,LT,41,runup_from_2019_pooled,0.22007888890575802
eu_l3,isco_level_2,LT,42,runup_from_2019,0.2861408075298579
eu_l3,isco_level_2,LT,42,runup_from_2020,0.3441586727241124
eu_l3,isco_level_2,LT,42,runup_from_2019_vac,0.43551261215065507
eu_l3,isco_level_2,LT,42,runup_from_2019_mix,0.2762597353948983
eu_l3,isco_level_2,LT,42,runup_from_2019_pooled,0.2562536313099383
eu_l3,isco_level_2,LT,43,runup_from_2019,0.3037025927895803
eu_l3,isco_level_2,LT,43,runup_from_2020,0.49526628074307344
eu_l3,isco_level_2,LT,43,runup_from_2019_vac,0.33613914954243673
eu_l3,isco_level_2,LT,43,runup_from_2019_mix,0.22665807746858838
eu_l3,isco_level_2,LT,43,runup_from_2019_pooled,0.23458491600751655
eu_l3,isco_level_2,LT,44,runup_from_2019,0.43417043237218916
eu_l3,isco_level_2,LT,44,runup_from_2020,0.34321138451444405
eu_l3,isco_level_2,LT,44,runup_from_2019_vac,0.4982181078457148
eu_l3,isco_level_2,LT,44,runup_from_2019_mix,0.20828624055736725
eu_l3,isco_level_2,LT,44,runup_from_2019_pooled,0.22342473279847286
eu_l3,isco_level_2,LT,51,runup_from_2019,0.13481852492754903
eu_l3,isco_level_2,LT,51,runup_from_2020,0.6990228980072997
eu_l3,isco_level_2,LT,51,runup_from_2019_vac,0.15135669364321555
eu_l3,isco_level_2,LT,51,runup_from_2019_mix,0.21753850530093946
eu_l3,isco_level_2,LT,51,runup_from_2019_pooled,0.238314812334843
eu_l3,isco_level_2,LT,52,runup_from_2019,0.2736247012070941
eu_l3,isco_level_2,LT,52,runup_from_2020,0.7240946742355856
eu_l3,isco_level_2,LT,52,runup_from_2019_vac,0.27071827750233524
eu_l3,isco_level_2,LT,52,runup_from_2019_mix,0.22206550736425565
eu_l3,isco_level_2,LT,52,runup_from_2019_pooled,0.22638151495911119
eu_l3,isco_level_2,LT,53,runup_from_2019,0.2435085846449508
eu_l3,isco_level_2,LT,53,runup_from_2020,0.1527090149428139
eu_l3,isco_level_2,LT,53,runup_from_2019_vac,0.24115558853735727
eu_l3,isco_level_2,LT,53,runup_from_2019_mix,0.1908751956117663
eu_l3,isco_level_2,LT,53,runup_from_2019_pooled,0.168589853474218
eu_l3,isco_level_2,LT,54,runup_from_2019,0.19369022883311315
eu_l3,isco_level_2,LT,54,runup_from_2020,0.22823748091427454
eu_l3,isco_level_2,LT,54,runup_from_2019_vac,0.27491282949432555
eu_l3,isco_level_2,LT,54,runup_from_2019_mix,0.24494452128725128
eu_l3,isco_level_2,LT,54,runup_from_2019_pooled,0.2271638342216441
eu_l3,isco_level_2,LT,61,runup_from_2019,-0.11778303565638358
eu_l3,isco_level_2,LT,61,runup_from_2020,-0.040821994520255256
eu_l3,isco_level_2,LT,61,runup_from_2019_vac,-0.2583775482236703
eu_l3,isco_level_2,LT,61,runup_from_2019_mix,-0.19415601444095743
eu_l3,isco_level_2,LT,61,runup_from_2019_pooled,-0.13423809506910198
eu_l3,isco_level_2,LT,62,runup_from_2019,-0.11778303565638357
eu_l3,isco_level_2,LT,62,runup_from_2020,-0.040821994520255256
eu_l3,isco_level_2,LT,62,runup_from_2019_vac,-0.2583775482236703
eu_l3,isco_level_2,LT,62,runup_from_2019_mix,-0.19415601444095743
eu_l3,isco_level_2,LT,62,runup_from_2019_pooled,-0.1902438371621748
eu_l3,isco_level_2,LT,71,runup_from_2019,0.47586742752140354
eu_l3,isco_level_2,LT,71,runup_from_2020,0.5967739456807206
eu_l3,isco_level_2,LT,71,runup_from_2019_vac,0.5385343377744195
eu_l3,isco_level_2,LT,71,runup_from_2019_mix,0.20383186858916044
eu_l3,isco_level_2,LT,71,runup_from_2019_pooled,0.20087113518437769
eu_l3,isco_level_2,LT,72,runup_from_2019,0.1995721156624054
eu_l3,isco_level_2,LT,72,runup_from_2020,0.5382543975183771
eu_l3,isco_level_2,LT,72,runup_from_2019_vac,0.21358369764826213
eu_l3,isco_level_2,LT,72,runup_from_2019_mix,0.2191201294558639
eu_l3,isco_level_2,LT,72,runup_from_2019_pooled,0.2167728606257869
eu_l3,isco_level_2,LT,73,runup_from_2019,0
eu_l3,isco_level_2,LT,73,runup_from_2020,0.4700036292457355
eu_l3,isco_level_2,LT,73,runup_from_2019_vac,0.005000843894160667
eu_l3,isco_level_2,LT,73,runup_from_2019_mix,0.22072107126613294
eu_l3,isco_level_2,LT,73,runup_from_2019_pooled,0.21952040503363573
eu_l3,isco_level_2,LT,74,runup_from_2019,0.3084253323902469
eu_l3,isco_level_2,LT,74,runup_from_2020,0.5515809988914762
eu_l3,isco_level_2,LT,74,runup_from_2019_vac,0.35029170449049163
eu_l3,isco_level_2,LT,74,runup_from_2019_mix,0.2062994244625117
eu_l3,isco_level_2,LT,74,runup_from_2019_pooled,0.21619110908262257
eu_l3,isco_level_2,LT,75,runup_from_2019,0.045211245150451274
eu_l3,isco_level_2,LT,75,runup_from_2020,0.5195823550194617
eu_l3,isco_level_2,LT,75,runup_from_2019_vac,0.05188134956218214
eu_l3,isco_level_2,LT,75,runup_from_2019_mix,0.22002104878653578
eu_l3,isco_level_2,LT,75,runup_from_2019_pooled,0.21738428807614973
eu_l3,isco_level_2,LT,81,runup_from_2019,0.013924255336789329
eu_l3,isco_level_2,LT,81,runup_from_2020,0.47335365252770134
eu_l3,isco_level_2,LT,81,runup_from_2019_vac,0.0178904707001356
eu_l3,isco_level_2,LT,81,runup_from_2019_mix,0.22504986295809928
eu_l3,isco_level_2,LT,81,runup_from_2019_pooled,0.21652054400345797
eu_l3,isco_level_2,LT,82,runup_from_2019,0.030367825455827255
eu_l3,isco_level_2,LT,82,runup_from_2020,0.49635636854486465
eu_l3,isco_level_2,LT,82,runup_from_2019_vac,0.03430944141951349
eu_l3,isco_level_2,LT,82,runup_from_2019_mix,0.2206543639158503
eu_l3,isco_level_2,LT,82,runup_from_2019_pooled,0.21989440056919204
eu_l3,isco_level_2,LT,83,runup_from_2019,0.48571247729089323
eu_l3,isco_level_2,LT,83,runup_from_2020,0.2934271548113971
eu_l3,isco_level_2,LT,83,runup_from_2019_vac,0.5813183922685847
eu_l3,isco_level_2,LT,83,runup_from_2019_mix,0.18620181381767398
eu_l3,isco_level_2,LT,83,runup_from_2019_pooled,0.20902411239158486
eu_l3,isco_level_2,LT,91,runup_from_2019,0.17147762387490212
eu_l3,isco_level_2,LT,91,runup_from_2020,0.34482138038183613
eu_l3,isco_level_2,LT,91,runup_from_2019_vac,0.1983853269574388
eu_l3,isco_level_2,LT,91,runup_from_2019_mix,0.249937040795434
eu_l3,isco_level_2,LT,91,runup_from_2019_pooled,0.2330230761849543
eu_l3,isco_level_2,LT,92,runup_from_2019,-0.11778303565638357
eu_l3,isco_level_2,LT,92,runup_from_2020,-0.040821994520255256
eu_l3,isco_level_2,LT,92,runup_from_2019_vac,-0.2583775482236703
eu_l3,isco_level_2,LT,92,runup_from_2019_mix,-0.19415601444095743
eu_l3,isco_level_2,LT,92,runup_from_2019_pooled,-0.12237825031757464
eu_l3,isco_level_2,LT,93,runup_from_2019,0.21981198138987396
eu_l3,isco_level_2,LT,93,runup_from_2020,0.466210815778075
eu_l3,isco_level_2,LT,93,runup_from_2019_vac,0.23739747538329067
eu_l3,isco_level_2,LT,93,runup_from_2019_mix,0.19551625349691928
eu_l3,isco_level_2,LT,93,runup_from_2019_pooled,0.2150336288425011
eu_l3,isco_level_2,LT,94,runup_from_2019,0.29085598669639345
eu_l3,isco_level_2,LT,94,runup_from_2020,0.9673809981910122
eu_l3,isco_level_2,LT,94,runup_from_2019_vac,0.33319764619011605
eu_l3,isco_level_2,LT,94,runup_from_2019_mix,0.2471584755996927
eu_l3,isco_level_2,LT,94,runup_from_2019_pooled,0.2731603358466676
eu_l3,isco_level_2,LT,96,runup_from_2019,0.206796347423397
eu_l3,isco_level_2,LT,96,runup_from_2020,0.2624081850184391
eu_l3,isco_level_2,LT,96,runup_from_2019_vac,0.2213328916467415
eu_l3,isco_level_2,LT,96,runup_from_2019_mix,0.21868665368083615
eu_l3,isco_level_2,LT,96,runup_from_2019_pooled,0.22864745822534405
eu_l3,isco_level_2,LU,12,runup_from_2019,0.4601552571015848
eu_l3,isco_level_2,LU,12,runup_from_2020,0.6263616869088348
eu_l3,isco_level_2,LU,12,runup_from_2019_vac,0.5611051242247239
eu_l3,isco_level_2,LU,12,runup_from_2019_mix,0.28777810831716216
eu_l3,isco_level_2,LU,12,runup_from_2019_pooled,0.24446408178875306
eu_l3,isco_level_2,LU,14,runup_from_2019,0.3703737882968942
eu_l3,isco_level_2,LU,14,runup_from_2020,0.6466271649250523
eu_l3,isco_level_2,LU,14,runup_from_2019_vac,0.40325808889405934
eu_l3,isco_level_2,LU,14,runup_from_2019_mix,0.2201040282760187
eu_l3,isco_level_2,LU,14,runup_from_2019_pooled,0.25317490005446597
eu_l3,isco_level_2,LU,21,runup_from_2019,0.30979525800734503
eu_l3,isco_level_2,LU,21,runup_from_2020,0.502720356583026
eu_l3,isco_level_2,LU,21,runup_from_2019_vac,0.4352667139328118
eu_l3,isco_level_2,LU,21,runup_from_2019_mix,0.24383300424822626
eu_l3,isco_level_2,LU,21,runup_from_2019_pooled,0.25205294245025983
eu_l3,isco_level_2,LU,22,runup_from_2019,0.14234046994087748
eu_l3,isco_level_2,LU,22,runup_from_2020,0.7949563084518989
eu_l3,isco_level_2,LU,22,runup_from_2019_vac,0.41495791826036277
eu_l3,isco_level_2,LU,22,runup_from_2019_mix,0.16698830266222336
eu_l3,isco_level_2,LU,22,runup_from_2019_pooled,0.1721416170252814
eu_l3,isco_level_2,LU,23,runup_from_2019,0.025678719810634538
eu_l3,isco_level_2,LU,23,runup_from_2020,0.6220941809641687
eu_l3,isco_level_2,LU,23,runup_from_2019_vac,0.20101170098398005
eu_l3,isco_level_2,LU,23,runup_from_2019_mix,0.22022880202748243
eu_l3,isco_level_2,LU,23,runup_from_2019_pooled,0.21847032587873527
eu_l3,isco_level_2,LU,24,runup_from_2019,0.4029453049090046
eu_l3,isco_level_2,LU,24,runup_from_2020,0.5832424834125726
eu_l3,isco_level_2,LU,24,runup_from_2019_vac,0.4898304578915034
eu_l3,isco_level_2,LU,24,runup_from_2019_mix,0.258129867054274
eu_l3,isco_level_2,LU,24,runup_from_2019_pooled,0.2514016893047965
eu_l3,isco_level_2,LU,25,runup_from_2019,0.3258158432760237
eu_l3,isco_level_2,LU,25,runup_from_2020,0.5578881498673076
eu_l3,isco_level_2,LU,25,runup_from_2019_vac,0.39981433310661335
eu_l3,isco_level_2,LU,25,runup_from_2019_mix,0.24995700540345817
eu_l3,isco_level_2,LU,25,runup_from_2019_pooled,0.2598746776979377
eu_l3,isco_level_2,LU,26,runup_from_2019,0.2525948572143366
eu_l3,isco_level_2,LU,26,runup_from_2020,0.49098809416431904
eu_l3,isco_level_2,LU,26,runup_from_2019_vac,0.4001938224878291
eu_l3,isco_level_2,LU,26,runup_from_2019_mix,0.207529753509261
eu_l3,isco_level_2,LU,26,runup_from_2019_pooled,0.2152636121063766
eu_l3,isco_level_2,LU,31,runup_from_2019,0.35898381849642785
eu_l3,isco_level_2,LU,31,runup_from_2020,0.5652663172468263
eu_l3,isco_level_2,LU,31,runup_from_2019_vac,0.463891477499861
eu_l3,isco_level_2,LU,31,runup_from_2019_mix,0.22204048929869008
eu_l3,isco_level_2,LU,31,runup_from_2019_pooled,0.2276955086746763
eu_l3,isco_level_2,LU,32,runup_from_2019,0.11778303565638337
eu_l3,isco_level_2,LU,32,runup_from_2020,0.8109302162163285
eu_l3,isco_level_2,LU,32,runup_from_2019_vac,0.41621789988442615
eu_l3,isco_level_2,LU,32,runup_from_2019_mix,0.16126814759612235
eu_l3,isco_level_2,LU,32,runup_from_2019_pooled,0.173028653055236
eu_l3,isco_level_2,LU,33,runup_from_2019,0.30265197109482567
eu_l3,isco_level_2,LU,33,runup_from_2020,0.5381699423615961
eu_l3,isco_level_2,LU,33,runup_from_2019_vac,0.41780818262349506
eu_l3,isco_level_2,LU,33,runup_from_2019_mix,0.22881708866698053
eu_l3,isco_level_2,LU,33,runup_from_2019_pooled,0.24331163690461108
eu_l3,isco_level_2,LU,34,runup_from_2019,0.12903207333652966
eu_l3,isco_level_2,LU,34,runup_from_2020,0.6169330284569986
eu_l3,isco_level_2,LU,34,runup_from_2019_vac,0.3513982861713241
eu_l3,isco_level_2,LU,34,runup_from_2019_mix,0.16567138947960533
eu_l3,isco_level_2,LU,34,runup_from_2019_pooled,0.1917560116138421
eu_l3,isco_level_2,LU,35,runup_from_2019,0.28185115214098766
eu_l3,isco_level_2,LU,35,runup_from_2020,0.5930637220029626
eu_l3,isco_level_2,LU,35,runup_from_2019_vac,0.3272382716436022
eu_l3,isco_level_2,LU,35,runup_from_2019_mix,0.26319105244348484
eu_l3,isco_level_2,LU,35,runup_from_2019_pooled,0.25033411023201657
eu_l3,isco_level_2,LU,41,runup_from_2019,0.2744771151596907
eu_l3,isco_level_2,LU,41,runup_from_2020,0.5556196063947916
eu_l3,isco_level_2,LU,41,runup_from_2019_vac,0.3955820006563933
eu_l3,isco_level_2,LU,41,runup_from_2019_mix,0.19504956506364446
eu_l3,isco_level_2,LU,41,runup_from_2019_pooled,0.22007888890575802
eu_l3,isco_level_2,LU,42,runup_from_2019,0.3703737882968942
eu_l3,isco_level_2,LU,42,runup_from_2020,0.6466271649250523
eu_l3,isco_level_2,LU,42,runup_from_2019_vac,0.40325808889405934
eu_l3,isco_level_2,LU,42,runup_from_2019_mix,0.2201040282760187
eu_l3,isco_level_2,LU,42,runup_from_2019_pooled,0.2562536313099383
eu_l3,isco_level_2,LU,43,runup_from_2019,0.4051815028834246
eu_l3,isco_level_2,LU,43,runup_from_2020,0.6772944816768435
eu_l3,isco_level_2,LU,43,runup_from_2019_vac,0.4615940675211883
eu_l3,isco_level_2,LU,43,runup_from_2019_mix,0.23453251256357285
eu_l3,isco_level_2,LU,43,runup_from_2019_pooled,0.23458491600751655
eu_l3,isco_level_2,LU,44,runup_from_2019,0.28185115214098766
eu_l3,isco_level_2,LU,44,runup_from_2020,0.5930637220029626
eu_l3,isco_level_2,LU,44,runup_from_2019_vac,0.32723827164360214
eu_l3,isco_level_2,LU,44,runup_from_2019_mix,0.26319105244348484
eu_l3,isco_level_2,LU,44,runup_from_2019_pooled,0.22342473279847286
eu_l3,isco_level_2,LU,51,runup_from_2019,0.263876959909004
eu_l3,isco_level_2,LU,51,runup_from_2020,0.641907340873253
eu_l3,isco_level_2,LU,51,runup_from_2019_vac,0.3612420853884188
eu_l3,isco_level_2,LU,51,runup_from_2019_mix,0.23892713764985438
eu_l3,isco_level_2,LU,51,runup_from_2019_pooled,0.238314812334843
eu_l3,isco_level_2,LU,52,runup_from_2019,0.3703737882968942
eu_l3,isco_level_2,LU,52,runup_from_2020,0.6466271649250523
eu_l3,isco_level_2,LU,52,runup_from_2019_vac,0.40325808889405934
eu_l3,isco_level_2,LU,52,runup_from_2019_mix,0.2201040282760187
eu_l3,isco_level_2,LU,52,runup_from_2019_pooled,0.22638151495911119
eu_l3,isco_level_2,LU,53,runup_from_2019,0.13221656249372352
eu_l3,isco_level_2,LU,53,runup_from_2020,0.7078811700774069
eu_l3,isco_level_2,LU,53,runup_from_2019_vac,0.40026291671233916
eu_l3,isco_level_2,LU,53,runup_from_2019_mix,0.15635838222014828
eu_l3,isco_level_2,LU,53,runup_from_2019_pooled,0.168589853474218
eu_l3,isco_level_2,LU,54,runup_from_2019,0.2057504216211306
eu_l3,isco_level_2,LU,54,runup_from_2020,0.3580481906718524
eu_l3,isco_level_2,LU,54,runup_from_2019_vac,0.3067900226605499
eu_l3,isco_level_2,LU,54,runup_from_2019_mix,0.20420518614435948
eu_l3,isco_level_2,LU,54,runup_from_2019_pooled,0.2271638342216441
eu_l3,isco_level_2,LU,61,runup_from_2019,-0.48730244057106264
eu_l3,isco_level_2,LU,61,runup_from_2020,0.08120433300305922
eu_l3,isco_level_2,LU,61,runup_from_2019_vac,-0.37987149719808666
eu_l3,isco_level_2,LU,61,runup_from_2019_mix,0.003244889795725598
eu_l3,isco_level_2,LU,61,runup_from_2019_pooled,-0.13423809506910198
eu_l3,isco_level_2,LU,71,runup_from_2019,0.36000273403140703
eu_l3,isco_level_2,LU,71,runup_from_2020,0.42899560551835847
eu_l3,isco_level_2,LU,71,runup_from_2019_vac,0.5057608132965283
eu_l3,isco_level_2,LU,71,runup_from_2019_mix,0.19437383191336338
eu_l3,isco_level_2,LU,71,runup_from_2019_pooled,0.20087113518437769
eu_l3,isco_level_2,LU,72,runup_from_2019,0.36061156048237375
eu_l3,isco_level_2,LU,72,runup_from_2020,0.621112209979339
eu_l3,isco_level_2,LU,72,runup_from_2019_vac,0.42582786852780663
eu_l3,isco_level_2,LU,72,runup_from_2019_mix,0.21322339078050168
eu_l3,isco_level_2,LU,72,runup_from_2019_pooled,0.2167728606257869
eu_l3,isco_level_2,LU,74,runup_from_2019,0.22791661068027694
eu_l3,isco_level_2,LU,74,runup_from_2020,0.21182608899671626
eu_l3,isco_level_2,LU,74,runup_from_2019_vac,0.3715907645674903
eu_l3,isco_level_2,LU,74,runup_from_2019_mix,0.2606864207770265
eu_l3,isco_level_2,LU,74,runup_from_2019_pooled,0.21619110908262257
eu_l3,isco_level_2,LU,81,runup_from_2019,0.36000273403140703
eu_l3,isco_level_2,LU,81,runup_from_2020,0.7166776779701395
eu_l3,isco_level_2,LU,81,runup_from_2019_vac,0.394446692032024
eu_l3,isco_level_2,LU,81,runup_from_2019_mix,0.22072107126613294
eu_l3,isco_level_2,LU,81,runup_from_2019_pooled,0.21652054400345797
eu_l3,isco_level_2,LU,83,runup_from_2019,0.40638785931141175
eu_l3,isco_level_2,LU,83,runup_from_2020,0.6368858734001355
eu_l3,isco_level_2,LU,83,runup_from_2019_vac,0.49112407152198806
eu_l3,isco_level_2,LU,83,runup_from_2019_mix,0.2145057979580851
eu_l3,isco_level_2,LU,83,runup_from_2019_pooled,0.20902411239158486
eu_l3,isco_level_2,LU,91,runup_from_2019,0.30897861393479137
eu_l3,isco_level_2,LU,91,runup_from_2020,0.367394178214231
eu_l3,isco_level_2,LU,91,runup_from_2019_vac,0.4351906136971725
eu_l3,isco_level_2,LU,91,runup_from_2019_mix,0.2281671214596661
eu_l3,isco_level_2,LU,91,runup_from_2019_pooled,0.2330230761849543
eu_l3,isco_level_2,LU,93,runup_from_2019,0.3095613581947556
eu_l3,isco_level_2,LU,93,runup_from_2020,0.49716388277588974
eu_l3,isco_level_2,LU,93,runup_from_2019_vac,0.4045304313310043
eu_l3,isco_level_2,LU,93,runup_from_2019_mix,0.20039363704349047
eu_l3,isco_level_2,LU,93,runup_from_2019_pooled,0.2150336288425011
eu_l3,isco_level_2,LU,94,runup_from_2019,0.31365755885504154
eu_l3,isco_level_2,LU,94,runup_from_2020,0.794243297431314
eu_l3,isco_level_2,LU,94,runup_from_2019_vac,0.36614488751662044
eu_l3,isco_level_2,LU,94,runup_from_2019_mix,0.30332234176825773
eu_l3,isco_level_2,LU,94,runup_from_2019_pooled,0.2731603358466676
eu_l3,isco_level_2,LV,11,runup_from_2019,-0.5140989491109599
eu_l3,isco_level_2,LV,11,runup_from_2020,0.3266842302550499
eu_l3,isco_level_2,LV,11,runup_from_2019_vac,-0.5590436073396212
eu_l3,isco_level_2,LV,11,runup_from_2019_mix,0.2201040282760187
eu_l3,isco_level_2,LV,11,runup_from_2019_pooled,0.22205715776995835
eu_l3,isco_level_2,LV,21,runup_from_2019,-0.4978384282391794
eu_l3,isco_level_2,LV,21,runup_from_2020,0.3894647667617234
eu_l3,isco_level_2,LV,21,runup_from_2019_vac,-0.5730466467632
eu_l3,isco_level_2,LV,21,runup_from_2019_mix,0.3176494368130295
eu_l3,isco_level_2,LV,21,runup_from_2019_pooled,0.25205294245025983
eu_l3,isco_level_2,LV,22,runup_from_2019,0.22426024601428485
eu_l3,isco_level_2,LV,22,runup_from_2020,0.246860077931526
eu_l3,isco_level_2,LV,22,runup_from_2019_vac,0.24684965860576116
eu_l3,isco_level_2,LV,22,runup_from_2019_mix,0.16126814759612235
eu_l3,isco_level_2,LV,22,runup_from_2019_pooled,0.1721416170252814
eu_l3,isco_level_2,LV,23,runup_from_2019,0.36545977349446523
eu_l3,isco_level_2,LV,23,runup_from_2020,0.42608439531090003
eu_l3,isco_level_2,LV,23,runup_from_2019_vac,0.3684555906723803
eu_l3,isco_level_2,LV,23,runup_from_2019_mix,0.22314355131420974
eu_l3,isco_level_2,LV,23,runup_from_2019_pooled,0.21847032587873527
eu_l3,isco_level_2,LV,24,runup_from_2019,-0.21727903720790318
eu_l3,isco_level_2,LV,24,runup_from_2020,0.1297190514976299
eu_l3,isco_level_2,LV,24,runup_from_2019_vac,-0.17337673841734
eu_l3,isco_level_2,LV,24,runup_from_2019_mix,0.22456676801684053
eu_l3,isco_level_2,LV,24,runup_from_2019_pooled,0.2514016893047965
eu_l3,isco_level_2,LV,25,runup_from_2019,0.5859016502063475
eu_l3,isco_level_2,LV,25,runup_from_2020,0.6744550475477926
eu_l3,isco_level_2,LV,25,runup_from_2019_vac,0.7071857826676915
eu_l3,isco_level_2,LV,25,runup_from_2019_mix,0.26319105244348484
eu_l3,isco_level_2,LV,25,runup_from_2019_pooled,0.2598746776979377
eu_l3,isco_level_2,LV,31,runup_from_2019,-0.08535984895115689
eu_l3,isco_level_2,LV,31,runup_from_2020,0.14921239818667575
eu_l3,isco_level_2,LV,31,runup_from_2019_vac,-0.062331411297682486
eu_l3,isco_level_2,LV,31,runup_from_2019_mix,0.22072107126613294
eu_l3,isco_level_2,LV,31,runup_from_2019_pooled,0.2276955086746763
eu_l3,isco_level_2,LV,32,runup_from_2019,0.22426024601428485
eu_l3,isco_level_2,LV,32,runup_from_2020,0.24686007793152598
eu_l3,isco_level_2,LV,32,runup_from_2019_vac,0.24684965860576114
eu_l3,isco_level_2,LV,32,runup_from_2019_mix,0.16126814759612235
eu_l3,isco_level_2,LV,32,runup_from_2019_pooled,0.173028653055236
eu_l3,isco_level_2,LV,33,runup_from_2019,-0.2435409119183324
eu_l3,isco_level_2,LV,33,runup_from_2020,0.27069600333978006
eu_l3,isco_level_2,LV,33,runup_from_2019_vac,-0.24450454284396916
eu_l3,isco_level_2,LV,33,runup_from_2019_mix,0.24056831892632752
eu_l3,isco_level_2,LV,33,runup_from_2019_pooled,0.24331163690461108
eu_l3,isco_level_2,LV,43,runup_from_2019,-0.31477287622964795
eu_l3,isco_level_2,LV,43,runup_from_2020,0.24417539604782335
eu_l3,isco_level_2,LV,43,runup_from_2019_vac,-0.32811600742538655
eu_l3,isco_level_2,LV,43,runup_from_2019_mix,0.22039089913984375
eu_l3,isco_level_2,LV,43,runup_from_2019_pooled,0.23458491600751655
eu_l3,isco_level_2,LV,51,runup_from_2019,0.07118082314169474
eu_l3,isco_level_2,LV,51,runup_from_2020,0.43890388081441767
eu_l3,isco_level_2,LV,51,runup_from_2019_vac,-0.052352555611514064
eu_l3,isco_level_2,LV,51,runup_from_2019_mix,0.2229753151705124
eu_l3,isco_level_2,LV,51,runup_from_2019_pooled,0.238314812334843
eu_l3,isco_level_2,LV,52,runup_from_2019,-0.5140989491109599
eu_l3,isco_level_2,LV,52,runup_from_2020,0.32668423025504995
eu_l3,isco_level_2,LV,52,runup_from_2019_vac,-0.5590436073396212
eu_l3,isco_level_2,LV,52,runup_from_2019_mix,0.2201040282760187
eu_l3,isco_level_2,LV,52,runup_from_2019_pooled,0.22638151495911119
eu_l3,isco_level_2,LV,53,runup_from_2019,0.27851425164706356
eu_l3,isco_level_2,LV,53,runup_from_2020,0.31572459396892094
eu_l3,isco_level_2,LV,53,runup_from_2019_vac,0.29357509063135867
eu_l3,isco_level_2,LV,53,runup_from_2019_mix,0.18504293326120025
eu_l3,isco_level_2,LV,53,runup_from_2019_pooled,0.168589853474218
eu_l3,isco_level_2,LV,61,runup_from_2019,-0.5436154465889815
eu_l3,isco_level_2,LV,61,runup_from_2020,0.2754119798599666
eu_l3,isco_level_2,LV,61,runup_from_2019_vac,-0.5982160359051392
eu_l3,isco_level_2,LV,61,runup_from_2019_mix,-0.19415601444095745
eu_l3,isco_level_2,LV,61,runup_from_2019_pooled,-0.13423809506910198
eu_l3,isco_level_2,LV,71,runup_from_2019,-0.3825508485852885
eu_l3,isco_level_2,LV,71,runup_from_2020,0.13491931789937062
eu_l3,isco_level_2,LV,71,runup_from_2019_vac,-0.45750286080834446
eu_l3,isco_level_2,LV,71,runup_from_2019_mix,0.1943738319133634
eu_l3,isco_level_2,LV,71,runup_from_2019_pooled,0.20087113518437769
eu_l3,isco_level_2,LV,72,runup_from_2019,-0.27127326406469976
eu_l3,isco_level_2,LV,72,runup_from_2020,0.22616921032251944
eu_l3,isco_level_2,LV,72,runup_from_2019_vac,-0.27771988568754974
eu_l3,isco_level_2,LV,72,runup_from_2019_mix,0.2204535039518356
eu_l3,isco_level_2,LV,72,runup_from_2019_pooled,0.2167728606257869
eu_l3,isco_level_2,LV,75,runup_from_2019,-0.08535984895115689
eu_l3,isco_level_2,LV,75,runup_from_2020,0.14921239818667575
eu_l3,isco_level_2,LV,75,runup_from_2019_vac,-0.062331411297682486
eu_l3,isco_level_2,LV,75,runup_from_2019_mix,0.22072107126613294
eu_l3,isco_level_2,LV,75,runup_from_2019_pooled,0.21738428807614973
eu_l3,isco_level_2,LV,81,runup_from_2019,-0.08535984895115689
eu_l3,isco_level_2,LV,81,runup_from_2020,0.14921239818667575
eu_l3,isco_level_2,LV,81,runup_from_2019_vac,-0.06233141129768249
eu_l3,isco_level_2,LV,81,runup_from_2019_mix,0.22072107126613294
eu_l3,isco_level_2,LV,81,runup_from_2019_pooled,0.21652054400345797
eu_l3,isco_level_2,LV,83,runup_from_2019,-0.24528730215067004
eu_l3,isco_level_2,LV,83,runup_from_2020,0.21169944298474647
eu_l3,isco_level_2,LV,83,runup_from_2019_vac,-0.3422782383927052
eu_l3,isco_level_2,LV,83,runup_from_2019_mix,0.1537787848363607
eu_l3,isco_level_2,LV,83,runup_from_2019_pooled,0.20902411239158486
eu_l3,isco_level_2,LV,91,runup_from_2019,0.36545977349446523
eu_l3,isco_level_2,LV,91,runup_from_2020,0.42608439531090003
eu_l3,isco_level_2,LV,91,runup_from_2019_vac,0.3684555906723803
eu_l3,isco_level_2,LV,91,runup_from_2019_mix,0.22314355131420974
eu_l3,isco_level_2,LV,91,runup_from_2019_pooled,0.2330230761849543
eu_l3,isco_level_2,LV,92,runup_from_2019,-0.5436154465889815
eu_l3,isco_level_2,LV,92,runup_from_2020,0.2754119798599666
eu_l3,isco_level_2,LV,92,runup_from_2019_vac,-0.5982160359051392
eu_l3,isco_level_2,LV,92,runup_from_2019_mix,-0.19415601444095743
eu_l3,isco_level_2,LV,92,runup_from_2019_pooled,-0.12237825031757464
eu_l3,isco_level_2,LV,93,runup_from_2019,-0.25025977671574734
eu_l3,isco_level_2,LV,93,runup_from_2020,0.18204838639329723
eu_l3,isco_level_2,LV,93,runup_from_2019_vac,-0.26649612122645516
eu_l3,isco_level_2,LV,93,runup_from_2019_mix,0.21379726154238046
eu_l3,isco_level_2,LV,93,runup_from_2019_pooled,0.2150336288425011
eu_l3,isco_level_2,LV,96,runup_from_2019,-0.09403765646053916
eu_l3,isco_level_2,LV,96,runup_from_2020,0.40659330269601573
eu_l3,isco_level_2,LV,96,runup_from_2019_vac,-0.13266656796268664
eu_l3,isco_level_2,LV,96,runup_from_2019_mix,0.27344507101519444
eu_l3,isco_level_2,LV,96,runup_from_2019_pooled,0.22864745822534405
eu_l3,isco_level_2,NL,11,runup_from_2019,0.4127426285229234
eu_l3,isco_level_2,NL,11,runup_from_2020,0.6174918283857094
eu_l3,isco_level_2,NL,11,runup_from_2019_vac,0.4919312077164096
eu_l3,isco_level_2,NL,11,runup_from_2019_mix,0.20977942868704194
eu_l3,isco_level_2,NL,11,runup_from_2019_pooled,0.22205715776995835
eu_l3,isco_level_2,NL,12,runup_from_2019,0.38958671670359984
eu_l3,isco_level_2,NL,12,runup_from_2020,0.675423749820301
eu_l3,isco_level_2,NL,12,runup_from_2019_vac,0.45067546132797875
eu_l3,isco_level_2,NL,12,runup_from_2019_mix,0.253293941728942
eu_l3,isco_level_2,NL,12,runup_from_2019_pooled,0.24446408178875306
eu_l3,isco_level_2,NL,13,runup_from_2019,0.37144756579676735
eu_l3,isco_level_2,NL,13,runup_from_2020,0.6230500132103667
eu_l3,isco_level_2,NL,13,runup_from_2019_vac,0.44708060383545917
eu_l3,isco_level_2,NL,13,runup_from_2019_mix,0.23063655671458372
eu_l3,isco_level_2,NL,13,runup_from_2019_pooled,0.2130208675503039
eu_l3,isco_level_2,NL,14,runup_from_2019,0.462942390471515
eu_l3,isco_level_2,NL,14,runup_from_2020,0.8911803652570833
eu_l3,isco_level_2,NL,14,runup_from_2019_vac,0.5137243352785827
eu_l3,isco_level_2,NL,14,runup_from_2019_mix,0.2376749958521666
eu_l3,isco_level_2,NL,14,runup_from_2019_pooled,0.25317490005446597
eu_l3,isco_level_2,NL,21,runup_from_2019,0.38009610241530867
eu_l3,isco_level_2,NL,21,runup_from_2020,0.6603343526936575
eu_l3,isco_level_2,NL,21,runup_from_2019_vac,0.4620476752574397
eu_l3,isco_level_2,NL,21,runup_from_2019_mix,0.2524683574674614
eu_l3,isco_level_2,NL,21,runup_from_2019_pooled,0.25205294245025983
eu_l3,isco_level_2,NL,22,runup_from_2019,0.41084584842089156
eu_l3,isco_level_2,NL,22,runup_from_2020,0.4242707802655549
eu_l3,isco_level_2,NL,22,runup_from_2019_vac,0.47722492673048333
eu_l3,isco_level_2,NL,22,runup_from_2019_mix,0.17092397436043422
eu_l3,isco_level_2,NL,22,runup_from_2019_pooled,0.1721416170252814
eu_l3,isco_level_2,NL,23,runup_from_2019,0.3715696213288901
eu_l3,isco_level_2,NL,23,runup_from_2020,0.6298712896411975
eu_l3,isco_level_2,NL,23,runup_from_2019_vac,0.46326546261710777
eu_l3,isco_level_2,NL,23,runup_from_2019_mix,0.21999900630599123
eu_l3,isco_level_2,NL,23,runup_from_2019_pooled,0.21847032587873527
eu_l3,isco_level_2,NL,24,runup_from_2019,0.38667846051765115
eu_l3,isco_level_2,NL,24,runup_from_2020,0.6327739353526107
eu_l3,isco_level_2,NL,24,runup_from_2019_vac,0.46056426872592576
eu_l3,isco_level_2,NL,24,runup_from_2019_mix,0.24796409564870547
eu_l3,isco_level_2,NL,24,runup_from_2019_pooled,0.2514016893047965
eu_l3,isco_level_2,NL,25,runup_from_2019,0.34137941971388214
eu_l3,isco_level_2,NL,25,runup_from_2020,0.6127752525798114
eu_l3,isco_level_2,NL,25,runup_from_2019_vac,0.44332995161277766
eu_l3,isco_level_2,NL,25,runup_from_2019_mix,0.2527744889783682
eu_l3,isco_level_2,NL,25,runup_from_2019_pooled,0.2598746776979377
eu_l3,isco_level_2,NL,26,runup_from_2019,0.39583147684203945
eu_l3,isco_level_2,NL,26,runup_from_2020,0.5905991622071985
eu_l3,isco_level_2,NL,26,runup_from_2019_vac,0.4686598873306959
eu_l3,isco_level_2,NL,26,runup_from_2019_mix,0.20449269658568583
eu_l3,isco_level_2,NL,26,runup_from_2019_pooled,0.2152636121063766
eu_l3,isco_level_2,NL,31,runup_from_2019,0.3885659036727417
eu_l3,isco_level_2,NL,31,runup_from_2020,0.6861650769966006
eu_l3,isco_level_2,NL,31,runup_from_2019_vac,0.452373508200694
eu_l3,isco_level_2,NL,31,runup_from_2019_mix,0.22826017880429922
eu_l3,isco_level_2,NL,31,runup_from_2019_pooled,0.2276955086746763
eu_l3,isco_level_2,NL,32,runup_from_2019,0.4136487946045769
eu_l3,isco_level_2,NL,32,runup_from_2020,0.46338056260239113
eu_l3,isco_level_2,NL,32,runup_from_2019_vac,0.4795470096963659
eu_l3,isco_level_2,NL,32,runup_from_2019_mix,0.17496905527789144
eu_l3,isco_level_2,NL,32,runup_from_2019_pooled,0.173028653055236
eu_l3,isco_level_2,NL,33,runup_from_2019,0.3966139272436072
eu_l3,isco_level_2,NL,33,runup_from_2020,0.6406736003585776
eu_l3,isco_level_2,NL,33,runup_from_2019_vac,0.4661417166275742
eu_l3,isco_level_2,NL,33,runup_from_2019_mix,0.24101701926200367
eu_l3,isco_level_2,NL,33,runup_from_2019_pooled,0.24331163690461108
eu_l3,isco_level_2,NL,34,runup_from_2019,0.41470836056422056
eu_l3,isco_level_2,NL,34,runup_from_2020,0.5512766746485791
eu_l3,isco_level_2,NL,34,runup_from_2019_vac,0.47884678315352697
eu_l3,isco_level_2,NL,34,runup_from_2019_mix,0.19083614965079337
eu_l3,isco_level_2,NL,34,runup_from_2019_pooled,0.1917560116138421
eu_l3,isco_level_2,NL,35,runup_from_2019,0.3530059313336494
eu_l3,isco_level_2,NL,35,runup_from_2020,0.6363036585068371
eu_l3,isco_level_2,NL,35,runup_from_2019_vac,0.44725638708700477
eu_l3,isco_level_2,NL,35,runup_from_2019_mix,0.23407399188161673
eu_l3,isco_level_2,NL,35,runup_from_2019_pooled,0.25033411023201657
eu_l3,isco_level_2,NL,41,runup_from_2019,0.3962920552572151
eu_l3,isco_level_2,NL,41,runup_from_2020,0.6225009831333125
eu_l3,isco_level_2,NL,41,runup_from_2019_vac,0.4610909417491855
eu_l3,isco_level_2,NL,41,runup_from_2019_mix,0.2136238665353852
eu_l3,isco_level_2,NL,41,runup_from_2019_pooled,0.22007888890575802
eu_l3,isco_level_2,NL,42,runup_from_2019,0.4095721563519443
eu_l3,isco_level_2,NL,42,runup_from_2020,0.6524238520195311
eu_l3,isco_level_2,NL,42,runup_from_2019_vac,0.4658387040388957
eu_l3,isco_level_2,NL,42,runup_from_2019_mix,0.23174764535189774
eu_l3,isco_level_2,NL,42,runup_from_2019_pooled,0.2562536313099383
eu_l3,isco_level_2,NL,43,runup_from_2019,0.3952253201804466
eu_l3,isco_level_2,NL,43,runup_from_2020,0.6932558792296007
eu_l3,isco_level_2,NL,43,runup_from_2019_vac,0.4533059935244572
eu_l3,isco_level_2,NL,43,runup_from_2019_mix,0.22783704412344383
eu_l3,isco_level_2,NL,43,runup_from_2019_pooled,0.23458491600751655
eu_l3,isco_level_2,NL,44,runup_from_2019,0.4080722235102439
eu_l3,isco_level_2,NL,44,runup_from_2020,0.7105887870466597
eu_l3,isco_level_2,NL,44,runup_from_2019_vac,0.45538524810163594
eu_l3,isco_level_2,NL,44,runup_from_2019_mix,0.22034892342868162
eu_l3,isco_level_2,NL,44,runup_from_2019_pooled,0.22342473279847286
eu_l3,isco_level_2,NL,51,runup_from_2019,0.44924076239502087
eu_l3,isco_level_2,NL,51,runup_from_2020,0.9400980098768089
eu_l3,isco_level_2,NL,51,runup_from_2019_vac,0.4989785334698755
eu_l3,isco_level_2,NL,51,runup_from_2019_mix,0.23702267767046528
eu_l3,isco_level_2,NL,51,runup_from_2019_pooled,0.238314812334843
eu_l3,isco_level_2,NL,52,runup_from_2019,0.44395526450848033
eu_l3,isco_level_2,NL,52,runup_from_2020,0.7817258429489106
eu_l3,isco_level_2,NL,52,runup_from_2019_vac,0.5018971833765791
eu_l3,isco_level_2,NL,52,runup_from_2019_mix,0.22620917377318361
eu_l3,isco_level_2,NL,52,runup_from_2019_pooled,0.22638151495911119
eu_l3,isco_level_2,NL,53,runup_from_2019,0.40582075533330575
eu_l3,isco_level_2,NL,53,runup_from_2020,0.43262761882001916
eu_l3,isco_level_2,NL,53,runup_from_2019_vac,0.47300225398655954
eu_l3,isco_level_2,NL,53,runup_from_2019_mix,0.17009471906657977
eu_l3,isco_level_2,NL,53,runup_from_2019_pooled,0.168589853474218
eu_l3,isco_level_2,NL,54,runup_from_2019,0.439023243460462
eu_l3,isco_level_2,NL,54,runup_from_2020,0.6147381863655625
eu_l3,isco_level_2,NL,54,runup_from_2019_vac,0.48776453126084063
eu_l3,isco_level_2,NL,54,runup_from_2019_mix,0.23071025578593707
eu_l3,isco_level_2,NL,54,runup_from_2019_pooled,0.2271638342216441
eu_l3,isco_level_2,NL,61,runup_from_2019,0.3167648487490818
eu_l3,isco_level_2,NL,61,runup_from_2020,0.5301664292636828
eu_l3,isco_level_2,NL,61,runup_from_2019_vac,0.3308665475158188
eu_l3,isco_level_2,NL,61,runup_from_2019_mix,-0.013889135762186896
eu_l3,isco_level_2,NL,61,runup_from_2019_pooled,-0.13423809506910198
eu_l3,isco_level_2,NL,71,runup_from_2019,0.3331243983051253
eu_l3,isco_level_2,NL,71,runup_from_2020,0.6372285761808674
eu_l3,isco_level_2,NL,71,runup_from_2019_vac,0.4105905210458029
eu_l3,isco_level_2,NL,71,runup_from_2019_mix,0.20596962017715875
eu_l3,isco_level_2,NL,71,runup_from_2019_pooled,0.20087113518437769
eu_l3,isco_level_2,NL,72,runup_from_2019,0.41119526210452617
eu_l3,isco_level_2,NL,72,runup_from_2020,0.7307848113671069
eu_l3,isco_level_2,NL,72,runup_from_2019_vac,0.4575094500060594
eu_l3,isco_level_2,NL,72,runup_from_2019_mix,0.2140899720390621
eu_l3,isco_level_2,NL,72,runup_from_2019_pooled,0.2167728606257869
eu_l3,isco_level_2,NL,73,runup_from_2019,0.40042962539624577
eu_l3,isco_level_2,NL,73,runup_from_2020,0.7269022129444639
eu_l3,isco_level_2,NL,73,runup_from_2019_vac,0.456384854714293
eu_l3,isco_level_2,NL,73,runup_from_2019_mix,0.23414916850506795
eu_l3,isco_level_2,NL,73,runup_from_2019_pooled,0.21952040503363573
eu_l3,isco_level_2,NL,74,runup_from_2019,0.3674036290903002
eu_l3,isco_level_2,NL,74,runup_from_2020,0.6633425769299123
eu_l3,isco_level_2,NL,74,runup_from_2019_vac,0.43481169523842533
eu_l3,isco_level_2,NL,74,runup_from_2019_mix,0.2224118426174574
eu_l3,isco_level_2,NL,74,runup_from_2019_pooled,0.21619110908262257
eu_l3,isco_level_2,NL,75,runup_from_2019,0.4108341712026623
eu_l3,isco_level_2,NL,75,runup_from_2020,0.7406838120334722
eu_l3,isco_level_2,NL,75,runup_from_2019_vac,0.4579269170250981
eu_l3,isco_level_2,NL,75,runup_from_2019_mix,0.2246267404500776
eu_l3,isco_level_2,NL,75,runup_from_2019_pooled,0.21738428807614973
eu_l3,isco_level_2,NL,81,runup_from_2019,0.39624126981065355
eu_l3,isco_level_2,NL,81,runup_from_2020,0.7117895062622027
eu_l3,isco_level_2,NL,81,runup_from_2019_vac,0.43538390398814475
eu_l3,isco_level_2,NL,81,runup_from_2019_mix,0.22437058726212478
eu_l3,isco_level_2,NL,81,runup_from_2019_pooled,0.21652054400345797
eu_l3,isco_level_2,NL,82,runup_from_2019,0.38739315321384127
eu_l3,isco_level_2,NL,82,runup_from_2020,0.7050535529277755
eu_l3,isco_level_2,NL,82,runup_from_2019_vac,0.4337645591021639
eu_l3,isco_level_2,NL,82,runup_from_2019_mix,0.21820943119424446
eu_l3,isco_level_2,NL,82,runup_from_2019_pooled,0.21989440056919204
eu_l3,isco_level_2,NL,83,runup_from_2019,0.40585575014836567
eu_l3,isco_level_2,NL,83,runup_from_2020,0.808253662506337
eu_l3,isco_level_2,NL,83,runup_from_2019_vac,0.44456489639510205
eu_l3,isco_level_2,NL,83,runup_from_2019_mix,0.21378557589091918
eu_l3,isco_level_2,NL,83,runup_from_2019_pooled,0.20902411239158486
eu_l3,isco_level_2,NL,91,runup_from_2019,0.4334190794321419
eu_l3,isco_level_2,NL,91,runup_from_2020,0.5925691731462134
eu_l3,isco_level_2,NL,91,runup_from_2019_vac,0.45430632535726523
eu_l3,isco_level_2,NL,91,runup_from_2019_mix,0.23751047383575535
eu_l3,isco_level_2,NL,91,runup_from_2019_pooled,0.2330230761849543
eu_l3,isco_level_2,NL,92,runup_from_2019,0.28673274597514203
eu_l3,isco_level_2,NL,92,runup_from_2020,0.5111197527503689
eu_l3,isco_level_2,NL,92,runup_from_2019_vac,0.30509972743342995
eu_l3,isco_level_2,NL,92,runup_from_2019_mix,-0.07952412668287757
eu_l3,isco_level_2,NL,92,runup_from_2019_pooled,-0.12237825031757464
eu_l3,isco_level_2,NL,93,runup_from_2019,0.43742625107137706
eu_l3,isco_level_2,NL,93,runup_from_2020,0.7949096750273702
eu_l3,isco_level_2,NL,93,runup_from_2019_vac,0.4887400414994721
eu_l3,isco_level_2,NL,93,runup_from_2019_mix,0.22517540256953705
eu_l3,isco_level_2,NL,93,runup_from_2019_pooled,0.2150336288425011
eu_l3,isco_level_2,NL,94,runup_from_2019,0.4940548275124729
eu_l3,isco_level_2,NL,94,runup_from_2020,1.1513852293053137
eu_l3,isco_level_2,NL,94,runup_from_2019_vac,0.549338042121284
eu_l3,isco_level_2,NL,94,runup_from_2019_mix,0.2935878974242204
eu_l3,isco_level_2,NL,94,runup_from_2019_pooled,0.2731603358466676
eu_l3,isco_level_2,NL,96,runup_from_2019,0.42770910734292455
eu_l3,isco_level_2,NL,96,runup_from_2020,0.6948108429448439
eu_l3,isco_level_2,NL,96,runup_from_2019_vac,0.4824972937625385
eu_l3,isco_level_2,NL,96,runup_from_2019_mix,0.23749160297857058
eu_l3,isco_level_2,NL,96,runup_from_2019_pooled,0.22864745822534405
eu_l3,isco_level_2,PL,11,runup_from_2019,0.010731310043614427
eu_l3,isco_level_2,PL,11,runup_from_2020,0.40003173776796264
eu_l3,isco_level_2,PL,11,runup_from_2019_vac,-0.0037166797021825123
eu_l3,isco_level_2,PL,11,runup_from_2019_mix,0.2118181998778991
eu_l3,isco_level_2,PL,11,runup_from_2019_pooled,0.22205715776995835
eu_l3,isco_level_2,PL,12,runup_from_2019,0.09325034030462434
eu_l3,isco_level_2,PL,12,runup_from_2020,0.5517078258641576
eu_l3,isco_level_2,PL,12,runup_from_2019_vac,0.07270438549665151
eu_l3,isco_level_2,PL,12,runup_from_2019_mix,0.2351971088721207
eu_l3,isco_level_2,PL,12,runup_from_2019_pooled,0.24446408178875306
eu_l3,isco_level_2,PL,13,runup_from_2019,-0.005300049633149145
eu_l3,isco_level_2,PL,13,runup_from_2020,0.523368645869908
eu_l3,isco_level_2,PL,13,runup_from_2019_vac,-0.009481433472999132
eu_l3,isco_level_2,PL,13,runup_from_2019_mix,0.21419927690345605
eu_l3,isco_level_2,PL,13,runup_from_2019_pooled,0.2130208675503039
eu_l3,isco_level_2,PL,14,runup_from_2019,-0.04796816573856163
eu_l3,isco_level_2,PL,14,runup_from_2020,0.5874427241139981
eu_l3,isco_level_2,PL,14,runup_from_2019_vac,-0.15425467323879904
eu_l3,isco_level_2,PL,14,runup_from_2019_mix,0.2250951925135365
eu_l3,isco_level_2,PL,14,runup_from_2019_pooled,0.25317490005446597
eu_l3,isco_level_2,PL,21,runup_from_2019,0.0670565897945236
eu_l3,isco_level_2,PL,21,runup_from_2020,0.5572649943256816
eu_l3,isco_level_2,PL,21,runup_from_2019_vac,0.07230275970975804
eu_l3,isco_level_2,PL,21,runup_from_2019_mix,0.2510045616332321
eu_l3,isco_level_2,PL,21,runup_from_2019_pooled,0.25205294245025983
eu_l3,isco_level_2,PL,22,runup_from_2019,0.06453993857144599
eu_l3,isco_level_2,PL,22,runup_from_2020,0.27520974497636214
eu_l3,isco_level_2,PL,22,runup_from_2019_vac,0.07006311680486865
eu_l3,isco_level_2,PL,22,runup_from_2019_mix,0.16974972276168343
eu_l3,isco_level_2,PL,22,runup_from_2019_pooled,0.1721416170252814
eu_l3,isco_level_2,PL,23,runup_from_2019,0.21910751104679527
eu_l3,isco_level_2,PL,23,runup_from_2020,0.502893168111497
eu_l3,isco_level_2,PL,23,runup_from_2019_vac,0.2985691701957573
eu_l3,isco_level_2,PL,23,runup_from_2019_mix,0.22139840701865404
eu_l3,isco_level_2,PL,23,runup_from_2019_pooled,0.21847032587873527
eu_l3,isco_level_2,PL,24,runup_from_2019,0.15821855171308627
eu_l3,isco_level_2,PL,24,runup_from_2020,0.5861970746453036
eu_l3,isco_level_2,PL,24,runup_from_2019_vac,0.11650250255442748
eu_l3,isco_level_2,PL,24,runup_from_2019_mix,0.24787724640064243
eu_l3,isco_level_2,PL,24,runup_from_2019_pooled,0.2514016893047965
eu_l3,isco_level_2,PL,25,runup_from_2019,0.38381083065787247
eu_l3,isco_level_2,PL,25,runup_from_2020,0.8235866219252704
eu_l3,isco_level_2,PL,25,runup_from_2019_vac,0.47603796577850543
eu_l3,isco_level_2,PL,25,runup_from_2019_mix,0.26059705544616285
eu_l3,isco_level_2,PL,25,runup_from_2019_pooled,0.2598746776979377
eu_l3,isco_level_2,PL,26,runup_from_2019,0.1158894801781865
eu_l3,isco_level_2,PL,26,runup_from_2020,0.4895619124452738
eu_l3,isco_level_2,PL,26,runup_from_2019_vac,0.14473232104994718
eu_l3,isco_level_2,PL,26,runup_from_2019_mix,0.23042248457553935
eu_l3,isco_level_2,PL,26,runup_from_2019_pooled,0.2152636121063766
eu_l3,isco_level_2,PL,31,runup_from_2019,0.002512962618235772
eu_l3,isco_level_2,PL,31,runup_from_2020,0.4942423116938619
eu_l3,isco_level_2,PL,31,runup_from_2019_vac,-0.018607221429212905
eu_l3,isco_level_2,PL,31,runup_from_2019_mix,0.2203518172732104
eu_l3,isco_level_2,PL,31,runup_from_2019_pooled,0.2276955086746763
eu_l3,isco_level_2,PL,32,runup_from_2019,0.050021960251994305
eu_l3,isco_level_2,PL,32,runup_from_2020,0.27337222410284573
eu_l3,isco_level_2,PL,32,runup_from_2019_vac,0.03837399021883284
eu_l3,isco_level_2,PL,32,runup_from_2019_mix,0.1699076278536996
eu_l3,isco_level_2,PL,32,runup_from_2019_pooled,0.173028653055236
eu_l3,isco_level_2,PL,33,runup_from_2019,0.12027460469579425
eu_l3,isco_level_2,PL,33,runup_from_2020,0.5149232113106721
eu_l3,isco_level_2,PL,33,runup_from_2019_vac,0.09434491939065197
eu_l3,isco_level_2,PL,33,runup_from_2019_mix,0.23722941366971242
eu_l3,isco_level_2,PL,33,runup_from_2019_pooled,0.24331163690461108
eu_l3,isco_level_2,PL,34,runup_from_2019,-0.006688317271731557
eu_l3,isco_level_2,PL,34,runup_from_2020,0.32964567001999123
eu_l3,isco_level_2,PL,34,runup_from_2019_vac,-0.0035013408235575376
eu_l3,isco_level_2,PL,34,runup_from_2019_mix,0.17800384014872217
eu_l3,isco_level_2,PL,34,runup_from_2019_pooled,0.1917560116138421
eu_l3,isco_level_2,PL,35,runup_from_2019,0.4468503242710186
eu_l3,isco_level_2,PL,35,runup_from_2020,0.8808888048232391
eu_l3,isco_level_2,PL,35,runup_from_2019_vac,0.585136012265524
eu_l3,isco_level_2,PL,35,runup_from_2019_mix,0.26319105244348484
eu_l3,isco_level_2,PL,35,runup_from_2019_pooled,0.25033411023201657
eu_l3,isco_level_2,PL,41,runup_from_2019,0.08675118766769242
eu_l3,isco_level_2,PL,41,runup_from_2020,0.4484820501876699
eu_l3,isco_level_2,PL,41,runup_from_2019_vac,0.07780851444075795
eu_l3,isco_level_2,PL,41,runup_from_2019_mix,0.21953613002500572
eu_l3,isco_level_2,PL,41,runup_from_2019_pooled,0.22007888890575802
eu_l3,isco_level_2,PL,42,runup_from_2019,0.10152061696590141
eu_l3,isco_level_2,PL,42,runup_from_2020,0.5729735856431516
eu_l3,isco_level_2,PL,42,runup_from_2019_vac,0.07376642649359513
eu_l3,isco_level_2,PL,42,runup_from_2019_mix,0.22662234441182771
eu_l3,isco_level_2,PL,42,runup_from_2019_pooled,0.2562536313099383
eu_l3,isco_level_2,PL,43,runup_from_2019,0.028061116898129793
eu_l3,isco_level_2,PL,43,runup_from_2020,0.5508227541279036
eu_l3,isco_level_2,PL,43,runup_from_2019_vac,-0.03101492788281968
eu_l3,isco_level_2,PL,43,runup_from_2019_mix,0.2230467024067739
eu_l3,isco_level_2,PL,43,runup_from_2019_pooled,0.23458491600751655
eu_l3,isco_level_2,PL,44,runup_from_2019,0.22825865198098017
eu_l3,isco_level_2,PL,44,runup_from_2020,0.63372376008914455
eu_l3,isco_level_2,PL,44,runup_from_2019_vac,0.2432940772256451
eu_l3,isco_level_2,PL,44,runup_from_2019_mix,0.22825865198098017
eu_l3,isco_level_2,PL,44,runup_from_2019_pooled,0.22342473279847286
eu_l3,isco_level_2,PL,51,runup_from_2019,-0.08487119222159856
eu_l3,isco_level_2,PL,51,runup_from_2020,0.5994756256981435
eu_l3,isco_level_2,PL,51,runup_from_2019_vac,-0.11479602556982821
eu_l3,isco_level_2,PL,51,runup_from_2019_mix,0.22498771258969152
eu_l3,isco_level_2,PL,51,runup_from_2019_pooled,0.238314812334843
eu_l3,isco_level_2,PL,52,runup_from_2019,0.009987728078708747
eu_l3,isco_level_2,PL,52,runup_from_2020,0.5733260293610464
eu_l3,isco_level_2,PL,52,runup_from_2019_vac,-0.17301281543193778
eu_l3,isco_level_2,PL,52,runup_from_2019_mix,0.2231585163564231
eu_l3,isco_level_2,PL,52,runup_from_2019_pooled,0.22638151495911119
eu_l3,isco_level_2,PL,53,runup_from_2019,-0.02159852097630644
eu_l3,isco_level_2,PL,53,runup_from_2020,0.33383125435456756
eu_l3,isco_level_2,PL,53,runup_from_2019_vac,-0.0018832732542753685
eu_l3,isco_level_2,PL,53,runup_from_2019_mix,0.16817427731710935
eu_l3,isco_level_2,PL,53,runup_from_2019_pooled,0.168589853474218
eu_l3,isco_level_2,PL,54,runup_from_2019,0.2310762748681676
eu_l3,isco_level_2,PL,54,runup_from_2020,0.7329237299706471
eu_l3,isco_level_2,PL,54,runup_from_2019_vac,0.2400666377365312
eu_l3,isco_level_2,PL,54,runup_from_2019_mix,0.2817867076229115
eu_l3,isco_level_2,PL,54,runup_from_2019_pooled,0.2271638342216441
eu_l3,isco_level_2,PL,61,runup_from_2019,0.30516614459366076
eu_l3,isco_level_2,PL,61,runup_from_2020,0.3136057052036935
eu_l3,isco_level_2,PL,61,runup_from_2019_vac,0.1973785824006946
eu_l3,isco_level_2,PL,61,runup_from_2019_mix,-0.18784021483981792
eu_l3,isco_level_2,PL,61,runup_from_2019_pooled,-0.13423809506910198
eu_l3,isco_level_2,PL,71,runup_from_2019,-0.2485377464297503
eu_l3,isco_level_2,PL,71,runup_from_2020,0.4741625562846363
eu_l3,isco_level_2,PL,71,runup_from_2019_vac,-0.2885271477075364
eu_l3,isco_level_2,PL,71,runup_from_2019_mix,0.2011813148661817
eu_l3,isco_level_2,PL,71,runup_from_2019_pooled,0.20087113518437769
eu_l3,isco_level_2,PL,72,runup_from_2019,-0.04574364868645839
eu_l3,isco_level_2,PL,72,runup_from_2020,0.5117231639082522
eu_l3,isco_level_2,PL,72,runup_from_2019_vac,-0.09508804107976909
eu_l3,isco_level_2,PL,72,runup_from_2019_mix,0.21886627844594017
eu_l3,isco_level_2,PL,72,runup_from_2019_pooled,0.2167728606257869
eu_l3,isco_level_2,PL,73,runup_from_2019,-0.06062462181643483
eu_l3,isco_level_2,PL,73,runup_from_2020,0.5212969236332862
eu_l3,isco_level_2,PL,73,runup_from_2019_vac,-0.06396208189543273
eu_l3,isco_level_2,PL,73,runup_from_2019_mix,0.22072107126613294
eu_l3,isco_level_2,PL,73,runup_from_2019_pooled,0.21952040503363573
eu_l3,isco_level_2,PL,74,runup_from_2019,-0.059809752287238296
eu_l3,isco_level_2,PL,74,runup_from_2020,0.4594538437009126
eu_l3,isco_level_2,PL,74,runup_from_2019_vac,-0.11525746791227845
eu_l3,isco_level_2,PL,74,runup_from_2019_mix,0.223699011903861
eu_l3,isco_level_2,PL,74,runup_from_2019_pooled,0.21619110908262257
eu_l3,isco_level_2,PL,75,runup_from_2019,-0.06850363105375591
eu_l3,isco_level_2,PL,75,runup_from_2020,0.5156359621161062
eu_l3,isco_level_2,PL,75,runup_from_2019_vac,-0.07261242558539832
eu_l3,isco_level_2,PL,75,runup_from_2019_mix,0.2182534248807665
eu_l3,isco_level_2,PL,75,runup_from_2019_pooled,0.21738428807614973
eu_l3,isco_level_2,PL,81,runup_from_2019,-0.03584107661127905
eu_l3,isco_level_2,PL,81,runup_from_2020,0.43571830185787636
eu_l3,isco_level_2,PL,81,runup_from_2019_vac,-0.05811295752317002
eu_l3,isco_level_2,PL,81,runup_from_2019_mix,0.21661410035286896
eu_l3,isco_level_2,PL,81,runup_from_2019_pooled,0.21652054400345797
eu_l3,isco_level_2,PL,82,runup_from_2019,-0.060624621816434826
eu_l3,isco_level_2,PL,82,runup_from_2020,0.5212969236332862
eu_l3,isco_level_2,PL,82,runup_from_2019_vac,-0.06396208189543273
eu_l3,isco_level_2,PL,82,runup_from_2019_mix,0.22072107126613294
eu_l3,isco_level_2,PL,82,runup_from_2019_pooled,0.21989440056919204
eu_l3,isco_level_2,PL,83,runup_from_2019,0.10319210116851453
eu_l3,isco_level_2,PL,83,runup_from_2020,0.5526688557889847
eu_l3,isco_level_2,PL,83,runup_from_2019_vac,0.09176297200751667
eu_l3,isco_level_2,PL,83,runup_from_2019_mix,0.2144166344723215
eu_l3,isco_level_2,PL,83,runup_from_2019_pooled,0.20902411239158486
eu_l3,isco_level_2,PL,91,runup_from_2019,0.1458630406840441
eu_l3,isco_level_2,PL,91,runup_from_2020,0.6001761213675784
eu_l3,isco_level_2,PL,91,runup_from_2019_vac,0.1563104092764888
eu_l3,isco_level_2,PL,91,runup_from_2019_mix,0.24260510965843768
eu_l3,isco_level_2,PL,91,runup_from_2019_pooled,0.2330230761849543
eu_l3,isco_level_2,PL,92,runup_from_2019,0.30538164955118174
eu_l3,isco_level_2,PL,92,runup_from_2020,0.30538164955118174
eu_l3,isco_level_2,PL,92,runup_from_2019_vac,0.1962868134769611
eu_l3,isco_level_2,PL,92,runup_from_2019_mix,-0.19415601444095743
eu_l3,isco_level_2,PL,92,runup_from_2019_pooled,-0.12237825031757464
eu_l3,isco_level_2,PL,93,runup_from_2019,-0.08872142587125657
eu_l3,isco_level_2,PL,93,runup_from_2020,0.5226993413639137
eu_l3,isco_level_2,PL,93,runup_from_2019_vac,-0.13046921431342784
eu_l3,isco_level_2,PL,93,runup_from_2019_mix,0.2152925805341493
eu_l3,isco_level_2,PL,93,runup_from_2019_pooled,0.2150336288425011
eu_l3,isco_level_2,PL,94,runup_from_2019,0.07058247422129851
eu_l3,isco_level_2,PL,94,runup_from_2020,0.7726737039740367
eu_l3,isco_level_2,PL,94,runup_from_2019_vac,0.050524244050880004
eu_l3,isco_level_2,PL,94,runup_from_2019_mix,0.27796101101508275
eu_l3,isco_level_2,PL,94,runup_from_2019_pooled,0.2731603358466676
eu_l3,isco_level_2,PL,96,runup_from_2019,0.04496477986834277
eu_l3,isco_level_2,PL,96,runup_from_2020,0.5146266970926575
eu_l3,isco_level_2,PL,96,runup_from_2019_vac,0.08114855170282641
eu_l3,isco_level_2,PL,96,runup_from_2019_mix,0.23993301752810237
eu_l3,isco_level_2,PL,96,runup_from_2019_pooled,0.22864745822534405
eu_l3,isco_level_2,PT,11,runup_from_2019,0.3677293899169077
eu_l3,isco_level_2,PT,11,runup_from_2020,0.8321977339925383
eu_l3,isco_level_2,PT,11,runup_from_2019_vac,0.38229912135024413
eu_l3,isco_level_2,PT,11,runup_from_2019_mix,0.22511379665705714
eu_l3,isco_level_2,PT,11,runup_from_2019_pooled,0.22205715776995835
eu_l3,isco_level_2,PT,12,runup_from_2019,0.4384716551980648
eu_l3,isco_level_2,PT,12,runup_from_2020,0.7843547046132631
eu_l3,isco_level_2,PT,12,runup_from_2019_vac,0.46655199292536154
eu_l3,isco_level_2,PT,12,runup_from_2019_mix,0.23465180749997697
eu_l3,isco_level_2,PT,12,runup_from_2019_pooled,0.24446408178875306
eu_l3,isco_level_2,PT,13,runup_from_2019,0.3369566086586209
eu_l3,isco_level_2,PT,13,runup_from_2020,0.7469962393735515
eu_l3,isco_level_2,PT,13,runup_from_2019_vac,0.33544443960989334
eu_l3,isco_level_2,PT,13,runup_from_2019_mix,0.19699921965459613
eu_l3,isco_level_2,PT,13,runup_from_2019_pooled,0.2130208675503039
eu_l3,isco_level_2,PT,14,runup_from_2019,0.5155079410839842
eu_l3,isco_level_2,PT,14,runup_from_2020,1.1852142708043394
eu_l3,isco_level_2,PT,14,runup_from_2019_vac,0.4981209674634054
eu_l3,isco_level_2,PT,14,runup_from_2019_mix,0.2532315045445889
eu_l3,isco_level_2,PT,14,runup_from_2019_pooled,0.25317490005446597
eu_l3,isco_level_2,PT,21,runup_from_2019,0.38575451373439595
eu_l3,isco_level_2,PT,21,runup_from_2020,0.7737755199867798
eu_l3,isco_level_2,PT,21,runup_from_2019_vac,0.40278531255984146
eu_l3,isco_level_2,PT,21,runup_from_2019_mix,0.2511987403204918
eu_l3,isco_level_2,PT,21,runup_from_2019_pooled,0.25205294245025983
eu_l3,isco_level_2,PT,22,runup_from_2019,0.09050848666113266
eu_l3,isco_level_2,PT,22,runup_from_2020,0.7929676869730169
eu_l3,isco_level_2,PT,22,runup_from_2019_vac,0.06346613755446762
eu_l3,isco_level_2,PT,22,runup_from_2019_mix,0.17407218980595301
eu_l3,isco_level_2,PT,22,runup_from_2019_pooled,0.1721416170252814
eu_l3,isco_level_2,PT,23,runup_from_2019,0.48316358235267287
eu_l3,isco_level_2,PT,23,runup_from_2020,0.8823891801984736
eu_l3,isco_level_2,PT,23,runup_from_2019_vac,0.2982832163105215
eu_l3,isco_level_2,PT,23,runup_from_2019_mix,0.21955698497145604
eu_l3,isco_level_2,PT,23,runup_from_2019_pooled,0.21847032587873527
eu_l3,isco_level_2,PT,24,runup_from_2019,0.4328332422546709
eu_l3,isco_level_2,PT,24,runup_from_2020,0.7594585413322188
eu_l3,isco_level_2,PT,24,runup_from_2019_vac,0.4481694332920964
eu_l3,isco_level_2,PT,24,runup_from_2019_mix,0.26616190699561587
eu_l3,isco_level_2,PT,24,runup_from_2019_pooled,0.2514016893047965
eu_l3,isco_level_2,PT,25,runup_from_2019,0.34028373760401487
eu_l3,isco_level_2,PT,25,runup_from_2020,0.6019762619953634
eu_l3,isco_level_2,PT,25,runup_from_2019_vac,0.42935978520235973
eu_l3,isco_level_2,PT,25,runup_from_2019_mix,0.25777910546623245
eu_l3,isco_level_2,PT,25,runup_from_2019_pooled,0.2598746776979377
eu_l3,isco_level_2,PT,26,runup_from_2019,0.27390262735709614
eu_l3,isco_level_2,PT,26,runup_from_2020,0.7462649403181433
eu_l3,isco_level_2,PT,26,runup_from_2019_vac,0.2761463556879137
eu_l3,isco_level_2,PT,26,runup_from_2019_mix,0.22001390270829144
eu_l3,isco_level_2,PT,26,runup_from_2019_pooled,0.2152636121063766
eu_l3,isco_level_2,PT,31,runup_from_2019,0.3546716956176217
eu_l3,isco_level_2,PT,31,runup_from_2020,0.7937260689197587
eu_l3,isco_level_2,PT,31,runup_from_2019_vac,0.36954902892603897
eu_l3,isco_level_2,PT,31,runup_from_2019_mix,0.22626275690172892
eu_l3,isco_level_2,PT,31,runup_from_2019_pooled,0.2276955086746763
eu_l3,isco_level_2,PT,32,runup_from_2019,0.21423003659346035
eu_l3,isco_level_2,PT,32,runup_from_2020,0.8138743256899493
eu_l3,isco_level_2,PT,32,runup_from_2019_vac,0.19462991880199199
eu_l3,isco_level_2,PT,32,runup_from_2019_mix,0.1787483340069187
eu_l3,isco_level_2,PT,32,runup_from_2019_pooled,0.173028653055236
eu_l3,isco_level_2,PT,33,runup_from_2019,0.4497913146601667
eu_l3,isco_level_2,PT,33,runup_from_2020,0.7886393286931476
eu_l3,isco_level_2,PT,33,runup_from_2019_vac,0.45856225691301034
eu_l3,isco_level_2,PT,33,runup_from_2019_mix,0.248519038617274
eu_l3,isco_level_2,PT,33,runup_from_2019_pooled,0.24331163690461108
eu_l3,isco_level_2,PT,34,runup_from_2019,0.2672224658307786
eu_l3,isco_level_2,PT,34,runup_from_2020,0.9587197532318253
eu_l3,isco_level_2,PT,34,runup_from_2019_vac,0.2490917009593053
eu_l3,isco_level_2,PT,34,runup_from_2019_mix,0.19643737759795926
eu_l3,isco_level_2,PT,34,runup_from_2019_pooled,0.1917560116138421
eu_l3,isco_level_2,PT,35,runup_from_2019,0.2924472707240352
eu_l3,isco_level_2,PT,35,runup_from_2020,0.595826635554839
eu_l3,isco_level_2,PT,35,runup_from_2019_vac,0.3903258890237154
eu_l3,isco_level_2,PT,35,runup_from_2019_mix,0.2555179045837112
eu_l3,isco_level_2,PT,35,runup_from_2019_pooled,0.25033411023201657
eu_l3,isco_level_2,PT,41,runup_from_2019,0.34360908668979884
eu_l3,isco_level_2,PT,41,runup_from_2020,0.8051674610254651
eu_l3,isco_level_2,PT,41,runup_from_2019_vac,0.3371412504152067
eu_l3,isco_level_2,PT,41,runup_from_2019_mix,0.21016793361103142
eu_l3,isco_level_2,PT,41,runup_from_2019_pooled,0.22007888890575802
eu_l3,isco_level_2,PT,42,runup_from_2019,0.39828993580763267
eu_l3,isco_level_2,PT,42,runup_from_2020,0.9190888236139888
eu_l3,isco_level_2,PT,42,runup_from_2019_vac,0.3824387492443771
eu_l3,isco_level_2,PT,42,runup_from_2019_mix,0.25721156278742874
eu_l3,isco_level_2,PT,42,runup_from_2019_pooled,0.2562536313099383
eu_l3,isco_level_2,PT,43,runup_from_2019,0.2967478092754203
eu_l3,isco_level_2,PT,43,runup_from_2020,0.8105863827341713
eu_l3,isco_level_2,PT,43,runup_from_2019_vac,0.3178214436883064
eu_l3,isco_level_2,PT,43,runup_from_2019_mix,0.22098766791026872
eu_l3,isco_level_2,PT,43,runup_from_2019_pooled,0.23458491600751655
eu_l3,isco_level_2,PT,44,runup_from_2019,-0.16430305129127637
eu_l3,isco_level_2,PT,44,runup_from_2020,0.7672551527136672
eu_l3,isco_level_2,PT,44,runup_from_2019_vac,-0.12439114406121199
eu_l3,isco_level_2,PT,44,runup_from_2019_mix,0.22825865198098014
eu_l3,isco_level_2,PT,44,runup_from_2019_pooled,0.22342473279847286
eu_l3,isco_level_2,PT,51,runup_from_2019,0.23365899326031309
eu_l3,isco_level_2,PT,51,runup_from_2020,1.2883471350122402
eu_l3,isco_level_2,PT,51,runup_from_2019_vac,0.19383967775542382
eu_l3,isco_level_2,PT,51,runup_from_2019_mix,0.23570714667555792
eu_l3,isco_level_2,PT,51,runup_from_2019_pooled,0.238314812334843
eu_l3,isco_level_2,PT,52,runup_from_2019,0.5714537549283376
eu_l3,isco_level_2,PT,52,runup_from_2020,0.9774010813527144
eu_l3,isco_level_2,PT,52,runup_from_2019_vac,0.5737894528003301
eu_l3,isco_level_2,PT,52,runup_from_2019_mix,0.2355157653919502
eu_l3,isco_level_2,PT,52,runup_from_2019_pooled,0.22638151495911119
eu_l3,isco_level_2,PT,53,runup_from_2019,0.15808876912131395
eu_l3,isco_level_2,PT,53,runup_from_2020,0.8823891801984737
eu_l3,isco_level_2,PT,53,runup_from_2019_vac,0.0727107359475129
eu_l3,isco_level_2,PT,53,runup_from_2019_mix,0.17999600794287077
eu_l3,isco_level_2,PT,53,runup_from_2019_pooled,0.168589853474218
eu_l3,isco_level_2,PT,54,runup_from_2019,0.5707806014827291
eu_l3,isco_level_2,PT,54,runup_from_2020,0.7335436480590705
eu_l3,isco_level_2,PT,54,runup_from_2019_vac,0.5719878652724286
eu_l3,isco_level_2,PT,54,runup_from_2019_mix,0.22865962197224926
eu_l3,isco_level_2,PT,54,runup_from_2019_pooled,0.2271638342216441
eu_l3,isco_level_2,PT,71,runup_from_2019,0.2912433831858068
eu_l3,isco_level_2,PT,71,runup_from_2020,0.7526288047719
eu_l3,isco_level_2,PT,71,runup_from_2019_vac,0.28546875656414405
eu_l3,isco_level_2,PT,71,runup_from_2019_mix,0.19846179205617673
eu_l3,isco_level_2,PT,71,runup_from_2019_pooled,0.20087113518437769
eu_l3,isco_level_2,PT,72,runup_from_2019,0.4136549423934284
eu_l3,isco_level_2,PT,72,runup_from_2020,0.8276003932819087
eu_l3,isco_level_2,PT,72,runup_from_2019_vac,0.4309857020841733
eu_l3,isco_level_2,PT,72,runup_from_2019_mix,0.21968695266343843
eu_l3,isco_level_2,PT,72,runup_from_2019_pooled,0.2167728606257869
eu_l3,isco_level_2,PT,73,runup_from_2019,0.36772478012531734
eu_l3,isco_level_2,PT,73,runup_from_2020,0.8303483020734305
eu_l3,isco_level_2,PT,73,runup_from_2019_vac,0.38779047519614634
eu_l3,isco_level_2,PT,73,runup_from_2019_mix,0.22072107126613294
eu_l3,isco_level_2,PT,73,runup_from_2019_pooled,0.21952040503363573
eu_l3,isco_level_2,PT,74,runup_from_2019,0.3413258212424445
eu_l3,isco_level_2,PT,74,runup_from_2020,0.7679870454983927
eu_l3,isco_level_2,PT,74,runup_from_2019_vac,0.3509159354729623
eu_l3,isco_level_2,PT,74,runup_from_2019_mix,0.21048397780119663
eu_l3,isco_level_2,PT,74,runup_from_2019_pooled,0.21619110908262257
eu_l3,isco_level_2,PT,75,runup_from_2019,0.37139070104700145
eu_l3,isco_level_2,PT,75,runup_from_2020,0.8336636153718391
eu_l3,isco_level_2,PT,75,runup_from_2019_vac,0.389931177835988
eu_l3,isco_level_2,PT,75,runup_from_2019_mix,0.2170432131054134
eu_l3,isco_level_2,PT,75,runup_from_2019_pooled,0.21738428807614973
eu_l3,isco_level_2,PT,81,runup_from_2019,0.36772478012531734
eu_l3,isco_level_2,PT,81,runup_from_2020,0.8303483020734304
eu_l3,isco_level_2,PT,81,runup_from_2019_vac,0.3877904751961463
eu_l3,isco_level_2,PT,81,runup_from_2019_mix,0.22072107126613294
eu_l3,isco_level_2,PT,81,runup_from_2019_pooled,0.21652054400345797
eu_l3,isco_level_2,PT,82,runup_from_2019,0.36772478012531734
eu_l3,isco_level_2,PT,82,runup_from_2020,0.8303483020734304
eu_l3,isco_level_2,PT,82,runup_from_2019_vac,0.3877904751961463
eu_l3,isco_level_2,PT,82,runup_from_2019_mix,0.22072107126613294
eu_l3,isco_level_2,PT,82,runup_from_2019_pooled,0.21989440056919204
eu_l3,isco_level_2,PT,83,runup_from_2019,0.06495606168007648
eu_l3,isco_level_2,PT,83,runup_from_2020,0.7753842201924819
eu_l3,isco_level_2,PT,83,runup_from_2019_vac,0.09082081841288044
eu_l3,isco_level_2,PT,83,runup_from_2019_mix,0.19215320267554264
eu_l3,isco_level_2,PT,83,runup_from_2019_pooled,0.20902411239158486
eu_l3,isco_level_2,PT,91,runup_from_2019,0.10807351951506763
eu_l3,isco_level_2,PT,91,runup_from_2020,0.9285594272027183
eu_l3,isco_level_2,PT,91,runup_from_2019_vac,0.09639898407347168
eu_l3,isco_level_2,PT,91,runup_from_2019_mix,0.19818183252261803
eu_l3,isco_level_2,PT,91,runup_from_2019_pooled,0.2330230761849543
eu_l3,isco_level_2,PT,93,runup_from_2019,0.4123682128043006
eu_l3,isco_level_2,PT,93,runup_from_2020,0.8102375060291355
eu_l3,isco_level_2,PT,93,runup_from_2019_vac,0.4230901355494386
eu_l3,isco_level_2,PT,93,runup_from_2019_mix,0.21473295815823995
eu_l3,isco_level_2,PT,93,runup_from_2019_pooled,0.2150336288425011
eu_l3,isco_level_2,PT,94,runup_from_2019,0.3902533947769821
eu_l3,isco_level_2,PT,94,runup_from_2020,1.5968591302272404
eu_l3,isco_level_2,PT,94,runup_from_2019_vac,0.3191331807266656
eu_l3,isco_level_2,PT,94,runup_from_2019_mix,0.26338099038126034
eu_l3,isco_level_2,PT,94,runup_from_2019_pooled,0.2731603358466676
eu_l3,isco_level_2,PT,95,runup_from_2019,0.6190392084062233
eu_l3,isco_level_2,PT,95,runup_from_2020,0.8421827597204331
eu_l3,isco_level_2,PT,95,runup_from_2019_vac,0.6315868471820085
eu_l3,isco_level_2,PT,95,runup_from_2019_mix,0.2201040282760187
eu_l3,isco_level_2,PT,95,runup_from_2019_pooled,0.2228967393588779
eu_l3,isco_level_2,PT,96,runup_from_2019,0.5373906626163554
eu_l3,isco_level_2,PT,96,runup_from_2020,0.8524228098060309
eu_l3,isco_level_2,PT,96,runup_from_2019_vac,0.5472809783218937
eu_l3,isco_level_2,PT,96,runup_from_2019_mix,0.22005786678216452
eu_l3,isco_level_2,PT,96,runup_from_2019_pooled,0.22864745822534405
eu_l3,isco_level_2,RO,11,runup_from_2019,-0.22234033849159854
eu_l3,isco_level_2,RO,11,runup_from_2020,0.09302910775835757
eu_l3,isco_level_2,RO,11,runup_from_2019_vac,-0.15831832011941335
eu_l3,isco_level_2,RO,11,runup_from_2019_mix,0.23127621083386238
eu_l3,isco_level_2,RO,11,runup_from_2019_pooled,0.22205715776995835
eu_l3,isco_level_2,RO,12,runup_from_2019,-0.3022808718729337
eu_l3,isco_level_2,RO,12,runup_from_2020,0
eu_l3,isco_level_2,RO,12,runup_from_2019_vac,-0.31150028031625787
eu_l3,isco_level_2,RO,12,runup_from_2019_mix,0.2201040282760187
eu_l3,isco_level_2,RO,12,runup_from_2019_pooled,0.24446408178875306
eu_l3,isco_level_2,RO,13,runup_from_2019,-0.2675126472010602
eu_l3,isco_level_2,RO,13,runup_from_2020,0.16585587611680316
eu_l3,isco_level_2,RO,13,runup_from_2019_vac,-0.25472684689298636
eu_l3,isco_level_2,RO,13,runup_from_2019_mix,0.20943929220137836
eu_l3,isco_level_2,RO,13,runup_from_2019_pooled,0.2130208675503039
eu_l3,isco_level_2,RO,14,runup_from_2019,-0.3665212503640093
eu_l3,isco_level_2,RO,14,runup_from_2020,0
eu_l3,isco_level_2,RO,14,runup_from_2019_vac,-0.35119134578583727
eu_l3,isco_level_2,RO,14,runup_from_2019_mix,0.24199019023422222
eu_l3,isco_level_2,RO,14,runup_from_2019_pooled,0.25317490005446597
eu_l3,isco_level_2,RO,21,runup_from_2019,-0.15312208236158162
eu_l3,isco_level_2,RO,21,runup_from_2020,0.2800491533840024
eu_l3,isco_level_2,RO,21,runup_from_2019_vac,-0.13968245012255506
eu_l3,isco_level_2,RO,21,runup_from_2019_mix,0.2084914403606103
eu_l3,isco_level_2,RO,21,runup_from_2019_pooled,0.25205294245025983
eu_l3,isco_level_2,RO,22,runup_from_2019,-0.30157856642348946
eu_l3,isco_level_2,RO,22,runup_from_2020,-0.091865115665058
eu_l3,isco_level_2,RO,22,runup_from_2019_vac,-0.317638761279601
eu_l3,isco_level_2,RO,22,runup_from_2019_mix,0.16880430797598098
eu_l3,isco_level_2,RO,22,runup_from_2019_pooled,0.1721416170252814
eu_l3,isco_level_2,RO,23,runup_from_2019,-0.22314355131420982
eu_l3,isco_level_2,RO,23,runup_from_2020,0.08701137698962969
eu_l3,isco_level_2,RO,23,runup_from_2019_vac,-0.11050536539122202
eu_l3,isco_level_2,RO,23,runup_from_2019_mix,0.22314355131420974
eu_l3,isco_level_2,RO,23,runup_from_2019_pooled,0.21847032587873527
eu_l3,isco_level_2,RO,24,runup_from_2019,-0.12733557564940143
eu_l3,isco_level_2,RO,24,runup_from_2020,0.28067032170166145
eu_l3,isco_level_2,RO,24,runup_from_2019_vac,-0.10225467738446649
eu_l3,isco_level_2,RO,24,runup_from_2019_mix,0.2502867199100872
eu_l3,isco_level_2,RO,24,runup_from_2019_pooled,0.2514016893047965
eu_l3,isco_level_2,RO,25,runup_from_2019,-0.014812841217144466
eu_l3,isco_level_2,RO,25,runup_from_2020,0.2337906938132706
eu_l3,isco_level_2,RO,25,runup_from_2019_vac,0.16885560951013429
eu_l3,isco_level_2,RO,25,runup_from_2019_mix,0.25898391145094213
eu_l3,isco_level_2,RO,25,runup_from_2019_pooled,0.2598746776979377
eu_l3,isco_level_2,RO,26,runup_from_2019,-0.17907699705876853
eu_l3,isco_level_2,RO,26,runup_from_2020,0.13352978717472774
eu_l3,isco_level_2,RO,26,runup_from_2019_vac,-0.13264135023002388
eu_l3,isco_level_2,RO,26,runup_from_2019_mix,0.22466873370483464
eu_l3,isco_level_2,RO,26,runup_from_2019_pooled,0.2152636121063766
eu_l3,isco_level_2,RO,31,runup_from_2019,-0.21335063449256242
eu_l3,isco_level_2,RO,31,runup_from_2020,0.30271039833724045
eu_l3,isco_level_2,RO,31,runup_from_2019_vac,-0.22899513845232836
eu_l3,isco_level_2,RO,31,runup_from_2019_mix,0.14025679095468907
eu_l3,isco_level_2,RO,31,runup_from_2019_pooled,0.2276955086746763
eu_l3,isco_level_2,RO,32,runup_from_2019,-0.3016177129579965
eu_l3,isco_level_2,RO,32,runup_from_2020,-0.0867445503565822
eu_l3,isco_level_2,RO,32,runup_from_2019_vac,-0.31729660209937166
eu_l3,isco_level_2,RO,32,runup_from_2019_mix,0.17166375648590976
eu_l3,isco_level_2,RO,32,runup_from_2019_pooled,0.173028653055236
eu_l3,isco_level_2,RO,33,runup_from_2019,-0.13494659435332226
eu_l3,isco_level_2,RO,33,runup_from_2020,0.26217828406312327
eu_l3,isco_level_2,RO,33,runup_from_2019_vac,-0.12455077233024513
eu_l3,isco_level_2,RO,33,runup_from_2019_mix,0.24532471476279705
eu_l3,isco_level_2,RO,33,runup_from_2019_pooled,0.24331163690461108
eu_l3,isco_level_2,RO,34,runup_from_2019,-0.23505338614240032
eu_l3,isco_level_2,RO,34,runup_from_2020,0.07346427489992195
eu_l3,isco_level_2,RO,34,runup_from_2019_vac,-0.17494248369399323
eu_l3,isco_level_2,RO,34,runup_from_2019_mix,0.18779218475592827
eu_l3,isco_level_2,RO,34,runup_from_2019_pooled,0.1917560116138421
eu_l3,isco_level_2,RO,35,runup_from_2019,0
eu_l3,isco_level_2,RO,35,runup_from_2020,0.2113090936672069
eu_l3,isco_level_2,RO,35,runup_from_2019_vac,0.2112147691720088
eu_l3,isco_level_2,RO,35,runup_from_2019_mix,0.26319105244348484
eu_l3,isco_level_2,RO,35,runup_from_2019_pooled,0.25033411023201657
eu_l3,isco_level_2,RO,41,runup_from_2019,-0.32138846867412424
eu_l3,isco_level_2,RO,41,runup_from_2020,0.0037845718672496107
eu_l3,isco_level_2,RO,41,runup_from_2019_vac,-0.26701659000209776
eu_l3,isco_level_2,RO,41,runup_from_2019_mix,0.21063576280695342
eu_l3,isco_level_2,RO,41,runup_from_2019_pooled,0.22007888890575802
eu_l3,isco_level_2,RO,42,runup_from_2019,-0.1535165694550199
eu_l3,isco_level_2,RO,42,runup_from_2020,0.3727276118464689
eu_l3,isco_level_2,RO,42,runup_from_2019_vac,-0.10406317605428927
eu_l3,isco_level_2,RO,42,runup_from_2019_mix,0.26206634349325075
eu_l3,isco_level_2,RO,42,runup_from_2019_pooled,0.2562536313099383
eu_l3,isco_level_2,RO,43,runup_from_2019,-0.1948752861949821
eu_l3,isco_level_2,RO,43,runup_from_2020,0.18846584210053513
eu_l3,isco_level_2,RO,43,runup_from_2019_vac,-0.2178280072414397
eu_l3,isco_level_2,RO,43,runup_from_2019_mix,0.22258876045184647
eu_l3,isco_level_2,RO,43,runup_from_2019_pooled,0.23458491600751655
eu_l3,isco_level_2,RO,44,runup_from_2019,-0.06595796779179747
eu_l3,isco_level_2,RO,44,runup_from_2020,0.25782910930209973
eu_l3,isco_level_2,RO,44,runup_from_2019_vac,-0.07028120663224335
eu_l3,isco_level_2,RO,44,runup_from_2019_mix,0.22825865198098017
eu_l3,isco_level_2,RO,44,runup_from_2019_pooled,0.22342473279847286
eu_l3,isco_level_2,RO,51,runup_from_2019,-0.39196698733534174
eu_l3,isco_level_2,RO,51,runup_from_2020,0.09248037169015406
eu_l3,isco_level_2,RO,51,runup_from_2019_vac,-0.3247946886454166
eu_l3,isco_level_2,RO,51,runup_from_2019_mix,0.23701632430587613
eu_l3,isco_level_2,RO,51,runup_from_2019_pooled,0.238314812334843
eu_l3,isco_level_2,RO,52,runup_from_2019,-0.29836399492152355
eu_l3,isco_level_2,RO,52,runup_from_2020,0.012058252916396282
eu_l3,isco_level_2,RO,52,runup_from_2019_vac,-0.3067696500745355
eu_l3,isco_level_2,RO,52,runup_from_2019_mix,0.21966709041021745
eu_l3,isco_level_2,RO,52,runup_from_2019_pooled,0.22638151495911119
eu_l3,isco_level_2,RO,53,runup_from_2019,-0.3259636400707834
eu_l3,isco_level_2,RO,53,runup_from_2020,-0.11079649970926282
eu_l3,isco_level_2,RO,53,runup_from_2019_vac,-0.31056812543471496
eu_l3,isco_level_2,RO,53,runup_from_2019_mix,0.17035988245334832
eu_l3,isco_level_2,RO,53,runup_from_2019_pooled,0.168589853474218
eu_l3,isco_level_2,RO,54,runup_from_2019,-0.22952591168207737
eu_l3,isco_level_2,RO,54,runup_from_2020,-0.056466672198664566
eu_l3,isco_level_2,RO,54,runup_from_2019_vac,-0.1648709374091935
eu_l3,isco_level_2,RO,54,runup_from_2019_mix,0.2633950871202948
eu_l3,isco_level_2,RO,54,runup_from_2019_pooled,0.2271638342216441
eu_l3,isco_level_2,RO,61,runup_from_2019,-0.28768207245178085
eu_l3,isco_level_2,RO,61,runup_from_2020,0.14310084364067333
eu_l3,isco_level_2,RO,61,runup_from_2019_vac,-0.2384110234449981
eu_l3,isco_level_2,RO,61,runup_from_2019_mix,-0.19415601444095743
eu_l3,isco_level_2,RO,61,runup_from_2019_pooled,-0.13423809506910198
eu_l3,isco_level_2,RO,62,runup_from_2019,-0.28768207245178085
eu_l3,isco_level_2,RO,62,runup_from_2020,0.14310084364067333
eu_l3,isco_level_2,RO,62,runup_from_2019_vac,-0.2384110234449981
eu_l3,isco_level_2,RO,62,runup_from_2019_mix,-0.1941560144409574
eu_l3,isco_level_2,RO,62,runup_from_2019_pooled,-0.1902438371621748
eu_l3,isco_level_2,RO,71,runup_from_2019,-0.3304481099095882
eu_l3,isco_level_2,RO,71,runup_from_2020,0.042153586917902414
eu_l3,isco_level_2,RO,71,runup_from_2019_vac,-0.25001657638310204
eu_l3,isco_level_2,RO,71,runup_from_2019_mix,0.19750833499882722
eu_l3,isco_level_2,RO,71,runup_from_2019_pooled,0.20087113518437769
eu_l3,isco_level_2,RO,72,runup_from_2019,-0.20745988873951782
eu_l3,isco_level_2,RO,72,runup_from_2020,0.2344277016891868
eu_l3,isco_level_2,RO,72,runup_from_2019_vac,-0.23220808080427843
eu_l3,isco_level_2,RO,72,runup_from_2019_mix,0.19899604037007995
eu_l3,isco_level_2,RO,72,runup_from_2019_pooled,0.2167728606257869
eu_l3,isco_level_2,RO,73,runup_from_2019,-0.14953173397096362
eu_l3,isco_level_2,RO,73,runup_from_2020,0.4382549309311554
eu_l3,isco_level_2,RO,73,runup_from_2019_vac,-0.21638980046733458
eu_l3,isco_level_2,RO,73,runup_from_2019_mix,0.22072107126613294
eu_l3,isco_level_2,RO,73,runup_from_2019_pooled,0.21952040503363573
eu_l3,isco_level_2,RO,74,runup_from_2019,-0.025175518882949145
eu_l3,isco_level_2,RO,74,runup_from_2020,0.5033433264463633
eu_l3,isco_level_2,RO,74,runup_from_2019_vac,-0.03362680564546264
eu_l3,isco_level_2,RO,74,runup_from_2019_mix,0.2423075921458943
eu_l3,isco_level_2,RO,74,runup_from_2019_pooled,0.21619110908262257
eu_l3,isco_level_2,RO,75,runup_from_2019,-0.15386650680331682
eu_l3,isco_level_2,RO,75,runup_from_2020,0.425817966675001
eu_l3,isco_level_2,RO,75,runup_from_2019_vac,-0.21908888165223644
eu_l3,isco_level_2,RO,75,runup_from_2019_mix,0.22070356058668375
eu_l3,isco_level_2,RO,75,runup_from_2019_pooled,0.21738428807614973
eu_l3,isco_level_2,RO,81,runup_from_2019,-0.1411808237904263
eu_l3,isco_level_2,RO,81,runup_from_2020,0.4212370121876441
eu_l3,isco_level_2,RO,81,runup_from_2019_vac,-0.20414707938656096
eu_l3,isco_level_2,RO,81,runup_from_2019_mix,0.2197164651699577
eu_l3,isco_level_2,RO,81,runup_from_2019_pooled,0.21652054400345797
eu_l3,isco_level_2,RO,82,runup_from_2019,-0.14953173397096362
eu_l3,isco_level_2,RO,82,runup_from_2020,0.4382549309311554
eu_l3,isco_level_2,RO,82,runup_from_2019_vac,-0.21638980046733458
eu_l3,isco_level_2,RO,82,runup_from_2019_mix,0.22072107126613294
eu_l3,isco_level_2,RO,82,runup_from_2019_pooled,0.21989440056919204
eu_l3,isco_level_2,RO,83,runup_from_2019,-0.14087033155865727
eu_l3,isco_level_2,RO,83,runup_from_2020,0.2182421142726976
eu_l3,isco_level_2,RO,83,runup_from_2019_vac,-0.13959013941940462
eu_l3,isco_level_2,RO,83,runup_from_2019_mix,0.1980399772232754
eu_l3,isco_level_2,RO,83,runup_from_2019_pooled,0.20902411239158486
eu_l3,isco_level_2,RO,91,runup_from_2019,-0.23571075160312027
eu_l3,isco_level_2,RO,91,runup_from_2020,0.07055031750503309
eu_l3,isco_level_2,RO,91,runup_from_2019_vac,-0.1887526052209742
eu_l3,isco_level_2,RO,91,runup_from_2019_mix,0.21954060517679921
eu_l3,isco_level_2,RO,91,runup_from_2019_pooled,0.2330230761849543
eu_l3,isco_level_2,RO,92,runup_from_2019,-0.28768207245178085
eu_l3,isco_level_2,RO,92,runup_from_2020,0.14310084364067333
eu_l3,isco_level_2,RO,92,runup_from_2019_vac,-0.2384110234449981
eu_l3,isco_level_2,RO,92,runup_from_2019_mix,-0.19415601444095743
eu_l3,isco_level_2,RO,92,runup_from_2019_pooled,-0.12237825031757464
eu_l3,isco_level_2,RO,93,runup_from_2019,-0.2516427599306996
eu_l3,isco_level_2,RO,93,runup_from_2020,0.18489753644247187
eu_l3,isco_level_2,RO,93,runup_from_2019_vac,-0.2415648621442032
eu_l3,isco_level_2,RO,93,runup_from_2019_mix,0.2104707337985631
eu_l3,isco_level_2,RO,93,runup_from_2019_pooled,0.2150336288425011
eu_l3,isco_level_2,RO,94,runup_from_2019,-0.5465437063680698
eu_l3,isco_level_2,RO,94,runup_from_2019_vac,-0.4624186339040772
eu_l3,isco_level_2,RO,94,runup_from_2019_mix,0.30332234176825773
eu_l3,isco_level_2,RO,94,runup_from_2019_pooled,0.2731603358466676
eu_l3,isco_level_2,RO,96,runup_from_2019,0.04957607812091099
eu_l3,isco_level_2,RO,96,runup_from_2020,0.31184147834550646
eu_l3,isco_level_2,RO,96,runup_from_2019_vac,0.06559979290800996
eu_l3,isco_level_2,RO,96,runup_from_2019_mix,0.25301058579076824
eu_l3,isco_level_2,RO,96,runup_from_2019_pooled,0.22864745822534405
eu_l3,isco_level_2,SE,11,runup_from_2019,0.2595986229962671
eu_l3,isco_level_2,SE,11,runup_from_2020,0.3904138239580539
eu_l3,isco_level_2,SE,11,runup_from_2019_vac,0.32183320616499733
eu_l3,isco_level_2,SE,11,runup_from_2019_mix,0.20473076026051493
eu_l3,isco_level_2,SE,11,runup_from_2019_pooled,0.22205715776995835
eu_l3,isco_level_2,SE,12,runup_from_2019,0.28251603132121095
eu_l3,isco_level_2,SE,12,runup_from_2020,0.6007637815427879
eu_l3,isco_level_2,SE,12,runup_from_2019_vac,0.3415700992565791
eu_l3,isco_level_2,SE,12,runup_from_2019_mix,0.26251040627652444
eu_l3,isco_level_2,SE,12,runup_from_2019_pooled,0.24446408178875306
eu_l3,isco_level_2,SE,13,runup_from_2019,0.26692747919819904
eu_l3,isco_level_2,SE,13,runup_from_2020,0.5564356015360726
eu_l3,isco_level_2,SE,13,runup_from_2019_vac,0.3123075036197481
eu_l3,isco_level_2,SE,13,runup_from_2019_mix,0.21270699190389933
eu_l3,isco_level_2,SE,13,runup_from_2019_pooled,0.2130208675503039
eu_l3,isco_level_2,SE,14,runup_from_2019,0.29247327069347534
eu_l3,isco_level_2,SE,14,runup_from_2020,0.7903484339313404
eu_l3,isco_level_2,SE,14,runup_from_2019_vac,0.3306127368434714
eu_l3,isco_level_2,SE,14,runup_from_2019_mix,0.257665601681076
eu_l3,isco_level_2,SE,14,runup_from_2019_pooled,0.25317490005446597
eu_l3,isco_level_2,SE,21,runup_from_2019,0.28262551184610246
eu_l3,isco_level_2,SE,21,runup_from_2020,0.627119186726036
eu_l3,isco_level_2,SE,21,runup_from_2019_vac,0.33917814569646076
eu_l3,isco_level_2,SE,21,runup_from_2019_mix,0.2635204850300072
eu_l3,isco_level_2,SE,21,runup_from_2019_pooled,0.25205294245025983
eu_l3,isco_level_2,SE,22,runup_from_2019,0.39526884411829355
eu_l3,isco_level_2,SE,22,runup_from_2020,0.5658454437499125
eu_l3,isco_level_2,SE,22,runup_from_2019_vac,0.48888696985877594
eu_l3,isco_level_2,SE,22,runup_from_2019_mix,0.17324119114990064
eu_l3,isco_level_2,SE,22,runup_from_2019_pooled,0.1721416170252814
eu_l3,isco_level_2,SE,23,runup_from_2019,0.13246615436471448
eu_l3,isco_level_2,SE,23,runup_from_2020,0.34867536988861075
eu_l3,isco_level_2,SE,23,runup_from_2019_vac,0.08089533550797444
eu_l3,isco_level_2,SE,23,runup_from_2019_mix,0.22195766809773482
eu_l3,isco_level_2,SE,23,runup_from_2019_pooled,0.21847032587873527
eu_l3,isco_level_2,SE,24,runup_from_2019,0.2673894446618406
eu_l3,isco_level_2,SE,24,runup_from_2020,0.5365174519401215
eu_l3,isco_level_2,SE,24,runup_from_2019_vac,0.32787917725432975
eu_l3,isco_level_2,SE,24,runup_from_2019_mix,0.24571841641710246
eu_l3,isco_level_2,SE,24,runup_from_2019_pooled,0.2514016893047965
eu_l3,isco_level_2,SE,25,runup_from_2019,0.21538973713508128
eu_l3,isco_level_2,SE,25,runup_from_2020,0.5650201476365113
eu_l3,isco_level_2,SE,25,runup_from_2019_vac,0.32037266924680774
eu_l3,isco_level_2,SE,25,runup_from_2019_mix,0.2643644346224997
eu_l3,isco_level_2,SE,25,runup_from_2019_pooled,0.2598746776979377
eu_l3,isco_level_2,SE,26,runup_from_2019,0.2647694247778288
eu_l3,isco_level_2,SE,26,runup_from_2020,0.42791854731000195
eu_l3,isco_level_2,SE,26,runup_from_2019_vac,0.3328331641877292
eu_l3,isco_level_2,SE,26,runup_from_2019_mix,0.2038768073977371
eu_l3,isco_level_2,SE,26,runup_from_2019_pooled,0.2152636121063766
eu_l3,isco_level_2,SE,31,runup_from_2019,0.30252426338443006
eu_l3,isco_level_2,SE,31,runup_from_2020,0.6633586581473028
eu_l3,isco_level_2,SE,31,runup_from_2019_vac,0.35525663331207413
eu_l3,isco_level_2,SE,31,runup_from_2019_mix,0.2538890666582984
eu_l3,isco_level_2,SE,31,runup_from_2019_pooled,0.2276955086746763
eu_l3,isco_level_2,SE,32,runup_from_2019,0.3614085367464533
eu_l3,isco_level_2,SE,32,runup_from_2020,0.5502669588108174
eu_l3,isco_level_2,SE,32,runup_from_2019_vac,0.4372849759236726
eu_l3,isco_level_2,SE,32,runup_from_2019_mix,0.18956289281265143
eu_l3,isco_level_2,SE,32,runup_from_2019_pooled,0.173028653055236
eu_l3,isco_level_2,SE,33,runup_from_2019,0.2867011320522797
eu_l3,isco_level_2,SE,33,runup_from_2020,0.56054621149002
eu_l3,isco_level_2,SE,33,runup_from_2019_vac,0.34215406471886717
eu_l3,isco_level_2,SE,33,runup_from_2019_mix,0.24776287592894372
eu_l3,isco_level_2,SE,33,runup_from_2019_pooled,0.24331163690461108
eu_l3,isco_level_2,SE,34,runup_from_2019,0.25970875500175394
eu_l3,isco_level_2,SE,34,runup_from_2020,0.3567892321792518
eu_l3,isco_level_2,SE,34,runup_from_2019_vac,0.3057885641243333
eu_l3,isco_level_2,SE,34,runup_from_2019_mix,0.18009725241765162
eu_l3,isco_level_2,SE,34,runup_from_2019_pooled,0.1917560116138421
eu_l3,isco_level_2,SE,35,runup_from_2019,0.2260672624976339
eu_l3,isco_level_2,SE,35,runup_from_2020,0.5150234425681038
eu_l3,isco_level_2,SE,35,runup_from_2019_vac,0.3284345381937931
eu_l3,isco_level_2,SE,35,runup_from_2019_mix,0.24537614823833082
eu_l3,isco_level_2,SE,35,runup_from_2019_pooled,0.25033411023201657
eu_l3,isco_level_2,SE,41,runup_from_2019,0.28792923155896666
eu_l3,isco_level_2,SE,41,runup_from_2020,0.5062764376054997
eu_l3,isco_level_2,SE,41,runup_from_2019_vac,0.33415424726787835
eu_l3,isco_level_2,SE,41,runup_from_2019_mix,0.22151557025641086
eu_l3,isco_level_2,SE,41,runup_from_2019_pooled,0.22007888890575802
eu_l3,isco_level_2,SE,42,runup_from_2019,0.3361670055100169
eu_l3,isco_level_2,SE,42,runup_from_2020,0.6127666670356824
eu_l3,isco_level_2,SE,42,runup_from_2019_vac,0.3887701960566758
eu_l3,isco_level_2,SE,42,runup_from_2019_mix,0.2567583246873477
eu_l3,isco_level_2,SE,42,runup_from_2019_pooled,0.2562536313099383
eu_l3,isco_level_2,SE,43,runup_from_2019,0.26316099885343636
eu_l3,isco_level_2,SE,43,runup_from_2020,0.6128594285516834
eu_l3,isco_level_2,SE,43,runup_from_2019_vac,0.29950074929544407
eu_l3,isco_level_2,SE,43,runup_from_2019_mix,0.24821591764125028
eu_l3,isco_level_2,SE,43,runup_from_2019_pooled,0.23458491600751655
eu_l3,isco_level_2,SE,44,runup_from_2019,0.027848985952568198
eu_l3,isco_level_2,SE,44,runup_from_2020,0.43302375993795983
eu_l3,isco_level_2,SE,44,runup_from_2019_vac,0.030566831662491304
eu_l3,isco_level_2,SE,44,runup_from_2019_mix,0.19827173944875992
eu_l3,isco_level_2,SE,44,runup_from_2019_pooled,0.22342473279847286
eu_l3,isco_level_2,SE,51,runup_from_2019,0.21090806962226613
eu_l3,isco_level_2,SE,51,runup_from_2020,0.6125793256201174
eu_l3,isco_level_2,SE,51,runup_from_2019_vac,0.24446306291111594
eu_l3,isco_level_2,SE,51,runup_from_2019_mix,0.24609053138132309
eu_l3,isco_level_2,SE,51,runup_from_2019_pooled,0.238314812334843
eu_l3,isco_level_2,SE,52,runup_from_2019,0.37279844712504506
eu_l3,isco_level_2,SE,52,runup_from_2020,0.6180816722531497
eu_l3,isco_level_2,SE,52,runup_from_2019_vac,0.4071172865358926
eu_l3,isco_level_2,SE,52,runup_from_2019_mix,0.22771638525681873
eu_l3,isco_level_2,SE,52,runup_from_2019_pooled,0.22638151495911119
eu_l3,isco_level_2,SE,53,runup_from_2019,0.34394900188295074
eu_l3,isco_level_2,SE,53,runup_from_2020,0.5100732652895417
eu_l3,isco_level_2,SE,53,runup_from_2019_vac,0.41023624796496017
eu_l3,isco_level_2,SE,53,runup_from_2019_mix,0.17443554326904562
eu_l3,isco_level_2,SE,53,runup_from_2019_pooled,0.168589853474218
eu_l3,isco_level_2,SE,54,runup_from_2019,0.29085434126047194
eu_l3,isco_level_2,SE,54,runup_from_2020,0.4323290127101004
eu_l3,isco_level_2,SE,54,runup_from_2019_vac,0.3528143047919678
eu_l3,isco_level_2,SE,54,runup_from_2019_mix,0.21116815911948827
eu_l3,isco_level_2,SE,54,runup_from_2019_pooled,0.2271638342216441
eu_l3,isco_level_2,SE,61,runup_from_2019,0.22671274720174533
eu_l3,isco_level_2,SE,61,runup_from_2020,0.19375785715770563
eu_l3,isco_level_2,SE,61,runup_from_2019_vac,0.28320508464688837
eu_l3,isco_level_2,SE,61,runup_from_2019_mix,-0.08140187487228431
eu_l3,isco_level_2,SE,61,runup_from_2019_pooled,-0.13423809506910198
eu_l3,isco_level_2,SE,62,runup_from_2019,0.19337139298053962
eu_l3,isco_level_2,SE,62,runup_from_2020,0.1414116540498286
eu_l3,isco_level_2,SE,62,runup_from_2019_vac,0.25602909081590486
eu_l3,isco_level_2,SE,62,runup_from_2019_mix,-0.19415601444095743
eu_l3,isco_level_2,SE,62,runup_from_2019_pooled,-0.1902438371621748
eu_l3,isco_level_2,SE,71,runup_from_2019,0.32929440411960786
eu_l3,isco_level_2,SE,71,runup_from_2020,0.7350361803910668
eu_l3,isco_level_2,SE,71,runup_from_2019_vac,0.3886737975951783
eu_l3,isco_level_2,SE,71,runup_from_2019_mix,0.2097340655896162
eu_l3,isco_level_2,SE,71,runup_from_2019_pooled,0.20087113518437769
eu_l3,isco_level_2,SE,72,runup_from_2019,0.2967597265511854
eu_l3,isco_level_2,SE,72,runup_from_2020,0.6340790595640552
eu_l3,isco_level_2,SE,72,runup_from_2019_vac,0.31780774170091414
eu_l3,isco_level_2,SE,72,runup_from_2019_mix,0.22369592922024603
eu_l3,isco_level_2,SE,72,runup_from_2019_pooled,0.2167728606257869
eu_l3,isco_level_2,SE,73,runup_from_2019,0.24231346742193005
eu_l3,isco_level_2,SE,73,runup_from_2020,0.6317782341836531
eu_l3,isco_level_2,SE,73,runup_from_2019_vac,0.24893399072193922
eu_l3,isco_level_2,SE,73,runup_from_2019_mix,0.22072107126613294
eu_l3,isco_level_2,SE,73,runup_from_2019_pooled,0.21952040503363573
eu_l3,isco_level_2,SE,74,runup_from_2019,0.3316238495322297
eu_l3,isco_level_2,SE,74,runup_from_2020,0.7137041454349087
eu_l3,isco_level_2,SE,74,runup_from_2019_vac,0.384143034756252
eu_l3,isco_level_2,SE,74,runup_from_2019_mix,0.2200876000345216
eu_l3,isco_level_2,SE,74,runup_from_2019_pooled,0.21619110908262257
eu_l3,isco_level_2,SE,75,runup_from_2019,0.2905432267627145
eu_l3,isco_level_2,SE,75,runup_from_2020,0.6220380297229092
eu_l3,isco_level_2,SE,75,runup_from_2019_vac,0.3052966649696449
eu_l3,isco_level_2,SE,75,runup_from_2019_mix,0.22053160578369121
eu_l3,isco_level_2,SE,75,runup_from_2019_pooled,0.21738428807614973
eu_l3,isco_level_2,SE,81,runup_from_2019,0.26240656600058354
eu_l3,isco_level_2,SE,81,runup_from_2020,0.6421711558510493
eu_l3,isco_level_2,SE,81,runup_from_2019_vac,0.2753472725401604
eu_l3,isco_level_2,SE,81,runup_from_2019_mix,0.2266769890138319
eu_l3,isco_level_2,SE,81,runup_from_2019_pooled,0.21652054400345797
eu_l3,isco_level_2,SE,82,runup_from_2019,0.2629536566987772
eu_l3,isco_level_2,SE,82,runup_from_2020,0.6353251261300913
eu_l3,isco_level_2,SE,82,runup_from_2019_vac,0.2731414133188329
eu_l3,isco_level_2,SE,82,runup_from_2019_mix,0.23122910279704184
eu_l3,isco_level_2,SE,82,runup_from_2019_pooled,0.21989440056919204
eu_l3,isco_level_2,SE,83,runup_from_2019,0.0885406054625016
eu_l3,isco_level_2,SE,83,runup_from_2020,0.579033059377367
eu_l3,isco_level_2,SE,83,runup_from_2019_vac,0.10397218414023653
eu_l3,isco_level_2,SE,83,runup_from_2019_mix,0.1850355512443604
eu_l3,isco_level_2,SE,83,runup_from_2019_pooled,0.20902411239158486
eu_l3,isco_level_2,SE,91,runup_from_2019,0.3641254869647671
eu_l3,isco_level_2,SE,91,runup_from_2020,0.6438432897076776
eu_l3,isco_level_2,SE,91,runup_from_2019_vac,0.40644084802712216
eu_l3,isco_level_2,SE,91,runup_from_2019_mix,0.27932702773078905
eu_l3,isco_level_2,SE,91,runup_from_2019_pooled,0.2330230761849543
eu_l3,isco_level_2,SE,93,runup_from_2019,0.27097207312266924
eu_l3,isco_level_2,SE,93,runup_from_2020,0.6184982789181482
eu_l3,isco_level_2,SE,93,runup_from_2019_vac,0.28954807488236944
eu_l3,isco_level_2,SE,93,runup_from_2019_mix,0.24223724872188443
eu_l3,isco_level_2,SE,93,runup_from_2019_pooled,0.2150336288425011
eu_l3,isco_level_2,SE,94,runup_from_2019,0.17470438671153785
eu_l3,isco_level_2,SE,94,runup_from_2020,0.8837082567287504
eu_l3,isco_level_2,SE,94,runup_from_2019_vac,0.2073974348783172
eu_l3,isco_level_2,SE,94,runup_from_2019_mix,0.2804875138331322
eu_l3,isco_level_2,SE,94,runup_from_2019_pooled,0.2731603358466676
eu_l3,isco_level_2,SE,96,runup_from_2019,0.4405564279194344
eu_l3,isco_level_2,SE,96,runup_from_2020,0.5146644000731563
eu_l3,isco_level_2,SE,96,runup_from_2019_vac,0.5857551761384583
eu_l3,isco_level_2,SE,96,runup_from_2019_mix,0.24946085963158302
eu_l3,isco_level_2,SE,96,runup_from_2019_pooled,0.22864745822534405
eu_l3,isco_level_2,SI,11,runup_from_2019,0.14310084364067333
eu_l3,isco_level_2,SI,11,runup_from_2020,0.251314428280906
eu_l3,isco_level_2,SI,11,runup_from_2019_vac,0.24881387538569655
eu_l3,isco_level_2,SI,11,runup_from_2019_mix,0.1823215567939548
eu_l3,isco_level_2,SI,11,runup_from_2019_pooled,0.22205715776995835
eu_l3,isco_level_2,SI,12,runup_from_2019,0.18949745398169365
eu_l3,isco_level_2,SI,12,runup_from_2020,0.5455116777103836
eu_l3,isco_level_2,SI,12,runup_from_2019_vac,0.2338477721573578
eu_l3,isco_level_2,SI,12,runup_from_2019_mix,0.2661160134349861
eu_l3,isco_level_2,SI,12,runup_from_2019_pooled,0.24446408178875306
eu_l3,isco_level_2,SI,13,runup_from_2019,0.3872827890249738
eu_l3,isco_level_2,SI,13,runup_from_2020,0.7023638356648692
eu_l3,isco_level_2,SI,13,runup_from_2019_vac,0.4691057066516313
eu_l3,isco_level_2,SI,13,runup_from_2019_mix,0.3176494368130295
eu_l3,isco_level_2,SI,13,runup_from_2019_pooled,0.2130208675503039
eu_l3,isco_level_2,SI,14,runup_from_2019,0.012903404835907795
eu_l3,isco_level_2,SI,14,runup_from_2020,0.4054651081081644
eu_l3,isco_level_2,SI,14,runup_from_2019_vac,0.02379604493032783
eu_l3,isco_level_2,SI,14,runup_from_2019_mix,0.2201040282760187
eu_l3,isco_level_2,SI,14,runup_from_2019_pooled,0.25317490005446597
eu_l3,isco_level_2,SI,21,runup_from_2019,0.3339626279280777
eu_l3,isco_level_2,SI,21,runup_from_2020,0.5609115415018119
eu_l3,isco_level_2,SI,21,runup_from_2019_vac,0.4308817823126521
eu_l3,isco_level_2,SI,21,runup_from_2019_mix,0.27194819115465524
eu_l3,isco_level_2,SI,21,runup_from_2019_pooled,0.25205294245025983
eu_l3,isco_level_2,SI,22,runup_from_2019,-0.05430143450586404
eu_l3,isco_level_2,SI,22,runup_from_2020,0.34493029005276465
eu_l3,isco_level_2,SI,22,runup_from_2019_vac,0.019051398883496867
eu_l3,isco_level_2,SI,22,runup_from_2019_mix,0.17205306409384008
eu_l3,isco_level_2,SI,22,runup_from_2019_pooled,0.1721416170252814
eu_l3,isco_level_2,SI,23,runup_from_2019,0.3184537311185348
eu_l3,isco_level_2,SI,23,runup_from_2020,0.31845373111853464
eu_l3,isco_level_2,SI,23,runup_from_2019_vac,0.42668333126177416
eu_l3,isco_level_2,SI,23,runup_from_2019_mix,0.22314355131420974
eu_l3,isco_level_2,SI,23,runup_from_2019_pooled,0.21847032587873527
eu_l3,isco_level_2,SI,24,runup_from_2019,0.2648599256397565
eu_l3,isco_level_2,SI,24,runup_from_2020,0.50422656227432
eu_l3,isco_level_2,SI,24,runup_from_2019_vac,0.3307775571070057
eu_l3,isco_level_2,SI,24,runup_from_2019_mix,0.2545732846896204
eu_l3,isco_level_2,SI,24,runup_from_2019_pooled,0.2514016893047965
eu_l3,isco_level_2,SI,25,runup_from_2019,0.4894448537383343
eu_l3,isco_level_2,SI,25,runup_from_2020,0.5758331531756585
eu_l3,isco_level_2,SI,25,runup_from_2019_vac,0.5921028222264272
eu_l3,isco_level_2,SI,25,runup_from_2019_mix,0.2715159010095299
eu_l3,isco_level_2,SI,25,runup_from_2019_pooled,0.2598746776979377
eu_l3,isco_level_2,SI,26,runup_from_2019,0.2154391661084147
eu_l3,isco_level_2,SI,26,runup_from_2020,0.4570435891248367
eu_l3,isco_level_2,SI,26,runup_from_2019_vac,0.26489179218673325
eu_l3,isco_level_2,SI,26,runup_from_2019_mix,0.22595846200236
eu_l3,isco_level_2,SI,26,runup_from_2019_pooled,0.2152636121063766
eu_l3,isco_level_2,SI,31,runup_from_2019,0.2956148673279433
eu_l3,isco_level_2,SI,31,runup_from_2020,0.5937635866503437
eu_l3,isco_level_2,SI,31,runup_from_2019_vac,0.39250277294653485
eu_l3,isco_level_2,SI,31,runup_from_2019_mix,0.2755343542724829
eu_l3,isco_level_2,SI,31,runup_from_2019_pooled,0.2276955086746763
eu_l3,isco_level_2,SI,32,runup_from_2019,-0.0870113769896298
eu_l3,isco_level_2,SI,32,runup_from_2020,0.3184537311185347
eu_l3,isco_level_2,SI,32,runup_from_2019_vac,-0.014285957247476057
eu_l3,isco_level_2,SI,32,runup_from_2019_mix,0.16126814759612235
eu_l3,isco_level_2,SI,32,runup_from_2019_pooled,0.173028653055236
eu_l3,isco_level_2,SI,33,runup_from_2019,0.1635956151441869
eu_l3,isco_level_2,SI,33,runup_from_2020,0.4687187161341751
eu_l3,isco_level_2,SI,33,runup_from_2019_vac,0.18831016047494115
eu_l3,isco_level_2,SI,33,runup_from_2019_mix,0.23844083488702583
eu_l3,isco_level_2,SI,33,runup_from_2019_pooled,0.24331163690461108
eu_l3,isco_level_2,SI,34,runup_from_2019,0.1492718916289581
eu_l3,isco_level_2,SI,34,runup_from_2020,0.2758021295407008
eu_l3,isco_level_2,SI,34,runup_from_2019_vac,0.16892595148306355
eu_l3,isco_level_2,SI,34,runup_from_2019_mix,0.1677860863451935
eu_l3,isco_level_2,SI,34,runup_from_2019_pooled,0.1917560116138421
eu_l3,isco_level_2,SI,35,runup_from_2019,0.5078801135362339
eu_l3,isco_level_2,SI,35,runup_from_2020,0.5530005488167032
eu_l3,isco_level_2,SI,35,runup_from_2019_vac,0.6142977904504505
eu_l3,isco_level_2,SI,35,runup_from_2019_mix,0.26319105244348484
eu_l3,isco_level_2,SI,35,runup_from_2019_pooled,0.25033411023201657
eu_l3,isco_level_2,SI,41,runup_from_2019,0.10776670159526179
eu_l3,isco_level_2,SI,41,runup_from_2020,0.36693118385163215
eu_l3,isco_level_2,SI,41,runup_from_2019_vac,0.18392834601954108
eu_l3,isco_level_2,SI,41,runup_from_2019_mix,0.206782797473814
eu_l3,isco_level_2,SI,41,runup_from_2019_pooled,0.22007888890575802
eu_l3,isco_level_2,SI,42,runup_from_2019,0.20958853156986967
eu_l3,isco_level_2,SI,42,runup_from_2020,0.4424482252097526
eu_l3,isco_level_2,SI,42,runup_from_2019_vac,0.1467965910588995
eu_l3,isco_level_2,SI,42,runup_from_2019_mix,0.22204822595735701
eu_l3,isco_level_2,SI,42,runup_from_2019_pooled,0.2562536313099383
eu_l3,isco_level_2,SI,43,runup_from_2019,0.08130137791672638
eu_l3,isco_level_2,SI,43,runup_from_2020,0.3949728704054231
eu_l3,isco_level_2,SI,43,runup_from_2019_vac,0.02379604493032783
eu_l3,isco_level_2,SI,43,runup_from_2019_mix,0.22251779689268725
eu_l3,isco_level_2,SI,43,runup_from_2019_pooled,0.23458491600751655
eu_l3,isco_level_2,SI,44,runup_from_2019,0.24397763821705165
eu_l3,isco_level_2,SI,44,runup_from_2020,0.37001835911241665
eu_l3,isco_level_2,SI,44,runup_from_2019_mix,0.22825865198098017
eu_l3,isco_level_2,SI,44,runup_from_2019_pooled,0.22342473279847286
eu_l3,isco_level_2,SI,51,runup_from_2019,0.28170305121194944
eu_l3,isco_level_2,SI,51,runup_from_2020,0.5738941871127683
eu_l3,isco_level_2,SI,51,runup_from_2019_vac,0.31474510253893045
eu_l3,isco_level_2,SI,51,runup_from_2019_mix,0.24453329153816092
eu_l3,isco_level_2,SI,51,runup_from_2019_pooled,0.238314812334843
eu_l3,isco_level_2,SI,52,runup_from_2019,0.012903404835907795
eu_l3,isco_level_2,SI,52,runup_from_2020,0.40546510810816444
eu_l3,isco_level_2,SI,52,runup_from_2019_vac,0.02379604493032783
eu_l3,isco_level_2,SI,52,runup_from_2019_mix,0.2201040282760187
eu_l3,isco_level_2,SI,52,runup_from_2019_pooled,0.22638151495911119
eu_l3,isco_level_2,SI,53,runup_from_2019,0.007763302292847088
eu_l3,isco_level_2,SI,53,runup_from_2020,0.30530080218591066
eu_l3,isco_level_2,SI,53,runup_from_2019_vac,0.06604102555015456
eu_l3,isco_level_2,SI,53,runup_from_2019_mix,0.16662161911665496
eu_l3,isco_level_2,SI,53,runup_from_2019_pooled,0.168589853474218
eu_l3,isco_level_2,SI,54,runup_from_2019,0.23628427963649834
eu_l3,isco_level_2,SI,54,runup_from_2020,0.39645308084135833
eu_l3,isco_level_2,SI,54,runup_from_2019_vac,0.2723024269133533
eu_l3,isco_level_2,SI,54,runup_from_2019_mix,0.23436189488333184
eu_l3,isco_level_2,SI,54,runup_from_2019_pooled,0.2271638342216441
eu_l3,isco_level_2,SI,71,runup_from_2019,0.12981161152199072
eu_l3,isco_level_2,SI,71,runup_from_2020,0.4341330029777364
eu_l3,isco_level_2,SI,71,runup_from_2019_vac,0.2824179359153085
eu_l3,isco_level_2,SI,71,runup_from_2019_mix,0.19437383191336338
eu_l3,isco_level_2,SI,71,runup_from_2019_pooled,0.20087113518437769
eu_l3,isco_level_2,SI,72,runup_from_2019,0.012903404835907793
eu_l3,isco_level_2,SI,72,runup_from_2020,0.40546510810816433
eu_l3,isco_level_2,SI,72,runup_from_2019_vac,0.02379604493032783
eu_l3,isco_level_2,SI,72,runup_from_2019_mix,0.2201040282760187
eu_l3,isco_level_2,SI,72,runup_from_2019_pooled,0.2167728606257869
eu_l3,isco_level_2,SI,74,runup_from_2019,0.12981161152199072
eu_l3,isco_level_2,SI,74,runup_from_2020,0.4341330029777364
eu_l3,isco_level_2,SI,74,runup_from_2019_vac,0.2824179359153085
eu_l3,isco_level_2,SI,74,runup_from_2019_mix,0.19437383191336338
eu_l3,isco_level_2,SI,74,runup_from_2019_pooled,0.21619110908262257
eu_l3,isco_level_2,SI,75,runup_from_2019,0.012903404835907795
eu_l3,isco_level_2,SI,75,runup_from_2020,0.4054651081081644
eu_l3,isco_level_2,SI,75,runup_from_2019_vac,0.02379604493032783
eu_l3,isco_level_2,SI,75,runup_from_2019_mix,0.2201040282760187
eu_l3,isco_level_2,SI,75,runup_from_2019_pooled,0.21738428807614973
eu_l3,isco_level_2,SI,83,runup_from_2019,0.2064431925674339
eu_l3,isco_level_2,SI,83,runup_from_2020,0.3838417973964718
eu_l3,isco_level_2,SI,83,runup_from_2019_mix,0.2217666928381264
eu_l3,isco_level_2,SI,83,runup_from_2019_pooled,0.20902411239158486
eu_l3,isco_level_2,SI,91,runup_from_2019,0.26783317702696
eu_l3,isco_level_2,SI,91,runup_from_2020,0.4956294806474647
eu_l3,isco_level_2,SI,91,runup_from_2019_vac,0.29508838445011026
eu_l3,isco_level_2,SI,91,runup_from_2019_mix,0.2543009158483255
eu_l3,isco_level_2,SI,91,runup_from_2019_pooled,0.2330230761849543
eu_l3,isco_level_2,SI,93,runup_from_2019,0.25294243869199806
eu_l3,isco_level_2,SI,93,runup_from_2020,0.5324085061974544
eu_l3,isco_level_2,SI,93,runup_from_2019_vac,0.2964764674103098
eu_l3,isco_level_2,SI,93,runup_from_2019_mix,0.25419146343200594
eu_l3,isco_level_2,SI,93,runup_from_2019_pooled,0.2150336288425011
eu_l3,isco_level_2,SI,94,runup_from_2019,0.4119797891293582
eu_l3,isco_level_2,SI,94,runup_from_2020,0.7884573603642702
eu_l3,isco_level_2,SI,94,runup_from_2019_vac,0.45159599344435364
eu_l3,isco_level_2,SI,94,runup_from_2019_mix,0.30332234176825773
eu_l3,isco_level_2,SI,94,runup_from_2019_pooled,0.2731603358466676
eu_l3,isco_level_2,SI,96,runup_from_2019,0.25489224962879004
eu_l3,isco_level_2,SI,96,runup_from_2020,0.9808292530117264
eu_l3,isco_level_2,SI,96,runup_from_2019_vac,0.34911217155703334
eu_l3,isco_level_2,SI,96,runup_from_2019_mix,0.24946085963158307
eu_l3,isco_level_2,SI,96,runup_from_2019_pooled,0.22864745822534405
eu_l3,isco_level_2,SK,11,runup_from_2019,0.04879016416943199
eu_l3,isco_level_2,SK,11,runup_from_2020,0.15415067982725827
eu_l3,isco_level_2,SK,11,runup_from_2019_vac,0.05591908938248391
eu_l3,isco_level_2,SK,11,runup_from_2019_mix,0.1823215567939548
eu_l3,isco_level_2,SK,11,runup_from_2019_pooled,0.22205715776995835
eu_l3,isco_level_2,SK,12,runup_from_2019,-0.06899287148695143
eu_l3,isco_level_2,SK,12,runup_from_2020,0.38776553100876354
eu_l3,isco_level_2,SK,12,runup_from_2019_vac,-0.09625179945958706
eu_l3,isco_level_2,SK,12,runup_from_2019_mix,0.22072107126613294
eu_l3,isco_level_2,SK,12,runup_from_2019_pooled,0.24446408178875306
eu_l3,isco_level_2,SK,13,runup_from_2019,-0.24044269120899966
eu_l3,isco_level_2,SK,13,runup_from_2020,0.42896881214394794
eu_l3,isco_level_2,SK,13,runup_from_2019_vac,-0.2707230772423672
eu_l3,isco_level_2,SK,13,runup_from_2019_mix,0.22397797102152225
eu_l3,isco_level_2,SK,13,runup_from_2019_pooled,0.2130208675503039
eu_l3,isco_level_2,SK,14,runup_from_2019,-0.042648281418604175
eu_l3,isco_level_2,SK,14,runup_from_2020,0.128357060403505
eu_l3,isco_level_2,SK,14,runup_from_2019_vac,-0.06821680831103132
eu_l3,isco_level_2,SK,14,runup_from_2019_mix,0.2529839912991761
eu_l3,isco_level_2,SK,14,runup_from_2019_pooled,0.25317490005446597
eu_l3,isco_level_2,SK,21,runup_from_2019,0.42878863852153837
eu_l3,isco_level_2,SK,21,runup_from_2020,1.3735800636148514
eu_l3,isco_level_2,SK,21,runup_from_2019_vac,0.41405392843660976
eu_l3,isco_level_2,SK,21,runup_from_2019_mix,0.28402852773034215
eu_l3,isco_level_2,SK,21,runup_from_2019_pooled,0.25205294245025983
eu_l3,isco_level_2,SK,22,runup_from_2019,0.018896310421106653
eu_l3,isco_level_2,SK,22,runup_from_2020,0.13075792708369657
eu_l3,isco_level_2,SK,22,runup_from_2019_vac,0.015725427144949976
eu_l3,isco_level_2,SK,22,runup_from_2019_mix,0.17257285829444302
eu_l3,isco_level_2,SK,22,runup_from_2019_pooled,0.1721416170252814
eu_l3,isco_level_2,SK,23,runup_from_2019,0.6931471805599452
eu_l3,isco_level_2,SK,23,runup_from_2020,0.6931471805599452
eu_l3,isco_level_2,SK,23,runup_from_2019_vac,0.40022675144657605
eu_l3,isco_level_2,SK,23,runup_from_2019_mix,0.22314355131420974
eu_l3,isco_level_2,SK,23,runup_from_2019_pooled,0.21847032587873527
eu_l3,isco_level_2,SK,24,runup_from_2019,0.313216248493394
eu_l3,isco_level_2,SK,24,runup_from_2020,0.8520986803814867
eu_l3,isco_level_2,SK,24,runup_from_2019_vac,0.23996754579821383
eu_l3,isco_level_2,SK,24,runup_from_2019_mix,0.2944721947483797
eu_l3,isco_level_2,SK,24,runup_from_2019_pooled,0.2514016893047965
eu_l3,isco_level_2,SK,25,runup_from_2019,-0.04967864283990582
eu_l3,isco_level_2,SK,25,runup_from_2020,0.5354617195655466
eu_l3,isco_level_2,SK,25,runup_from_2019_vac,-0.007576605876517313
eu_l3,isco_level_2,SK,25,runup_from_2019_mix,0.25722176937477864
eu_l3,isco_level_2,SK,25,runup_from_2019_pooled,0.2598746776979377
eu_l3,isco_level_2,SK,26,runup_from_2019,0.26769306533469067
eu_l3,isco_level_2,SK,26,runup_from_2020,0.6623398271205329
eu_l3,isco_level_2,SK,26,runup_from_2019_vac,0.22451931873248307
eu_l3,isco_level_2,SK,26,runup_from_2019_mix,0.21220115931388037
eu_l3,isco_level_2,SK,26,runup_from_2019_pooled,0.2152636121063766
eu_l3,isco_level_2,SK,31,runup_from_2019,-0.2621230152561623
eu_l3,isco_level_2,SK,31,runup_from_2020,0.41600027151374486
eu_l3,isco_level_2,SK,31,runup_from_2019_vac,-0.31827382661598813
eu_l3,isco_level_2,SK,31,runup_from_2019_mix,0.22191469418638282
eu_l3,isco_level_2,SK,31,runup_from_2019_pooled,0.2276955086746763
eu_l3,isco_level_2,SK,32,runup_from_2019,-0.008368249670516636
eu_l3,isco_level_2,SK,32,runup_from_2020,0.10629465864962317
eu_l3,isco_level_2,SK,32,runup_from_2019_vac,-0.003985233362364227
eu_l3,isco_level_2,SK,32,runup_from_2019_mix,0.16126814759612235
eu_l3,isco_level_2,SK,32,runup_from_2019_pooled,0.173028653055236
eu_l3,isco_level_2,SK,33,runup_from_2019,0.1758575027757265
eu_l3,isco_level_2,SK,33,runup_from_2020,0.5858189603501862
eu_l3,isco_level_2,SK,33,runup_from_2019_vac,0.14126509068566137
eu_l3,isco_level_2,SK,33,runup_from_2019_mix,0.24227470802927772
eu_l3,isco_level_2,SK,33,runup_from_2019_pooled,0.24331163690461108
eu_l3,isco_level_2,SK,34,runup_from_2019,-0.20067069546215127
eu_l3,isco_level_2,SK,34,runup_from_2020,-0.054067221270275745
eu_l3,isco_level_2,SK,34,runup_from_2019_vac,-0.18266233035322446
eu_l3,isco_level_2,SK,34,runup_from_2019_mix,0.13230053187787538
eu_l3,isco_level_2,SK,34,runup_from_2019_pooled,0.1917560116138421
eu_l3,isco_level_2,SK,35,runup_from_2019,-0.046520015634893
eu_l3,isco_level_2,SK,35,runup_from_2020,0.5596157879354225
eu_l3,isco_level_2,SK,35,runup_from_2019_vac,0.0069252354333144694
eu_l3,isco_level_2,SK,35,runup_from_2019_mix,0.26319105244348484
eu_l3,isco_level_2,SK,35,runup_from_2019_pooled,0.25033411023201657
eu_l3,isco_level_2,SK,41,runup_from_2019,0.038357532574635415
eu_l3,isco_level_2,SK,41,runup_from_2020,0.21438495918992787
eu_l3,isco_level_2,SK,41,runup_from_2019_vac,0.03176985275539841
eu_l3,isco_level_2,SK,41,runup_from_2019_mix,0.19617117443969492
eu_l3,isco_level_2,SK,41,runup_from_2019_pooled,0.22007888890575802
eu_l3,isco_level_2,SK,42,runup_from_2019,0.0870113769896298
eu_l3,isco_level_2,SK,42,runup_from_2020,0.2876820724517808
eu_l3,isco_level_2,SK,42,runup_from_2019_vac,-0.0571819341203117
eu_l3,isco_level_2,SK,42,runup_from_2019_mix,0.31015492830383945
eu_l3,isco_level_2,SK,42,runup_from_2019_pooled,0.2562536313099383
eu_l3,isco_level_2,SK,43,runup_from_2019,0.05106892526397766
eu_l3,isco_level_2,SK,43,runup_from_2020,0.43788250882558843
eu_l3,isco_level_2,SK,43,runup_from_2019_vac,0.03219752430070991
eu_l3,isco_level_2,SK,43,runup_from_2019_mix,0.2278196603880119
eu_l3,isco_level_2,SK,43,runup_from_2019_pooled,0.23458491600751655
eu_l3,isco_level_2,SK,44,runup_from_2019,-0.1655144384775734
eu_l3,isco_level_2,SK,44,runup_from_2020,0.17435338714477783
eu_l3,isco_level_2,SK,44,runup_from_2019_vac,-0.17007743133887576
eu_l3,isco_level_2,SK,44,runup_from_2019_mix,0.22825865198098017
eu_l3,isco_level_2,SK,44,runup_from_2019_pooled,0.22342473279847286
eu_l3,isco_level_2,SK,51,runup_from_2019,-0.09095526182006174
eu_l3,isco_level_2,SK,51,runup_from_2020,0.12637521863251036
eu_l3,isco_level_2,SK,51,runup_from_2019_vac,-0.14409005380164633
eu_l3,isco_level_2,SK,51,runup_from_2019_mix,0.23939746184822677
eu_l3,isco_level_2,SK,51,runup_from_2019_pooled,0.238314812334843
eu_l3,isco_level_2,SK,52,runup_from_2019,0.13353139262452274
eu_l3,isco_level_2,SK,52,runup_from_2020,0.2336148511815053
eu_l3,isco_level_2,SK,52,runup_from_2019_vac,0.09859979518706652
eu_l3,isco_level_2,SK,52,runup_from_2019_mix,0.22010402827601872
eu_l3,isco_level_2,SK,52,runup_from_2019_pooled,0.22638151495911119
eu_l3,isco_level_2,SK,53,runup_from_2019,0.16687860154765732
eu_l3,isco_level_2,SK,53,runup_from_2020,0.25290143420636924
eu_l3,isco_level_2,SK,53,runup_from_2019_vac,0.09972776189410353
eu_l3,isco_level_2,SK,53,runup_from_2019_mix,0.1783497503935081
eu_l3,isco_level_2,SK,53,runup_from_2019_pooled,0.168589853474218
eu_l3,isco_level_2,SK,54,runup_from_2019,0.08039831886677988
eu_l3,isco_level_2,SK,54,runup_from_2020,0.27579021225970757
eu_l3,isco_level_2,SK,54,runup_from_2019_vac,0.03222530044142955
eu_l3,isco_level_2,SK,54,runup_from_2019_mix,0.22499463402724398
eu_l3,isco_level_2,SK,54,runup_from_2019_pooled,0.2271638342216441
eu_l3,isco_level_2,SK,61,runup_from_2019,-0.7339691750802004
eu_l3,isco_level_2,SK,61,runup_from_2020,0.1823215567939548
eu_l3,isco_level_2,SK,61,runup_from_2019_vac,-0.7956087615218949
eu_l3,isco_level_2,SK,61,runup_from_2019_mix,-0.19415601444095745
eu_l3,isco_level_2,SK,61,runup_from_2019_pooled,-0.13423809506910198
eu_l3,isco_level_2,SK,62,runup_from_2019,-0.7339691750802004
eu_l3,isco_level_2,SK,62,runup_from_2020,0.1823215567939548
eu_l3,isco_level_2,SK,62,runup_from_2019_vac,-0.795608761521895
eu_l3,isco_level_2,SK,62,runup_from_2019_mix,-0.19415601444095743
eu_l3,isco_level_2,SK,62,runup_from_2019_pooled,-0.1902438371621748
eu_l3,isco_level_2,SK,71,runup_from_2019,-0.7291058649393085
eu_l3,isco_level_2,SK,71,runup_from_2020,0.599936858420754
eu_l3,isco_level_2,SK,71,runup_from_2019_vac,-0.845538232348563
eu_l3,isco_level_2,SK,71,runup_from_2019_mix,0.19751040802678832
eu_l3,isco_level_2,SK,71,runup_from_2019_pooled,0.20087113518437769
eu_l3,isco_level_2,SK,72,runup_from_2019,-0.14575644608827096
eu_l3,isco_level_2,SK,72,runup_from_2020,0.40036589156858104
eu_l3,isco_level_2,SK,72,runup_from_2019_vac,-0.188134183889417
eu_l3,isco_level_2,SK,72,runup_from_2019_mix,0.2169729300353097
eu_l3,isco_level_2,SK,72,runup_from_2019_pooled,0.2167728606257869
eu_l3,isco_level_2,SK,74,runup_from_2019,-0.5800762422988454
eu_l3,isco_level_2,SK,74,runup_from_2020,0.5520362517473947
eu_l3,isco_level_2,SK,74,runup_from_2019_vac,-0.6763764745121417
eu_l3,isco_level_2,SK,74,runup_from_2019_mix,0.20275053572932547
eu_l3,isco_level_2,SK,74,runup_from_2019_pooled,0.21619110908262257
eu_l3,isco_level_2,SK,75,runup_from_2019,-0.06899287148695143
eu_l3,isco_level_2,SK,75,runup_from_2020,0.38776553100876354
eu_l3,isco_level_2,SK,75,runup_from_2019_vac,-0.09625179945958706
eu_l3,isco_level_2,SK,75,runup_from_2019_mix,0.22072107126613294
eu_l3,isco_level_2,SK,75,runup_from_2019_pooled,0.21738428807614973
eu_l3,isco_level_2,SK,81,runup_from_2019,-0.06899287148695143
eu_l3,isco_level_2,SK,81,runup_from_2020,0.38776553100876354
eu_l3,isco_level_2,SK,81,runup_from_2019_vac,-0.09625179945958705
eu_l3,isco_level_2,SK,81,runup_from_2019_mix,0.22072107126613294
eu_l3,isco_level_2,SK,81,runup_from_2019_pooled,0.21652054400345797
eu_l3,isco_level_2,SK,82,runup_from_2019,-0.12356272940630902
eu_l3,isco_level_2,SK,82,runup_from_2020,0.4053051936214939
eu_l3,isco_level_2,SK,82,runup_from_2019_vac,-0.15819339823013873
eu_l3,isco_level_2,SK,82,runup_from_2019_mix,0.21880230492196384
eu_l3,isco_level_2,SK,82,runup_from_2019_pooled,0.21989440056919204
eu_l3,isco_level_2,SK,83,runup_from_2019,-0.29138884949466715
eu_l3,isco_level_2,SK,83,runup_from_2020,0.27814518201931693
eu_l3,isco_level_2,SK,83,runup_from_2019_vac,-0.3226946294447076
eu_l3,isco_level_2,SK,83,runup_from_2019_mix,0.18725297216003936
eu_l3,isco_level_2,SK,83,runup_from_2019_pooled,0.20902411239158486
eu_l3,isco_level_2,SK,91,runup_from_2019,0.4841851375125736
eu_l3,isco_level_2,SK,91,runup_from_2020,0.5183400463738919
eu_l3,isco_level_2,SK,91,runup_from_2019_vac,0.27982318150348745
eu_l3,isco_level_2,SK,91,runup_from_2019_mix,0.2047125799939284
eu_l3,isco_level_2,SK,91,runup_from_2019_pooled,0.2330230761849543
eu_l3,isco_level_2,SK,93,runup_from_2019,-0.35373269143228575
eu_l3,isco_level_2,SK,93,runup_from_2020,0.46730357846239945
eu_l3,isco_level_2,SK,93,runup_from_2019_vac,-0.4241698950558343
eu_l3,isco_level_2,SK,93,runup_from_2019_mix,0.2096680185514917
eu_l3,isco_level_2,SK,93,runup_from_2019_pooled,0.2150336288425011
eu_l3,isco_level_2,SK,94,runup_from_2019,-0.31237468504215243
eu_l3,isco_level_2,SK,94,runup_from_2020,-0.03278982282299097
eu_l3,isco_level_2,SK,94,runup_from_2019_vac,-0.3236085995072342
eu_l3,isco_level_2,SK,94,runup_from_2019_mix,0.30332234176825773
eu_l3,isco_level_2,SK,94,runup_from_2019_pooled,0.2731603358466676
eu_l3,isco_level_2,EL,13,runup_from_2019_vac,0.5922463109589641
eu_l3,isco_level_2,EL,13,runup_from_2019_mix,0.2064257085245951
eu_l3,isco_level_2,EL,13,runup_from_2019_pooled,0.2130208675503039
eu_l3,isco_level_2,EL,23,runup_from_2019_vac,0.2578758854456611
eu_l3,isco_level_2,EL,23,runup_from_2019_mix,0.22023242014704522
eu_l3,isco_level_2,EL,23,runup_from_2019_pooled,0.21847032587873527
eu_l3,isco_level_2,EL,71,runup_from_2019_vac,2.528184863747184
eu_l3,isco_level_2,EL,71,runup_from_2019_mix,0.19967385685086442
eu_l3,isco_level_2,EL,71,runup_from_2019_pooled,0.20087113518437769
eu_l3,isco_level_2,EL,83,runup_from_2019_vac,0.22603454132892348
eu_l3,isco_level_2,EL,83,runup_from_2019_mix,0.23198587598860754
eu_l3,isco_level_2,EL,83,runup_from_2019_pooled,0.20902411239158486
eu_l3,isco_level_2,AT,61,runup_from_2019_mix,-0.16166072122903477
eu_l3,isco_level_2,AT,61,runup_from_2019_pooled,-0.13423809506910198
eu_l3,isco_level_2,BE,61,runup_from_2019_mix,-0.06254941055644811
eu_l3,isco_level_2,BE,61,runup_from_2019_pooled,-0.13423809506910198
eu_l3,isco_level_2,CY,61,runup_from_2019_mix,-0.14552590550228153
eu_l3,isco_level_2,CY,61,runup_from_2019_pooled,-0.13423809506910198
eu_l3,isco_level_2,CY,92,runup_from_2019_mix,-0.19415601444095743
eu_l3,isco_level_2,CY,92,runup_from_2019_pooled,-0.12237825031757464
eu_l3,isco_level_2,DK,13,runup_from_2019_mix,0.1982287631622155
eu_l3,isco_level_2,DK,13,runup_from_2019_pooled,0.2130208675503039
eu_l3,isco_level_2,DK,22,runup_from_2019_mix,0.16737880343871697
eu_l3,isco_level_2,DK,22,runup_from_2019_pooled,0.1721416170252814
eu_l3,isco_level_2,DK,23,runup_from_2019_mix,0.20976999217318548
eu_l3,isco_level_2,DK,23,runup_from_2019_pooled,0.21847032587873527
eu_l3,isco_level_2,DK,26,runup_from_2019_mix,0.2077673528092944
eu_l3,isco_level_2,DK,26,runup_from_2019_pooled,0.2152636121063766
eu_l3,isco_level_2,DK,32,runup_from_2019_mix,0.17681340602895113
eu_l3,isco_level_2,DK,32,runup_from_2019_pooled,0.173028653055236
eu_l3,isco_level_2,DK,34,runup_from_2019_mix,0.18400228517959025
eu_l3,isco_level_2,DK,34,runup_from_2019_pooled,0.1917560116138421
eu_l3,isco_level_2,DK,41,runup_from_2019_mix,0.21386465726543502
eu_l3,isco_level_2,DK,41,runup_from_2019_pooled,0.22007888890575802
eu_l3,isco_level_2,DK,53,runup_from_2019_mix,0.16847417810707796
eu_l3,isco_level_2,DK,53,runup_from_2019_pooled,0.168589853474218
eu_l3,isco_level_2,DK,54,runup_from_2019_mix,0.20653323181993447
eu_l3,isco_level_2,DK,54,runup_from_2019_pooled,0.2271638342216441
eu_l3,isco_level_2,DK,61,runup_from_2019_mix,-0.1053920625295707
eu_l3,isco_level_2,DK,61,runup_from_2019_pooled,-0.13423809506910198
eu_l3,isco_level_2,DK,62,runup_from_2019_mix,-0.19415601444095743
eu_l3,isco_level_2,DK,62,runup_from_2019_pooled,-0.1902438371621748
eu_l3,isco_level_2,DK,92,runup_from_2019_mix,-0.0757521947200438
eu_l3,isco_level_2,DK,92,runup_from_2019_pooled,-0.12237825031757464
eu_l3,isco_level_2,EL,61,runup_from_2019_mix,-0.19415601444095743
eu_l3,isco_level_2,EL,61,runup_from_2019_pooled,-0.13423809506910198
eu_l3,isco_level_2,EL,62,runup_from_2019_mix,-0.19415601444095743
eu_l3,isco_level_2,EL,62,runup_from_2019_pooled,-0.1902438371621748
eu_l3,isco_level_2,EL,92,runup_from_2019_mix,-0.19415601444095743
eu_l3,isco_level_2,EL,92,runup_from_2019_pooled,-0.12237825031757464
eu_l3,isco_level_2,ES,61,runup_from_2019_mix,-0.07908561019657208
eu_l3,isco_level_2,ES,61,runup_from_2019_pooled,-0.13423809506910198
eu_l3,isco_level_2,ES,62,runup_from_2019_mix,-0.165868940415474
eu_l3,isco_level_2,ES,62,runup_from_2019_pooled,-0.1902438371621748
eu_l3,isco_level_2,ES,92,runup_from_2019_mix,-0.1450970377804115
eu_l3,isco_level_2,ES,92,runup_from_2019_pooled,-0.12237825031757464
eu_l3,isco_level_2,FI,11,runup_from_2019_mix,0.1487008679159342
eu_l3,isco_level_2,FI,11,runup_from_2019_pooled,0.22205715776995835
eu_l3,isco_level_2,FI,61,runup_from_2019_mix,-0.19415601444095743
eu_l3,isco_level_2,FI,61,runup_from_2019_pooled,-0.13423809506910198
eu_l3,isco_level_2,FI,62,runup_from_2019_mix,-0.19415601444095743
eu_l3,isco_level_2,FI,62,runup_from_2019_pooled,-0.1902438371621748
eu_l3,isco_level_2,FI,92,runup_from_2019_mix,-0.19415601444095743
eu_l3,isco_level_2,FI,92,runup_from_2019_pooled,-0.12237825031757464
eu_l3,isco_level_2,FR,22,runup_from_2019_mix,0.17279793771433438
eu_l3,isco_level_2,FR,22,runup_from_2019_pooled,0.1721416170252814
eu_l3,isco_level_2,FR,32,runup_from_2019_mix,0.1763403457113741
eu_l3,isco_level_2,FR,32,runup_from_2019_pooled,0.173028653055236
eu_l3,isco_level_2,FR,53,runup_from_2019_mix,0.16620358925530215
eu_l3,isco_level_2,FR,53,runup_from_2019_pooled,0.168589853474218
eu_l3,isco_level_2,FR,61,runup_from_2019_mix,-0.0901738282184227
eu_l3,isco_level_2,FR,61,runup_from_2019_pooled,-0.13423809506910198
eu_l3,isco_level_2,FR,62,runup_from_2019_mix,-0.19415601444095743
eu_l3,isco_level_2,FR,62,runup_from_2019_pooled,-0.1902438371621748
eu_l3,isco_level_2,FR,92,runup_from_2019_mix,-0.006128495698492854
eu_l3,isco_level_2,FR,92,runup_from_2019_pooled,-0.12237825031757464
eu_l3,isco_level_2,IE,61,runup_from_2019_mix,-0.19415601444095743
eu_l3,isco_level_2,IE,61,runup_from_2019_pooled,-0.13423809506910198
eu_l3,isco_level_2,IE,92,runup_from_2019_mix,-0.1941560144409574
eu_l3,isco_level_2,IE,92,runup_from_2019_pooled,-0.12237825031757464
eu_l3,isco_level_2,IT,22,runup_from_2019_mix,0.18234725572932414
eu_l3,isco_level_2,IT,22,runup_from_2019_pooled,0.1721416170252814
eu_l3,isco_level_2,IT,32,runup_from_2019_mix,0.17565099731824313
eu_l3,isco_level_2,IT,32,runup_from_2019_pooled,0.173028653055236
eu_l3,isco_level_2,IT,53,runup_from_2019_mix,0.1533127118454153
eu_l3,isco_level_2,IT,53,runup_from_2019_pooled,0.168589853474218
eu_l3,isco_level_2,IT,61,runup_from_2019_mix,-0.12402374709723965
eu_l3,isco_level_2,IT,61,runup_from_2019_pooled,-0.13423809506910198
eu_l3,isco_level_2,IT,62,runup_from_2019_mix,-0.19415601444095743
eu_l3,isco_level_2,IT,62,runup_from_2019_pooled,-0.1902438371621748
eu_l3,isco_level_2,IT,92,runup_from_2019_mix,-0.1273518091000861
eu_l3,isco_level_2,IT,92,runup_from_2019_pooled,-0.12237825031757464
eu_l3,isco_level_2,PT,61,runup_from_2019_mix,-0.1250255384428161
eu_l3,isco_level_2,PT,61,runup_from_2019_pooled,-0.13423809506910198
eu_l3,isco_level_2,PT,62,runup_from_2019_mix,-0.19415601444095743
eu_l3,isco_level_2,PT,62,runup_from_2019_pooled,-0.1902438371621748
eu_l3,isco_level_2,PT,92,runup_from_2019_mix,-0.19415601444095743
eu_l3,isco_level_2,PT,92,runup_from_2019_pooled,-0.12237825031757464
eu_l3,isco_level_2,SI,61,runup_from_2019_mix,-0.19415601444095743
eu_l3,isco_level_2,SI,61,runup_from_2019_pooled,-0.13423809506910198
eu_l3,isco_level_2,SI,92,runup_from_2019_mix,-0.19415601444095743
eu_l3,isco_level_2,SI,92,runup_from_2019_pooled,-0.12237825031757464
